[12Feb2025 17:29:51.364] [main/INFO] [cpw.mods.modlauncher.Launcher/MODLAUNCHER]: ModLauncher running: args [--launchTarget, forgeclientuserdev, --version, MOD_DEV, --assetIndex, 5, --assetsDir, C:\Users\aidan\.gradle\caches\forge_gradle\assets, --gameDir, ., --fml.forgeVersion, 47.3.22, --fml.mcVersion, 1.20.1, --fml.forgeGroup, net.minecraftforge, --fml.mcpVersion, 20230612.114412]
[12Feb2025 17:29:51.374] [main/INFO] [cpw.mods.modlauncher.Launcher/MODLAUNCHER]: ModLauncher 10.0.9+10.0.9+main.dcd20f30 starting: java version 17.0.13 by Eclipse Adoptium; OS Windows 10 arch amd64 version 10.0
[12Feb2025 17:29:51.416] [main/DEBUG] [cpw.mods.modlauncher.LaunchServiceHandler/MODLAUNCHER]: Found launch services [fmlclientdev,forgeclient,minecraft,forgegametestserverdev,fmlserveruserdev,fmlclient,fmldatauserdev,forgeserverdev,forgeserveruserdev,forgeclientdev,forgeclientuserdev,forgeserver,forgedatadev,fmlserver,fmlclientuserdev,fmlserverdev,forgedatauserdev,testharness,forgegametestserveruserdev]
[12Feb2025 17:29:51.450] [main/DEBUG] [cpw.mods.modlauncher.NameMappingServiceHandler/MODLAUNCHER]: Found naming services : [srgtomcp]
[12Feb2025 17:29:51.471] [main/DEBUG] [cpw.mods.modlauncher.LaunchPluginHandler/MODLAUNCHER]: Found launch plugins: [mixin,eventbus,slf4jfixer,object_holder_definalize,runtime_enum_extender,capability_token_subclass,accesstransformer,runtimedistcleaner]
[12Feb2025 17:29:51.488] [main/DEBUG] [cpw.mods.modlauncher.TransformationServicesHandler/MODLAUNCHER]: Discovering transformation services
[12Feb2025 17:29:51.497] [main/DEBUG] [net.minecraftforge.fml.loading.FMLPaths/CORE]: Path GAMEDIR is D:\Coding\MC\Mods\In Progress\ErrorLib\run
[12Feb2025 17:29:51.497] [main/DEBUG] [net.minecraftforge.fml.loading.FMLPaths/CORE]: Path MODSDIR is D:\Coding\MC\Mods\In Progress\ErrorLib\run\mods
[12Feb2025 17:29:51.498] [main/DEBUG] [net.minecraftforge.fml.loading.FMLPaths/CORE]: Path CONFIGDIR is D:\Coding\MC\Mods\In Progress\ErrorLib\run\config
[12Feb2025 17:29:51.498] [main/DEBUG] [net.minecraftforge.fml.loading.FMLPaths/CORE]: Path FMLCONFIG is D:\Coding\MC\Mods\In Progress\ErrorLib\run\config\fml.toml
[12Feb2025 17:29:51.570] [main/DEBUG] [cpw.mods.modlauncher.TransformationServicesHandler/MODLAUNCHER]: Found additional transformation services from discovery services: 
[12Feb2025 17:29:51.579] [main/INFO] [net.minecraftforge.fml.loading.ImmediateWindowHandler/]: Loading ImmediateWindowProvider fmlearlywindow
[12Feb2025 17:29:51.743] [main/INFO] [EARLYDISPLAY/]: Trying GL version 4.6
[12Feb2025 17:29:51.970] [main/INFO] [EARLYDISPLAY/]: Requested GL version 4.6 got version 4.6
[12Feb2025 17:29:52.038] [main/DEBUG] [cpw.mods.modlauncher.TransformationServicesHandler/MODLAUNCHER]: Found transformer services : [mixin,fml]
[12Feb2025 17:29:52.039] [main/DEBUG] [cpw.mods.modlauncher.TransformationServicesHandler/MODLAUNCHER]: Transformation services loading
[12Feb2025 17:29:52.040] [main/DEBUG] [cpw.mods.modlauncher.TransformationServiceDecorator/MODLAUNCHER]: Loading service mixin
[12Feb2025 17:29:52.041] [main/DEBUG] [cpw.mods.modlauncher.TransformationServiceDecorator/MODLAUNCHER]: Loaded service mixin
[12Feb2025 17:29:52.042] [main/DEBUG] [cpw.mods.modlauncher.TransformationServiceDecorator/MODLAUNCHER]: Loading service fml
[12Feb2025 17:29:52.044] [main/DEBUG] [net.minecraftforge.fml.loading.LauncherVersion/CORE]: Found FMLLauncher version 1.0
[12Feb2025 17:29:52.044] [main/DEBUG] [net.minecraftforge.fml.loading.FMLLoader/CORE]: FML 1.0 loading
[12Feb2025 17:29:52.045] [main/DEBUG] [net.minecraftforge.fml.loading.FMLLoader/CORE]: FML found ModLauncher version : 10.0.9+10.0.9+main.dcd20f30
[12Feb2025 17:29:52.045] [main/DEBUG] [net.minecraftforge.fml.loading.FMLLoader/CORE]: Requesting CoreMods to not apply the fix for ASMAPI.findFirstInstructionBefore by default
[12Feb2025 17:29:52.047] [main/DEBUG] [net.minecraftforge.fml.loading.FMLLoader/CORE]: FML found AccessTransformer version : 8.0.4+66+master.c09db6d7
[12Feb2025 17:29:52.047] [main/DEBUG] [net.minecraftforge.fml.loading.FMLLoader/CORE]: FML found EventBus version : 6.0.5+6.0.5+master.eb8e549b
[12Feb2025 17:29:52.048] [main/DEBUG] [net.minecraftforge.fml.loading.FMLLoader/CORE]: Found Runtime Dist Cleaner
[12Feb2025 17:29:52.051] [main/DEBUG] [net.minecraftforge.coremod.CoreModEngine/]: CoreMods will preserve legacy behavior of ASMAPI.findFirstInstructionBefore for backwards-compatibility
[12Feb2025 17:29:52.052] [main/DEBUG] [net.minecraftforge.fml.loading.FMLLoader/CORE]: FML found CoreMod version : 5.2.4
[12Feb2025 17:29:52.053] [main/DEBUG] [net.minecraftforge.fml.loading.FMLLoader/CORE]: Found ForgeSPI package implementation version 7.0.1+7.0.1+master.d2b38bf6
[12Feb2025 17:29:52.054] [main/DEBUG] [net.minecraftforge.fml.loading.FMLLoader/CORE]: Found ForgeSPI package specification 5
[12Feb2025 17:29:52.054] [main/DEBUG] [cpw.mods.modlauncher.TransformationServiceDecorator/MODLAUNCHER]: Loaded service fml
[12Feb2025 17:29:52.056] [main/DEBUG] [cpw.mods.modlauncher.TransformationServicesHandler/MODLAUNCHER]: Configuring option handling for services
[12Feb2025 17:29:52.066] [main/DEBUG] [cpw.mods.modlauncher.TransformationServicesHandler/MODLAUNCHER]: Transformation services initializing
[12Feb2025 17:29:52.068] [main/DEBUG] [cpw.mods.modlauncher.TransformationServiceDecorator/MODLAUNCHER]: Initializing transformation service mixin
[12Feb2025 17:29:52.102] [main/DEBUG] [mixin/]: MixinService [ModLauncher] was successfully booted in cpw.mods.cl.ModuleClassLoader@2e4b8173
[12Feb2025 17:29:52.121] [main/INFO] [mixin/]: SpongePowered MIXIN Subsystem Version=0.8.5 Source=union:/C:/Users/aidan/.gradle/caches/modules-2/files-2.1/org.spongepowered/mixin/0.8.5/9d1c0c3a304ae6697ecd477218fa61b850bf57fc/mixin-0.8.5.jar%23128!/ Service=ModLauncher Env=CLIENT
[12Feb2025 17:29:52.126] [main/DEBUG] [mixin/]: Initialising Mixin Platform Manager
[12Feb2025 17:29:52.126] [main/DEBUG] [mixin/]: Adding mixin platform agents for container ModLauncher Root Container(ModLauncher:4f56a0a2)
[12Feb2025 17:29:52.127] [main/DEBUG] [mixin/]: Instancing new MixinPlatformAgentMinecraftForge for ModLauncher Root Container(ModLauncher:4f56a0a2)
[12Feb2025 17:29:52.128] [main/DEBUG] [mixin/]: MixinPlatformAgentMinecraftForge rejected container ModLauncher Root Container(ModLauncher:4f56a0a2)
[12Feb2025 17:29:52.129] [main/DEBUG] [mixin/]: Instancing new MixinPlatformAgentDefault for ModLauncher Root Container(ModLauncher:4f56a0a2)
[12Feb2025 17:29:52.130] [main/DEBUG] [mixin/]: MixinPlatformAgentDefault accepted container ModLauncher Root Container(ModLauncher:4f56a0a2)
[12Feb2025 17:29:52.133] [main/DEBUG] [cpw.mods.modlauncher.TransformationServiceDecorator/MODLAUNCHER]: Initialized transformation service mixin
[12Feb2025 17:29:52.133] [main/DEBUG] [cpw.mods.modlauncher.TransformationServiceDecorator/MODLAUNCHER]: Initializing transformation service fml
[12Feb2025 17:29:52.134] [main/DEBUG] [net.minecraftforge.fml.loading.FMLServiceProvider/CORE]: Setting up basic FML game directories
[12Feb2025 17:29:52.135] [main/DEBUG] [net.minecraftforge.fml.loading.FMLPaths/CORE]: Path GAMEDIR is D:\Coding\MC\Mods\In Progress\ErrorLib\run
[12Feb2025 17:29:52.135] [main/DEBUG] [net.minecraftforge.fml.loading.FMLPaths/CORE]: Path MODSDIR is D:\Coding\MC\Mods\In Progress\ErrorLib\run\mods
[12Feb2025 17:29:52.136] [main/DEBUG] [net.minecraftforge.fml.loading.FMLPaths/CORE]: Path CONFIGDIR is D:\Coding\MC\Mods\In Progress\ErrorLib\run\config
[12Feb2025 17:29:52.136] [main/DEBUG] [net.minecraftforge.fml.loading.FMLPaths/CORE]: Path FMLCONFIG is D:\Coding\MC\Mods\In Progress\ErrorLib\run\config\fml.toml
[12Feb2025 17:29:52.136] [main/DEBUG] [net.minecraftforge.fml.loading.FMLServiceProvider/CORE]: Loading configuration
[12Feb2025 17:29:52.140] [main/DEBUG] [net.minecraftforge.fml.loading.FMLServiceProvider/CORE]: Preparing ModFile
[12Feb2025 17:29:52.144] [main/DEBUG] [net.minecraftforge.fml.loading.FMLServiceProvider/CORE]: Preparing launch handler
[12Feb2025 17:29:52.144] [main/DEBUG] [net.minecraftforge.fml.loading.FMLLoader/CORE]: Using forgeclientuserdev as launch service
[12Feb2025 17:29:52.163] [main/DEBUG] [net.minecraftforge.fml.loading.FMLLoader/CORE]: Received command line version data  : VersionInfo[forgeVersion=47.3.22, mcVersion=1.20.1, mcpVersion=20230612.114412, forgeGroup=net.minecraftforge]
[12Feb2025 17:29:52.166] [main/DEBUG] [cpw.mods.modlauncher.TransformationServiceDecorator/MODLAUNCHER]: Initialized transformation service fml
[12Feb2025 17:29:52.166] [main/DEBUG] [cpw.mods.modlauncher.NameMappingServiceHandler/MODLAUNCHER]: Current naming domain is 'mcp'
[12Feb2025 17:29:52.167] [main/DEBUG] [cpw.mods.modlauncher.NameMappingServiceHandler/MODLAUNCHER]: Identified name mapping providers {srg=srgtomcp:1234}
[12Feb2025 17:29:52.167] [main/DEBUG] [cpw.mods.modlauncher.TransformationServicesHandler/MODLAUNCHER]: Transformation services begin scanning
[12Feb2025 17:29:52.169] [main/DEBUG] [cpw.mods.modlauncher.TransformationServiceDecorator/MODLAUNCHER]: Beginning scan trigger - transformation service mixin
[12Feb2025 17:29:52.170] [main/DEBUG] [cpw.mods.modlauncher.TransformationServiceDecorator/MODLAUNCHER]: End scan trigger - transformation service mixin
[12Feb2025 17:29:52.170] [main/DEBUG] [cpw.mods.modlauncher.TransformationServiceDecorator/MODLAUNCHER]: Beginning scan trigger - transformation service fml
[12Feb2025 17:29:52.170] [main/DEBUG] [net.minecraftforge.fml.loading.FMLServiceProvider/CORE]: Initiating mod scan
[12Feb2025 17:29:52.184] [pool-2-thread-1/INFO] [EARLYDISPLAY/]: GL info: NVIDIA GeForce GTX 670/PCIe/SSE2 GL version 4.6.0 NVIDIA 475.14, NVIDIA Corporation
[12Feb2025 17:29:52.191] [main/DEBUG] [net.minecraftforge.fml.loading.moddiscovery.ModListHandler/CORE]: Found mod coordinates from lists: []
[12Feb2025 17:29:52.196] [main/DEBUG] [net.minecraftforge.fml.loading.moddiscovery.ModDiscoverer/CORE]: Found Mod Locators : (mods folder:null),(maven libs:null),(exploded directory:null),(minecraft:null),(userdev classpath:null)
[12Feb2025 17:29:52.197] [main/DEBUG] [net.minecraftforge.fml.loading.moddiscovery.ModDiscoverer/CORE]: Found Dependency Locators : (JarInJar:null)
[12Feb2025 17:29:52.205] [main/DEBUG] [net.minecraftforge.fml.loading.targets.CommonLaunchHandler/CORE]: Got mod coordinates errorlib%%D:\Coding\MC\Mods\In Progress\ErrorLib\build\resources\main;errorlib%%D:\Coding\MC\Mods\In Progress\ErrorLib\build\classes\java\main from env
[12Feb2025 17:29:52.207] [main/DEBUG] [net.minecraftforge.fml.loading.targets.CommonLaunchHandler/CORE]: Found supplied mod coordinates [{errorlib=[D:\Coding\MC\Mods\In Progress\ErrorLib\build\resources\main, D:\Coding\MC\Mods\In Progress\ErrorLib\build\classes\java\main]}]
[12Feb2025 17:29:52.633] [main/DEBUG] [net.minecraftforge.fml.loading.moddiscovery.ModFileInfo/LOADING]: Found valid mod file forge-1.20.1-47.3.22_mapped_parchment_2023.09.03-1.20.1-recomp.jar with {minecraft} mods - versions {1.20.1}
[12Feb2025 17:29:52.640] [main/DEBUG] [net.minecraftforge.fml.loading.moddiscovery.ModFileParser/LOADING]: Considering mod file candidate C:\Users\aidan\.gradle\caches\modules-2\files-2.1\net.minecraftforge\javafmllanguage\1.20.1-47.3.22\9a1d96e9108940786d846c8cc0dac07100e79f56\javafmllanguage-1.20.1-47.3.22.jar
[12Feb2025 17:29:52.640] [main/WARN] [net.minecraftforge.fml.loading.moddiscovery.ModFileParser/LOADING]: Mod file C:\Users\aidan\.gradle\caches\modules-2\files-2.1\net.minecraftforge\javafmllanguage\1.20.1-47.3.22\9a1d96e9108940786d846c8cc0dac07100e79f56\javafmllanguage-1.20.1-47.3.22.jar is missing mods.toml file
[12Feb2025 17:29:52.649] [main/DEBUG] [net.minecraftforge.fml.loading.moddiscovery.ModFileParser/LOADING]: Considering mod file candidate C:\Users\aidan\.gradle\caches\modules-2\files-2.1\net.minecraftforge\lowcodelanguage\1.20.1-47.3.22\2529f2c27d8f8a63ee54efc81fdfc3cea2d43c8\lowcodelanguage-1.20.1-47.3.22.jar
[12Feb2025 17:29:52.650] [main/WARN] [net.minecraftforge.fml.loading.moddiscovery.ModFileParser/LOADING]: Mod file C:\Users\aidan\.gradle\caches\modules-2\files-2.1\net.minecraftforge\lowcodelanguage\1.20.1-47.3.22\2529f2c27d8f8a63ee54efc81fdfc3cea2d43c8\lowcodelanguage-1.20.1-47.3.22.jar is missing mods.toml file
[12Feb2025 17:29:52.658] [main/DEBUG] [net.minecraftforge.fml.loading.moddiscovery.ModFileParser/LOADING]: Considering mod file candidate C:\Users\aidan\.gradle\caches\modules-2\files-2.1\net.minecraftforge\mclanguage\1.20.1-47.3.22\2de14adfd8715f1956007499d8d75c6a4e6fa872\mclanguage-1.20.1-47.3.22.jar
[12Feb2025 17:29:52.658] [main/WARN] [net.minecraftforge.fml.loading.moddiscovery.ModFileParser/LOADING]: Mod file C:\Users\aidan\.gradle\caches\modules-2\files-2.1\net.minecraftforge\mclanguage\1.20.1-47.3.22\2de14adfd8715f1956007499d8d75c6a4e6fa872\mclanguage-1.20.1-47.3.22.jar is missing mods.toml file
[12Feb2025 17:29:52.665] [main/DEBUG] [net.minecraftforge.fml.loading.moddiscovery.ModFileParser/LOADING]: Considering mod file candidate C:\Users\aidan\.gradle\caches\modules-2\files-2.1\net.minecraftforge\fmlcore\1.20.1-47.3.22\cf26aeb747e0d323f8eed9b00ebfb783282d5837\fmlcore-1.20.1-47.3.22.jar
[12Feb2025 17:29:52.665] [main/WARN] [net.minecraftforge.fml.loading.moddiscovery.ModFileParser/LOADING]: Mod file C:\Users\aidan\.gradle\caches\modules-2\files-2.1\net.minecraftforge\fmlcore\1.20.1-47.3.22\cf26aeb747e0d323f8eed9b00ebfb783282d5837\fmlcore-1.20.1-47.3.22.jar is missing mods.toml file
[12Feb2025 17:29:52.675] [main/DEBUG] [net.minecraftforge.fml.loading.moddiscovery.ModFileParser/LOADING]: Considering mod file candidate D:\Coding\MC\Mods\In Progress\ErrorLib\build\resources\main
[12Feb2025 17:29:52.695] [main/DEBUG] [net.minecraftforge.fml.loading.moddiscovery.ModFileInfo/LOADING]: Found valid mod file main with {errorlib} mods - versions {2.1.1-1.20.1}
[12Feb2025 17:29:52.699] [main/DEBUG] [net.minecraftforge.fml.loading.moddiscovery.ModFileParser/LOADING]: Considering mod file candidate /
[12Feb2025 17:29:52.703] [main/DEBUG] [net.minecraftforge.fml.loading.moddiscovery.ModFileInfo/LOADING]: Found valid mod file  with {forge} mods - versions {47.3.22}
[12Feb2025 17:29:52.780] [main/DEBUG] [net.minecraftforge.fml.loading.moddiscovery.AbstractJarFileDependencyLocator/]: Failed to load resource META-INF\jarjar\metadata.json from forge-1.20.1-47.3.22_mapped_parchment_2023.09.03-1.20.1-recomp.jar, it does not contain dependency information.
[12Feb2025 17:29:52.781] [main/DEBUG] [net.minecraftforge.fml.loading.moddiscovery.AbstractJarFileDependencyLocator/]: Failed to load resource META-INF\jarjar\metadata.json from , it does not contain dependency information.
[12Feb2025 17:29:52.782] [main/DEBUG] [net.minecraftforge.fml.loading.moddiscovery.AbstractJarFileDependencyLocator/]: Failed to load resource META-INF\jarjar\metadata.json from main, it does not contain dependency information.
[12Feb2025 17:29:52.782] [main/DEBUG] [net.minecraftforge.fml.loading.moddiscovery.AbstractJarFileDependencyLocator/]: Failed to load resource META-INF\jarjar\metadata.json from mclanguage-1.20.1-47.3.22.jar, it does not contain dependency information.
[12Feb2025 17:29:52.782] [main/DEBUG] [net.minecraftforge.fml.loading.moddiscovery.AbstractJarFileDependencyLocator/]: Failed to load resource META-INF\jarjar\metadata.json from javafmllanguage-1.20.1-47.3.22.jar, it does not contain dependency information.
[12Feb2025 17:29:52.783] [main/DEBUG] [net.minecraftforge.fml.loading.moddiscovery.AbstractJarFileDependencyLocator/]: Failed to load resource META-INF\jarjar\metadata.json from fmlcore-1.20.1-47.3.22.jar, it does not contain dependency information.
[12Feb2025 17:29:52.783] [main/DEBUG] [net.minecraftforge.fml.loading.moddiscovery.AbstractJarFileDependencyLocator/]: Failed to load resource META-INF\jarjar\metadata.json from lowcodelanguage-1.20.1-47.3.22.jar, it does not contain dependency information.
[12Feb2025 17:29:52.843] [main/INFO] [net.minecraftforge.fml.loading.moddiscovery.JarInJarDependencyLocator/]: No dependencies to load found. Skipping!
[12Feb2025 17:29:52.850] [main/DEBUG] [net.minecraftforge.fml.loading.moddiscovery.ModFileInfo/LOADING]: Found valid mod file forge-1.20.1-47.3.22_mapped_parchment_2023.09.03-1.20.1-recomp.jar with {minecraft} mods - versions {1.20.1}
[12Feb2025 17:29:52.854] [main/DEBUG] [net.minecraftforge.fml.loading.moddiscovery.ModFile/LOADING]: Loading mod file C:\Users\aidan\.gradle\caches\forge_gradle\minecraft_user_repo\net\minecraftforge\forge\1.20.1-47.3.22_mapped_parchment_2023.09.03-1.20.1\forge-1.20.1-47.3.22_mapped_parchment_2023.09.03-1.20.1-recomp.jar with languages [LanguageSpec[languageName=minecraft, acceptedVersions=1]]
[12Feb2025 17:29:52.856] [main/DEBUG] [net.minecraftforge.fml.loading.moddiscovery.ModFileParser/LOADING]: Considering mod file candidate /
[12Feb2025 17:29:52.859] [main/DEBUG] [net.minecraftforge.fml.loading.moddiscovery.ModFileInfo/LOADING]: Found valid mod file  with {forge} mods - versions {47.3.22}
[12Feb2025 17:29:52.859] [main/DEBUG] [net.minecraftforge.fml.loading.moddiscovery.ModFile/LOADING]: Loading mod file / with languages [LanguageSpec[languageName=javafml, acceptedVersions=[24,]]]
[12Feb2025 17:29:52.967] [main/DEBUG] [net.minecraftforge.fml.loading.moddiscovery.ModFileParser/LOADING]: Found coremod field_to_method with Javascript path coremods/field_to_method.js
[12Feb2025 17:29:52.968] [main/DEBUG] [net.minecraftforge.fml.loading.moddiscovery.ModFileParser/LOADING]: Found coremod field_to_instanceof with Javascript path coremods/field_to_instanceof.js
[12Feb2025 17:29:52.968] [main/DEBUG] [net.minecraftforge.fml.loading.moddiscovery.ModFileParser/LOADING]: Found coremod add_bouncer_method with Javascript path coremods/add_bouncer_method.js
[12Feb2025 17:29:52.969] [main/DEBUG] [net.minecraftforge.fml.loading.moddiscovery.ModFileParser/LOADING]: Found coremod method_redirector with Javascript path coremods/method_redirector.js
[12Feb2025 17:29:52.969] [main/DEBUG] [net.minecraftforge.fml.loading.moddiscovery.ModFile/LOADING]: Found coremod coremods/field_to_method.js
[12Feb2025 17:29:52.969] [main/DEBUG] [net.minecraftforge.fml.loading.moddiscovery.ModFile/LOADING]: Found coremod coremods/field_to_instanceof.js
[12Feb2025 17:29:52.969] [main/DEBUG] [net.minecraftforge.fml.loading.moddiscovery.ModFile/LOADING]: Found coremod coremods/add_bouncer_method.js
[12Feb2025 17:29:52.969] [main/DEBUG] [net.minecraftforge.fml.loading.moddiscovery.ModFile/LOADING]: Found coremod coremods/method_redirector.js
[12Feb2025 17:29:52.970] [main/DEBUG] [net.minecraftforge.fml.loading.moddiscovery.ModFileParser/LOADING]: Considering mod file candidate D:\Coding\MC\Mods\In Progress\ErrorLib\build\resources\main
[12Feb2025 17:29:52.975] [main/DEBUG] [net.minecraftforge.fml.loading.moddiscovery.ModFileInfo/LOADING]: Found valid mod file main with {errorlib} mods - versions {2.1.1-1.20.1}
[12Feb2025 17:29:52.976] [main/DEBUG] [net.minecraftforge.fml.loading.moddiscovery.ModFile/LOADING]: Loading mod file D:\Coding\MC\Mods\In Progress\ErrorLib\build\resources\main with languages [LanguageSpec[languageName=javafml, acceptedVersions=47.3.22]]
[12Feb2025 17:29:52.978] [main/DEBUG] [cpw.mods.modlauncher.TransformationServiceDecorator/MODLAUNCHER]: End scan trigger - transformation service fml
[12Feb2025 17:29:53.009] [main/DEBUG] [net.minecraftforge.fml.loading.LanguageLoadingProvider/CORE]: Found 3 language providers
[12Feb2025 17:29:53.010] [main/DEBUG] [net.minecraftforge.fml.loading.LanguageLoadingProvider/CORE]: Found language provider minecraft, version 1.0
[12Feb2025 17:29:53.012] [main/DEBUG] [net.minecraftforge.fml.loading.LanguageLoadingProvider/CORE]: Found language provider lowcodefml, version 47
[12Feb2025 17:29:53.012] [main/DEBUG] [net.minecraftforge.fml.loading.LanguageLoadingProvider/CORE]: Found language provider javafml, version 47
[12Feb2025 17:29:53.021] [main/DEBUG] [net.minecraftforge.fml.loading.ModSorter/]: Configured system mods: [minecraft, forge]
[12Feb2025 17:29:53.022] [main/DEBUG] [net.minecraftforge.fml.loading.ModSorter/]: Found system mod: minecraft
[12Feb2025 17:29:53.022] [main/DEBUG] [net.minecraftforge.fml.loading.ModSorter/]: Found system mod: forge
[12Feb2025 17:29:53.027] [main/DEBUG] [net.minecraftforge.fml.loading.ModSorter/LOADING]: Found 2 mod requirements (2 mandatory, 0 optional)
[12Feb2025 17:29:53.028] [main/DEBUG] [net.minecraftforge.fml.loading.ModSorter/LOADING]: Found 0 mod requirements missing (0 mandatory, 0 optional)
[12Feb2025 17:29:53.672] [main/DEBUG] [net.minecraftforge.fml.loading.MCPNamingService/CORE]: Loaded 34318 method mappings from methods.csv
[12Feb2025 17:29:53.705] [main/DEBUG] [net.minecraftforge.fml.loading.MCPNamingService/CORE]: Loaded 31014 field mappings from fields.csv
[12Feb2025 17:29:53.804] [main/DEBUG] [cpw.mods.modlauncher.TransformationServicesHandler/MODLAUNCHER]: Transformation services loading transformers
[12Feb2025 17:29:53.806] [main/DEBUG] [cpw.mods.modlauncher.TransformationServiceDecorator/MODLAUNCHER]: Initializing transformers for transformation service mixin
[12Feb2025 17:29:53.807] [main/DEBUG] [cpw.mods.modlauncher.TransformationServiceDecorator/MODLAUNCHER]: Initialized transformers for transformation service mixin
[12Feb2025 17:29:53.807] [main/DEBUG] [cpw.mods.modlauncher.TransformationServiceDecorator/MODLAUNCHER]: Initializing transformers for transformation service fml
[12Feb2025 17:29:53.807] [main/DEBUG] [net.minecraftforge.fml.loading.FMLServiceProvider/CORE]: Loading coremod transformers
[12Feb2025 17:29:53.807] [main/DEBUG] [net.minecraftforge.coremod.CoreModEngine/COREMOD]: Loading CoreMod from coremods/field_to_method.js
[12Feb2025 17:29:54.062] [main/DEBUG] [net.minecraftforge.coremod.CoreModEngine/COREMOD]: CoreMod loaded successfully
[12Feb2025 17:29:54.062] [main/DEBUG] [net.minecraftforge.coremod.CoreModEngine/COREMOD]: Loading CoreMod from coremods/field_to_instanceof.js
[12Feb2025 17:29:54.185] [main/DEBUG] [net.minecraftforge.coremod.CoreModEngine/COREMOD]: CoreMod loaded successfully
[12Feb2025 17:29:54.185] [main/DEBUG] [net.minecraftforge.coremod.CoreModEngine/COREMOD]: Loading CoreMod from coremods/add_bouncer_method.js
[12Feb2025 17:29:54.238] [main/DEBUG] [net.minecraftforge.coremod.CoreModEngine/COREMOD]: CoreMod loaded successfully
[12Feb2025 17:29:54.239] [main/DEBUG] [net.minecraftforge.coremod.CoreModEngine/COREMOD]: Loading CoreMod from coremods/method_redirector.js
[12Feb2025 17:29:54.334] [main/DEBUG] [net.minecraftforge.coremod.CoreModEngine/COREMOD]: CoreMod loaded successfully
[12Feb2025 17:29:54.351] [main/DEBUG] [cpw.mods.modlauncher.TransformStore/MODLAUNCHER]: Adding transformer net.minecraftforge.coremod.transformer.CoreModClassTransformer@57c00115 to Target : CLASS {Lnet/minecraft/world/level/biome/Biome;} {} {V}
[12Feb2025 17:29:54.353] [main/DEBUG] [cpw.mods.modlauncher.TransformStore/MODLAUNCHER]: Adding transformer net.minecraftforge.coremod.transformer.CoreModClassTransformer@7930ffa9 to Target : CLASS {Lnet/minecraft/world/level/levelgen/structure/Structure;} {} {V}
[12Feb2025 17:29:54.353] [main/DEBUG] [cpw.mods.modlauncher.TransformStore/MODLAUNCHER]: Adding transformer net.minecraftforge.coremod.transformer.CoreModClassTransformer@1e60b459 to Target : CLASS {Lnet/minecraft/world/effect/MobEffectInstance;} {} {V}
[12Feb2025 17:29:54.354] [main/DEBUG] [cpw.mods.modlauncher.TransformStore/MODLAUNCHER]: Adding transformer net.minecraftforge.coremod.transformer.CoreModClassTransformer@717d7587 to Target : CLASS {Lnet/minecraft/world/level/block/LiquidBlock;} {} {V}
[12Feb2025 17:29:54.354] [main/DEBUG] [cpw.mods.modlauncher.TransformStore/MODLAUNCHER]: Adding transformer net.minecraftforge.coremod.transformer.CoreModClassTransformer@3e906375 to Target : CLASS {Lnet/minecraft/world/item/BucketItem;} {} {V}
[12Feb2025 17:29:54.354] [main/DEBUG] [cpw.mods.modlauncher.TransformStore/MODLAUNCHER]: Adding transformer net.minecraftforge.coremod.transformer.CoreModClassTransformer@40230eb9 to Target : CLASS {Lnet/minecraft/world/level/block/StairBlock;} {} {V}
[12Feb2025 17:29:54.354] [main/DEBUG] [cpw.mods.modlauncher.TransformStore/MODLAUNCHER]: Adding transformer net.minecraftforge.coremod.transformer.CoreModClassTransformer@5b7aa898 to Target : CLASS {Lnet/minecraft/world/level/block/FlowerPotBlock;} {} {V}
[12Feb2025 17:29:54.355] [main/DEBUG] [cpw.mods.modlauncher.TransformStore/MODLAUNCHER]: Adding transformer net.minecraftforge.coremod.transformer.CoreModClassTransformer@41b13f3d to Target : CLASS {Lnet/minecraft/world/item/ItemStack;} {} {V}
[12Feb2025 17:29:54.355] [main/DEBUG] [cpw.mods.modlauncher.TransformStore/MODLAUNCHER]: Adding transformer net.minecraftforge.coremod.transformer.CoreModClassTransformer@7c0777b5 to Target : CLASS {Lnet/minecraft/network/play/client/CClientSettingsPacket;} {} {V}
[12Feb2025 17:29:54.355] [main/DEBUG] [cpw.mods.modlauncher.TransformStore/MODLAUNCHER]: Adding transformer net.minecraftforge.coremod.transformer.CoreModClassTransformer@2489e84a to Target : CLASS {Lnet/minecraft/world/level/levelgen/PatrolSpawner;} {} {V}
[12Feb2025 17:29:54.355] [main/DEBUG] [cpw.mods.modlauncher.TransformStore/MODLAUNCHER]: Adding transformer net.minecraftforge.coremod.transformer.CoreModClassTransformer@2489e84a to Target : CLASS {Lnet/minecraft/world/entity/animal/horse/SkeletonTrapGoal;} {} {V}
[12Feb2025 17:29:54.356] [main/DEBUG] [cpw.mods.modlauncher.TransformStore/MODLAUNCHER]: Adding transformer net.minecraftforge.coremod.transformer.CoreModClassTransformer@2489e84a to Target : CLASS {Lnet/minecraft/world/entity/monster/Spider;} {} {V}
[12Feb2025 17:29:54.356] [main/DEBUG] [cpw.mods.modlauncher.TransformStore/MODLAUNCHER]: Adding transformer net.minecraftforge.coremod.transformer.CoreModClassTransformer@2489e84a to Target : CLASS {Lnet/minecraft/server/commands/RaidCommand;} {} {V}
[12Feb2025 17:29:54.356] [main/DEBUG] [cpw.mods.modlauncher.TransformStore/MODLAUNCHER]: Adding transformer net.minecraftforge.coremod.transformer.CoreModClassTransformer@2489e84a to Target : CLASS {Lnet/minecraft/world/entity/ai/village/VillageSiege;} {} {V}
[12Feb2025 17:29:54.356] [main/DEBUG] [cpw.mods.modlauncher.TransformStore/MODLAUNCHER]: Adding transformer net.minecraftforge.coremod.transformer.CoreModClassTransformer@2489e84a to Target : CLASS {Lnet/minecraft/world/level/levelgen/structure/structures/OceanMonumentPieces$OceanMonumentPiece;} {} {V}
[12Feb2025 17:29:54.357] [main/DEBUG] [cpw.mods.modlauncher.TransformStore/MODLAUNCHER]: Adding transformer net.minecraftforge.coremod.transformer.CoreModClassTransformer@2489e84a to Target : CLASS {Lnet/minecraft/world/level/NaturalSpawner;} {} {V}
[12Feb2025 17:29:54.357] [main/DEBUG] [cpw.mods.modlauncher.TransformStore/MODLAUNCHER]: Adding transformer net.minecraftforge.coremod.transformer.CoreModClassTransformer@2489e84a to Target : CLASS {Lnet/minecraft/world/entity/raid/Raid;} {} {V}
[12Feb2025 17:29:54.357] [main/DEBUG] [cpw.mods.modlauncher.TransformStore/MODLAUNCHER]: Adding transformer net.minecraftforge.coremod.transformer.CoreModClassTransformer@2489e84a to Target : CLASS {Lnet/minecraft/world/entity/monster/Strider;} {} {V}
[12Feb2025 17:29:54.357] [main/DEBUG] [cpw.mods.modlauncher.TransformStore/MODLAUNCHER]: Adding transformer net.minecraftforge.coremod.transformer.CoreModClassTransformer@2489e84a to Target : CLASS {Lnet/minecraft/world/entity/npc/CatSpawner;} {} {V}
[12Feb2025 17:29:54.357] [main/DEBUG] [cpw.mods.modlauncher.TransformStore/MODLAUNCHER]: Adding transformer net.minecraftforge.coremod.transformer.CoreModClassTransformer@2489e84a to Target : CLASS {Lnet/minecraft/world/level/levelgen/structure/structures/WoodlandMansionPieces$WoodlandMansionPiece;} {} {V}
[12Feb2025 17:29:54.358] [main/DEBUG] [cpw.mods.modlauncher.TransformStore/MODLAUNCHER]: Adding transformer net.minecraftforge.coremod.transformer.CoreModClassTransformer@2489e84a to Target : CLASS {Lnet/minecraft/world/level/levelgen/structure/structures/OceanRuinPieces$OceanRuinPiece;} {} {V}
[12Feb2025 17:29:54.358] [main/DEBUG] [cpw.mods.modlauncher.TransformStore/MODLAUNCHER]: Adding transformer net.minecraftforge.coremod.transformer.CoreModClassTransformer@2489e84a to Target : CLASS {Lnet/minecraft/world/level/levelgen/PhantomSpawner;} {} {V}
[12Feb2025 17:29:54.358] [main/DEBUG] [cpw.mods.modlauncher.TransformStore/MODLAUNCHER]: Adding transformer net.minecraftforge.coremod.transformer.CoreModClassTransformer@2489e84a to Target : CLASS {Lnet/minecraft/world/level/levelgen/structure/templatesystem/StructureTemplate;} {} {V}
[12Feb2025 17:29:54.358] [main/DEBUG] [cpw.mods.modlauncher.TransformStore/MODLAUNCHER]: Adding transformer net.minecraftforge.coremod.transformer.CoreModClassTransformer@2489e84a to Target : CLASS {Lnet/minecraft/world/entity/animal/frog/Tadpole;} {} {V}
[12Feb2025 17:29:54.359] [main/DEBUG] [cpw.mods.modlauncher.TransformStore/MODLAUNCHER]: Adding transformer net.minecraftforge.coremod.transformer.CoreModClassTransformer@2489e84a to Target : CLASS {Lnet/minecraft/world/entity/monster/Zombie;} {} {V}
[12Feb2025 17:29:54.359] [main/DEBUG] [cpw.mods.modlauncher.TransformStore/MODLAUNCHER]: Adding transformer net.minecraftforge.coremod.transformer.CoreModClassTransformer@2489e84a to Target : CLASS {Lnet/minecraft/server/commands/SummonCommand;} {} {V}
[12Feb2025 17:29:54.359] [main/DEBUG] [cpw.mods.modlauncher.TransformStore/MODLAUNCHER]: Adding transformer net.minecraftforge.coremod.transformer.CoreModClassTransformer@2489e84a to Target : CLASS {Lnet/minecraft/world/entity/EntityType;} {} {V}
[12Feb2025 17:29:54.359] [main/DEBUG] [cpw.mods.modlauncher.TransformStore/MODLAUNCHER]: Adding transformer net.minecraftforge.coremod.transformer.CoreModClassTransformer@2489e84a to Target : CLASS {Lnet/minecraft/world/entity/monster/ZombieVillager;} {} {V}
[12Feb2025 17:29:54.360] [main/DEBUG] [cpw.mods.modlauncher.TransformStore/MODLAUNCHER]: Adding transformer net.minecraftforge.coremod.transformer.CoreModClassTransformer@2489e84a to Target : CLASS {Lnet/minecraft/world/entity/monster/Evoker$EvokerSummonSpellGoal;} {} {V}
[12Feb2025 17:29:54.360] [main/DEBUG] [cpw.mods.modlauncher.TransformStore/MODLAUNCHER]: Adding transformer net.minecraftforge.coremod.transformer.CoreModClassTransformer@2489e84a to Target : CLASS {Lnet/minecraft/world/entity/npc/Villager;} {} {V}
[12Feb2025 17:29:54.360] [main/DEBUG] [cpw.mods.modlauncher.TransformStore/MODLAUNCHER]: Adding transformer net.minecraftforge.coremod.transformer.CoreModClassTransformer@2489e84a to Target : CLASS {Lnet/minecraft/world/level/levelgen/structure/structures/SwampHutPiece;} {} {V}
[12Feb2025 17:29:54.360] [main/DEBUG] [cpw.mods.modlauncher.TransformationServiceDecorator/MODLAUNCHER]: Initialized transformers for transformation service fml
[12Feb2025 17:29:54.861] [main/DEBUG] [mixin/]: Processing prepare() for PlatformAgent[MixinPlatformAgentDefault:ModLauncher Root Container(ModLauncher:4f56a0a2)]
[12Feb2025 17:29:54.861] [main/DEBUG] [mixin/]: Processing launch tasks for PlatformAgent[MixinPlatformAgentDefault:ModLauncher Root Container(ModLauncher:4f56a0a2)]
[12Feb2025 17:29:54.862] [main/DEBUG] [mixin/]: Adding mixin platform agents for container SecureJarResource(minecraft)
[12Feb2025 17:29:54.862] [main/DEBUG] [mixin/]: Instancing new MixinPlatformAgentMinecraftForge for SecureJarResource(minecraft)
[12Feb2025 17:29:54.862] [main/DEBUG] [mixin/]: MixinPlatformAgentMinecraftForge rejected container SecureJarResource(minecraft)
[12Feb2025 17:29:54.862] [main/DEBUG] [mixin/]: Instancing new MixinPlatformAgentDefault for SecureJarResource(minecraft)
[12Feb2025 17:29:54.863] [main/DEBUG] [mixin/]: MixinPlatformAgentDefault accepted container SecureJarResource(minecraft)
[12Feb2025 17:29:54.863] [main/DEBUG] [mixin/]: Processing prepare() for PlatformAgent[MixinPlatformAgentDefault:SecureJarResource(minecraft)]
[12Feb2025 17:29:54.863] [main/DEBUG] [mixin/]: Adding mixin platform agents for container SecureJarResource(forge)
[12Feb2025 17:29:54.863] [main/DEBUG] [mixin/]: Instancing new MixinPlatformAgentMinecraftForge for SecureJarResource(forge)
[12Feb2025 17:29:54.864] [main/DEBUG] [mixin/]: MixinPlatformAgentMinecraftForge rejected container SecureJarResource(forge)
[12Feb2025 17:29:54.864] [main/DEBUG] [mixin/]: Instancing new MixinPlatformAgentDefault for SecureJarResource(forge)
[12Feb2025 17:29:54.864] [main/DEBUG] [mixin/]: MixinPlatformAgentDefault accepted container SecureJarResource(forge)
[12Feb2025 17:29:54.864] [main/DEBUG] [mixin/]: Processing prepare() for PlatformAgent[MixinPlatformAgentDefault:SecureJarResource(forge)]
[12Feb2025 17:29:54.864] [main/DEBUG] [mixin/]: Adding mixin platform agents for container SecureJarResource(errorlib)
[12Feb2025 17:29:54.865] [main/DEBUG] [mixin/]: Instancing new MixinPlatformAgentMinecraftForge for SecureJarResource(errorlib)
[12Feb2025 17:29:54.865] [main/DEBUG] [mixin/]: MixinPlatformAgentMinecraftForge rejected container SecureJarResource(errorlib)
[12Feb2025 17:29:54.865] [main/DEBUG] [mixin/]: Instancing new MixinPlatformAgentDefault for SecureJarResource(errorlib)
[12Feb2025 17:29:54.865] [main/DEBUG] [mixin/]: MixinPlatformAgentDefault accepted container SecureJarResource(errorlib)
[12Feb2025 17:29:54.866] [main/DEBUG] [mixin/]: Processing prepare() for PlatformAgent[MixinPlatformAgentDefault:SecureJarResource(errorlib)]
[12Feb2025 17:29:54.866] [main/DEBUG] [mixin/]: inject() running with 4 agents
[12Feb2025 17:29:54.866] [main/DEBUG] [mixin/]: Processing inject() for PlatformAgent[MixinPlatformAgentDefault:ModLauncher Root Container(ModLauncher:4f56a0a2)]
[12Feb2025 17:29:54.866] [main/DEBUG] [mixin/]: Processing inject() for PlatformAgent[MixinPlatformAgentDefault:SecureJarResource(minecraft)]
[12Feb2025 17:29:54.867] [main/DEBUG] [mixin/]: Processing inject() for PlatformAgent[MixinPlatformAgentDefault:SecureJarResource(forge)]
[12Feb2025 17:29:54.867] [main/DEBUG] [mixin/]: Processing inject() for PlatformAgent[MixinPlatformAgentDefault:SecureJarResource(errorlib)]
[12Feb2025 17:29:54.867] [main/INFO] [cpw.mods.modlauncher.LaunchServiceHandler/MODLAUNCHER]: Launching target 'forgeclientuserdev' with arguments [--version, MOD_DEV, --gameDir, ., --assetsDir, C:\Users\aidan\.gradle\caches\forge_gradle\assets, --assetIndex, 5]
[12Feb2025 17:29:54.951] [main/DEBUG] [mixin/]: Error cleaning class output directory: .mixin.out
[12Feb2025 17:29:54.953] [main/DEBUG] [mixin/]: Preparing mixins for MixinEnvironment[DEFAULT]
[12Feb2025 17:29:55.506] [main/DEBUG] [io.netty.util.internal.logging.InternalLoggerFactory/]: Using SLF4J as the default logging framework
[12Feb2025 17:29:55.510] [main/DEBUG] [io.netty.util.ResourceLeakDetector/]: -Dio.netty.leakDetection.level: simple
[12Feb2025 17:29:55.511] [main/DEBUG] [io.netty.util.ResourceLeakDetector/]: -Dio.netty.leakDetection.targetRecords: 4
[12Feb2025 17:29:55.696] [main/DEBUG] [oshi.util.FileUtil/]: No oshi.properties file found from ClassLoader cpw.mods.modlauncher.TransformingClassLoader@659feb22
[12Feb2025 17:29:56.042] [main/DEBUG] [oshi.util.FileUtil/]: No oshi.architecture.properties file found from ClassLoader cpw.mods.modlauncher.TransformingClassLoader@659feb22
[12Feb2025 17:29:56.973] [pool-4-thread-1/DEBUG] [net.minecraftforge.coremod.transformer.CoreModBaseTransformer/COREMOD]: Transforming net/minecraft/world/entity/EntityType
[12Feb2025 17:29:57.718] [pool-4-thread-1/DEBUG] [net.minecraftforge.coremod.transformer.CoreModBaseTransformer/COREMOD]: Transforming net/minecraft/world/level/block/LiquidBlock
[12Feb2025 17:29:57.754] [pool-4-thread-1/DEBUG] [net.minecraftforge.coremod.transformer.CoreModBaseTransformer/COREMOD]: Transforming net/minecraft/world/level/block/StairBlock
[12Feb2025 17:29:57.829] [pool-4-thread-1/DEBUG] [net.minecraftforge.coremod.transformer.CoreModBaseTransformer/COREMOD]: Transforming net/minecraft/world/level/block/FlowerPotBlock
[12Feb2025 17:29:58.661] [pool-4-thread-1/DEBUG] [net.minecraftforge.coremod.transformer.CoreModBaseTransformer/COREMOD]: Transforming net/minecraft/world/item/ItemStack
[12Feb2025 17:29:59.407] [pool-4-thread-1/DEBUG] [net.minecraftforge.coremod.transformer.CoreModBaseTransformer/COREMOD]: Transforming net/minecraft/world/entity/animal/frog/Tadpole
[12Feb2025 17:29:59.455] [pool-4-thread-1/DEBUG] [net.minecraftforge.coremod.transformer.CoreModBaseTransformer/COREMOD]: Transforming net/minecraft/world/item/BucketItem
[12Feb2025 17:30:00.580] [pool-4-thread-1/DEBUG] [net.minecraftforge.coremod.transformer.CoreModBaseTransformer/COREMOD]: Transforming net/minecraft/world/entity/monster/Spider
[12Feb2025 17:30:00.659] [pool-4-thread-1/DEBUG] [net.minecraftforge.coremod.transformer.CoreModBaseTransformer/COREMOD]: Transforming net/minecraft/world/entity/monster/Zombie
[12Feb2025 17:30:00.705] [Datafixer Bootstrap/INFO] [com.mojang.datafixers.DataFixerBuilder/]: 188 Datafixer optimizations took 238 milliseconds
[12Feb2025 17:30:00.754] [pool-4-thread-1/DEBUG] [net.minecraftforge.coremod.transformer.CoreModBaseTransformer/COREMOD]: Transforming net/minecraft/world/entity/monster/ZombieVillager
[12Feb2025 17:30:00.842] [pool-4-thread-1/DEBUG] [net.minecraftforge.coremod.transformer.CoreModBaseTransformer/COREMOD]: Transforming net/minecraft/world/entity/monster/Evoker$EvokerSummonSpellGoal
[12Feb2025 17:30:01.028] [pool-4-thread-1/DEBUG] [net.minecraftforge.coremod.transformer.CoreModBaseTransformer/COREMOD]: Transforming net/minecraft/world/entity/animal/horse/SkeletonTrapGoal
[12Feb2025 17:30:01.057] [pool-4-thread-1/DEBUG] [net.minecraftforge.coremod.transformer.CoreModBaseTransformer/COREMOD]: Transforming net/minecraft/world/entity/monster/Strider
[12Feb2025 17:30:01.210] [pool-4-thread-1/DEBUG] [net.minecraftforge.coremod.transformer.CoreModBaseTransformer/COREMOD]: Transforming net/minecraft/world/entity/npc/Villager
[12Feb2025 17:30:01.405] [pool-4-thread-1/DEBUG] [net.minecraftforge.coremod.transformer.CoreModBaseTransformer/COREMOD]: Transforming net/minecraft/world/effect/MobEffectInstance
[12Feb2025 17:30:02.103] [pool-4-thread-1/DEBUG] [net.minecraftforge.coremod.transformer.CoreModBaseTransformer/COREMOD]: Transforming net/minecraft/world/level/levelgen/structure/Structure
[12Feb2025 17:30:02.147] [pool-4-thread-1/DEBUG] [net.minecraftforge.coremod.transformer.CoreModBaseTransformer/COREMOD]: Transforming net/minecraft/world/level/levelgen/structure/structures/OceanRuinPieces$OceanRuinPiece
[12Feb2025 17:30:02.169] [pool-4-thread-1/DEBUG] [net.minecraftforge.coremod.transformer.CoreModBaseTransformer/COREMOD]: Transforming net/minecraft/world/level/levelgen/structure/structures/SwampHutPiece
[12Feb2025 17:30:02.186] [pool-4-thread-1/DEBUG] [net.minecraftforge.coremod.transformer.CoreModBaseTransformer/COREMOD]: Transforming net/minecraft/world/level/levelgen/structure/structures/OceanMonumentPieces$OceanMonumentPiece
[12Feb2025 17:30:02.216] [pool-4-thread-1/DEBUG] [net.minecraftforge.coremod.transformer.CoreModBaseTransformer/COREMOD]: Transforming net/minecraft/world/level/levelgen/structure/structures/WoodlandMansionPieces$WoodlandMansionPiece
[12Feb2025 17:30:02.364] [pool-4-thread-1/DEBUG] [net.minecraftforge.coremod.transformer.CoreModBaseTransformer/COREMOD]: Transforming net/minecraft/world/level/biome/Biome
[12Feb2025 17:30:02.597] [pool-4-thread-1/DEBUG] [net.minecraftforge.registries.GameData/REGISTRIES]: Creating vanilla freeze snapshot
[12Feb2025 17:30:02.601] [pool-4-thread-1/DEBUG] [net.minecraftforge.registries.ForgeRegistry/REGISTRIES]: Registry minecraft:block Sync: VANILLA -> ACTIVE
[12Feb2025 17:30:02.625] [pool-4-thread-1/DEBUG] [net.minecraftforge.registries.ForgeRegistry/REGISTRIES]: Registry minecraft:fluid Sync: VANILLA -> ACTIVE
[12Feb2025 17:30:02.626] [pool-4-thread-1/DEBUG] [net.minecraftforge.registries.ForgeRegistry/REGISTRIES]: Registry minecraft:item Sync: VANILLA -> ACTIVE
[12Feb2025 17:30:02.644] [pool-4-thread-1/DEBUG] [net.minecraftforge.registries.ForgeRegistry/REGISTRIES]: Registry minecraft:mob_effect Sync: VANILLA -> ACTIVE
[12Feb2025 17:30:02.645] [pool-4-thread-1/DEBUG] [net.minecraftforge.registries.ForgeRegistry/REGISTRIES]: Registry minecraft:sound_event Sync: VANILLA -> ACTIVE
[12Feb2025 17:30:02.663] [pool-4-thread-1/DEBUG] [net.minecraftforge.registries.ForgeRegistry/REGISTRIES]: Registry minecraft:potion Sync: VANILLA -> ACTIVE
[12Feb2025 17:30:02.664] [pool-4-thread-1/DEBUG] [net.minecraftforge.registries.ForgeRegistry/REGISTRIES]: Registry minecraft:enchantment Sync: VANILLA -> ACTIVE
[12Feb2025 17:30:02.664] [pool-4-thread-1/DEBUG] [net.minecraftforge.registries.ForgeRegistry/REGISTRIES]: Registry minecraft:entity_type Sync: VANILLA -> ACTIVE
[12Feb2025 17:30:02.666] [pool-4-thread-1/DEBUG] [net.minecraftforge.registries.ForgeRegistry/REGISTRIES]: Registry minecraft:block_entity_type Sync: VANILLA -> ACTIVE
[12Feb2025 17:30:02.667] [pool-4-thread-1/DEBUG] [net.minecraftforge.registries.ForgeRegistry/REGISTRIES]: Registry minecraft:particle_type Sync: VANILLA -> ACTIVE
[12Feb2025 17:30:02.669] [pool-4-thread-1/DEBUG] [net.minecraftforge.registries.ForgeRegistry/REGISTRIES]: Registry minecraft:menu Sync: VANILLA -> ACTIVE
[12Feb2025 17:30:02.670] [pool-4-thread-1/DEBUG] [net.minecraftforge.registries.ForgeRegistry/REGISTRIES]: Registry minecraft:painting_variant Sync: VANILLA -> ACTIVE
[12Feb2025 17:30:02.670] [pool-4-thread-1/DEBUG] [net.minecraftforge.registries.ForgeRegistry/REGISTRIES]: Registry minecraft:recipe_type Sync: VANILLA -> ACTIVE
[12Feb2025 17:30:02.671] [pool-4-thread-1/DEBUG] [net.minecraftforge.registries.ForgeRegistry/REGISTRIES]: Registry minecraft:recipe_serializer Sync: VANILLA -> ACTIVE
[12Feb2025 17:30:02.671] [pool-4-thread-1/DEBUG] [net.minecraftforge.registries.ForgeRegistry/REGISTRIES]: Registry minecraft:attribute Sync: VANILLA -> ACTIVE
[12Feb2025 17:30:02.672] [pool-4-thread-1/DEBUG] [net.minecraftforge.registries.ForgeRegistry/REGISTRIES]: Registry minecraft:stat_type Sync: VANILLA -> ACTIVE
[12Feb2025 17:30:02.672] [pool-4-thread-1/DEBUG] [net.minecraftforge.registries.ForgeRegistry/REGISTRIES]: Registry minecraft:command_argument_type Sync: VANILLA -> ACTIVE
[12Feb2025 17:30:02.673] [pool-4-thread-1/DEBUG] [net.minecraftforge.registries.ForgeRegistry/REGISTRIES]: Registry minecraft:villager_profession Sync: VANILLA -> ACTIVE
[12Feb2025 17:30:02.674] [pool-4-thread-1/DEBUG] [net.minecraftforge.registries.ForgeRegistry/REGISTRIES]: Registry minecraft:point_of_interest_type Sync: VANILLA -> ACTIVE
[12Feb2025 17:30:02.678] [pool-4-thread-1/DEBUG] [net.minecraftforge.registries.ForgeRegistry/REGISTRIES]: Registry minecraft:memory_module_type Sync: VANILLA -> ACTIVE
[12Feb2025 17:30:02.680] [pool-4-thread-1/DEBUG] [net.minecraftforge.registries.ForgeRegistry/REGISTRIES]: Registry minecraft:sensor_type Sync: VANILLA -> ACTIVE
[12Feb2025 17:30:02.681] [pool-4-thread-1/DEBUG] [net.minecraftforge.registries.ForgeRegistry/REGISTRIES]: Registry minecraft:schedule Sync: VANILLA -> ACTIVE
[12Feb2025 17:30:02.681] [pool-4-thread-1/DEBUG] [net.minecraftforge.registries.ForgeRegistry/REGISTRIES]: Registry minecraft:activity Sync: VANILLA -> ACTIVE
[12Feb2025 17:30:02.682] [pool-4-thread-1/DEBUG] [net.minecraftforge.registries.ForgeRegistry/REGISTRIES]: Registry minecraft:worldgen/carver Sync: VANILLA -> ACTIVE
[12Feb2025 17:30:02.682] [pool-4-thread-1/DEBUG] [net.minecraftforge.registries.ForgeRegistry/REGISTRIES]: Registry minecraft:worldgen/feature Sync: VANILLA -> ACTIVE
[12Feb2025 17:30:02.683] [pool-4-thread-1/DEBUG] [net.minecraftforge.registries.ForgeRegistry/REGISTRIES]: Registry minecraft:chunk_status Sync: VANILLA -> ACTIVE
[12Feb2025 17:30:02.684] [pool-4-thread-1/DEBUG] [net.minecraftforge.registries.ForgeRegistry/REGISTRIES]: Registry minecraft:worldgen/block_state_provider_type Sync: VANILLA -> ACTIVE
[12Feb2025 17:30:02.684] [pool-4-thread-1/DEBUG] [net.minecraftforge.registries.ForgeRegistry/REGISTRIES]: Registry minecraft:worldgen/foliage_placer_type Sync: VANILLA -> ACTIVE
[12Feb2025 17:30:02.684] [pool-4-thread-1/DEBUG] [net.minecraftforge.registries.ForgeRegistry/REGISTRIES]: Registry minecraft:worldgen/tree_decorator_type Sync: VANILLA -> ACTIVE
[12Feb2025 17:30:02.685] [pool-4-thread-1/DEBUG] [net.minecraftforge.registries.ForgeRegistry/REGISTRIES]: Registry minecraft:worldgen/biome Sync: VANILLA -> ACTIVE
[12Feb2025 17:30:02.690] [pool-4-thread-1/DEBUG] [net.minecraftforge.registries.GameData/REGISTRIES]: Vanilla freeze snapshot created
[12Feb2025 17:30:03.020] [Render thread/WARN] [net.minecraft.server.packs.VanillaPackResourcesBuilder/]: Assets URL 'union:/C:/Users/aidan/.gradle/caches/forge_gradle/minecraft_user_repo/net/minecraftforge/forge/1.20.1-47.3.22_mapped_parchment_2023.09.03-1.20.1/forge-1.20.1-47.3.22_mapped_parchment_2023.09.03-1.20.1-recomp.jar%23191!/assets/.mcassetsroot' uses unexpected schema
[12Feb2025 17:30:03.021] [Render thread/WARN] [net.minecraft.server.packs.VanillaPackResourcesBuilder/]: Assets URL 'union:/C:/Users/aidan/.gradle/caches/forge_gradle/minecraft_user_repo/net/minecraftforge/forge/1.20.1-47.3.22_mapped_parchment_2023.09.03-1.20.1/forge-1.20.1-47.3.22_mapped_parchment_2023.09.03-1.20.1-recomp.jar%23191!/data/.mcassetsroot' uses unexpected schema
[12Feb2025 17:30:03.042] [Render thread/INFO] [com.mojang.authlib.yggdrasil.YggdrasilAuthenticationService/]: Environment: authHost='https://authserver.mojang.com', accountsHost='https://api.mojang.com', sessionHost='https://sessionserver.mojang.com', servicesHost='https://api.minecraftservices.com', name='PROD'
[12Feb2025 17:30:03.052] [Render thread/INFO] [net.minecraft.client.Minecraft/]: Setting user: Dev
[12Feb2025 17:30:03.230] [Render thread/INFO] [net.minecraft.client.Minecraft/]: Backend library: LWJGL version 3.3.1 build 7
[12Feb2025 17:30:03.472] [Render thread/DEBUG] [net.minecraftforge.common.ForgeI18n/CORE]: Loading I18N data entries: 6434
[12Feb2025 17:30:03.497] [Render thread/DEBUG] [net.minecraftforge.fml.ModWorkManager/LOADING]: Using 8 threads for parallel mod-loading
[12Feb2025 17:30:03.516] [Render thread/DEBUG] [net.minecraftforge.fml.javafmlmod.FMLJavaModLanguageProvider/LOADING]: Loading FMLModContainer from classloader cpw.mods.modlauncher.TransformingClassLoader@659feb22 - got cpw.mods.cl.ModuleClassLoader@460b6d54
[12Feb2025 17:30:03.518] [Render thread/DEBUG] [net.minecraftforge.fml.javafmlmod.FMLModContainer/LOADING]: Creating FMLModContainer instance for net.minecraftforge.common.ForgeMod
[12Feb2025 17:30:03.531] [Render thread/DEBUG] [net.minecraftforge.fml.javafmlmod.FMLJavaModLanguageProvider/LOADING]: Loading FMLModContainer from classloader cpw.mods.modlauncher.TransformingClassLoader@659feb22 - got cpw.mods.cl.ModuleClassLoader@460b6d54
[12Feb2025 17:30:03.531] [Render thread/DEBUG] [net.minecraftforge.fml.javafmlmod.FMLModContainer/LOADING]: Creating FMLModContainer instance for com.riverstone.unknown303.errorlib.ErrorMod
[12Feb2025 17:30:03.619] [modloading-worker-0/DEBUG] [net.minecraftforge.versions.forge.ForgeVersion/CORE]: Forge Version package package net.minecraftforge.versions.forge, Forge, version 47.3 from cpw.mods.modlauncher.TransformingClassLoader@659feb22
[12Feb2025 17:30:03.619] [modloading-worker-0/DEBUG] [net.minecraftforge.versions.forge.ForgeVersion/CORE]: Found Forge version 47.3.22
[12Feb2025 17:30:03.620] [modloading-worker-0/DEBUG] [net.minecraftforge.versions.forge.ForgeVersion/CORE]: Found Forge spec 47.3
[12Feb2025 17:30:03.620] [modloading-worker-0/DEBUG] [net.minecraftforge.versions.forge.ForgeVersion/CORE]: Found Forge group net.minecraftforge
[12Feb2025 17:30:03.621] [modloading-worker-0/DEBUG] [net.minecraftforge.versions.mcp.MCPVersion/CORE]: MCP Version package package net.minecraftforge.versions.mcp, Minecraft, version 1.20.1 from cpw.mods.modlauncher.TransformingClassLoader@659feb22
[12Feb2025 17:30:03.621] [modloading-worker-0/DEBUG] [net.minecraftforge.versions.mcp.MCPVersion/CORE]: Found MC version information 1.20.1
[12Feb2025 17:30:03.621] [modloading-worker-0/DEBUG] [net.minecraftforge.versions.mcp.MCPVersion/CORE]: Found MCP version information 20230612.114412
[12Feb2025 17:30:03.622] [modloading-worker-0/INFO] [net.minecraftforge.common.ForgeMod/FORGEMOD]: Forge mod loading, version 47.3.22, for MC 1.20.1 with MCP 20230612.114412
[12Feb2025 17:30:03.625] [modloading-worker-0/INFO] [net.minecraftforge.common.MinecraftForge/FORGE]: MinecraftForge v47.3.22 Initialized
[12Feb2025 17:30:03.663] [modloading-worker-0/ERROR] [net.minecraftforge.fml.javafmlmod.FMLModContainer/LOADING]: Failed to create mod instance. ModID: errorlib, class com.riverstone.unknown303.errorlib.ErrorMod
java.lang.ExceptionInInitializerError: null
	at com.riverstone.unknown303.errorlib.ErrorMod.<init>(ErrorMod.java:40) ~[%23196!/:?]
	at jdk.internal.reflect.NativeConstructorAccessorImpl.newInstance0(Native Method) ~[?:?]
	at jdk.internal.reflect.NativeConstructorAccessorImpl.newInstance(NativeConstructorAccessorImpl.java:77) ~[?:?]
	at jdk.internal.reflect.DelegatingConstructorAccessorImpl.newInstance(DelegatingConstructorAccessorImpl.java:45) ~[?:?]
	at java.lang.reflect.Constructor.newInstanceWithCaller(Constructor.java:500) ~[?:?]
	at java.lang.reflect.Constructor.newInstance(Constructor.java:481) ~[?:?]
	at net.minecraftforge.fml.javafmlmod.FMLModContainer.constructMod(FMLModContainer.java:77) ~[javafmllanguage-1.20.1-47.3.22.jar%23192!/:?]
	at net.minecraftforge.fml.ModContainer.lambda$buildTransitionHandler$4(ModContainer.java:124) ~[fmlcore-1.20.1-47.3.22.jar%23195!/:?]
	at java.util.concurrent.CompletableFuture$AsyncRun.run(CompletableFuture.java:1804) ~[?:?]
	at java.util.concurrent.CompletableFuture$AsyncRun.exec(CompletableFuture.java:1796) ~[?:?]
	at java.util.concurrent.ForkJoinTask.doExec(ForkJoinTask.java:373) ~[?:?]
	at java.util.concurrent.ForkJoinPool$WorkQueue.topLevelExec(ForkJoinPool.java:1182) ~[?:?]
	at java.util.concurrent.ForkJoinPool.scan(ForkJoinPool.java:1655) ~[?:?]
	at java.util.concurrent.ForkJoinPool.runWorker(ForkJoinPool.java:1622) ~[?:?]
	at java.util.concurrent.ForkJoinWorkerThread.run(ForkJoinWorkerThread.java:165) ~[?:?]
Caused by: java.lang.NullPointerException: Cannot invoke "net.minecraftforge.registries.IForgeRegistry.getRegistryKey()" because "reg" is null
	at net.minecraftforge.registries.DeferredRegister.<init>(DeferredRegister.java:164) ~[forge-1.20.1-47.3.22_mapped_parchment_2023.09.03-1.20.1-recomp.jar%23190%23197!/:?]
	at net.minecraftforge.registries.DeferredRegister.create(DeferredRegister.java:68) ~[forge-1.20.1-47.3.22_mapped_parchment_2023.09.03-1.20.1-recomp.jar%23190%23197!/:?]
	at com.riverstone.unknown303.errorlib.ability.ErrorAbilities.<clinit>(ErrorAbilities.java:16) ~[%23196!/:?]
	... 15 more
[12Feb2025 17:30:03.740] [modloading-worker-0/DEBUG] [io.netty.util.internal.PlatformDependent0/]: -Dio.netty.noUnsafe: false
[12Feb2025 17:30:03.741] [modloading-worker-0/DEBUG] [io.netty.util.internal.PlatformDependent0/]: Java version: 17
[12Feb2025 17:30:03.742] [modloading-worker-0/DEBUG] [io.netty.util.internal.PlatformDependent0/]: sun.misc.Unsafe.theUnsafe: available
[12Feb2025 17:30:03.743] [modloading-worker-0/DEBUG] [io.netty.util.internal.PlatformDependent0/]: sun.misc.Unsafe.copyMemory: available
[12Feb2025 17:30:03.743] [modloading-worker-0/DEBUG] [io.netty.util.internal.PlatformDependent0/]: sun.misc.Unsafe.storeFence: available
[12Feb2025 17:30:03.743] [modloading-worker-0/DEBUG] [io.netty.util.internal.PlatformDependent0/]: java.nio.Buffer.address: available
[12Feb2025 17:30:03.744] [modloading-worker-0/DEBUG] [io.netty.util.internal.PlatformDependent0/]: direct buffer constructor: unavailable
java.lang.UnsupportedOperationException: Reflective setAccessible(true) disabled
	at io.netty.util.internal.ReflectionUtil.trySetAccessible(ReflectionUtil.java:31) ~[netty-common-4.1.82.Final.jar%23151!/:4.1.82.Final]
	at io.netty.util.internal.PlatformDependent0$5.run(PlatformDependent0.java:288) ~[netty-common-4.1.82.Final.jar%23151!/:4.1.82.Final]
	at java.security.AccessController.doPrivileged(AccessController.java:318) ~[?:?]
	at io.netty.util.internal.PlatformDependent0.<clinit>(PlatformDependent0.java:282) ~[netty-common-4.1.82.Final.jar%23151!/:4.1.82.Final]
	at io.netty.util.internal.PlatformDependent.isAndroid(PlatformDependent.java:333) ~[netty-common-4.1.82.Final.jar%23151!/:4.1.82.Final]
	at io.netty.util.internal.PlatformDependent.<clinit>(PlatformDependent.java:88) ~[netty-common-4.1.82.Final.jar%23151!/:4.1.82.Final]
	at io.netty.util.ConstantPool.<init>(ConstantPool.java:34) ~[netty-common-4.1.82.Final.jar%23151!/:4.1.82.Final]
	at io.netty.util.AttributeKey$1.<init>(AttributeKey.java:27) ~[netty-common-4.1.82.Final.jar%23151!/:4.1.82.Final]
	at io.netty.util.AttributeKey.<clinit>(AttributeKey.java:27) ~[netty-common-4.1.82.Final.jar%23151!/:4.1.82.Final]
	at net.minecraftforge.network.NetworkConstants.<clinit>(NetworkConstants.java:34) ~[forge-1.20.1-47.3.22_mapped_parchment_2023.09.03-1.20.1-recomp.jar%23190%23197!/:?]
	at net.minecraftforge.common.ForgeMod.<init>(ForgeMod.java:429) ~[forge-1.20.1-47.3.22_mapped_parchment_2023.09.03-1.20.1-recomp.jar%23190%23197!/:?]
	at jdk.internal.reflect.NativeConstructorAccessorImpl.newInstance0(Native Method) ~[?:?]
	at jdk.internal.reflect.NativeConstructorAccessorImpl.newInstance(NativeConstructorAccessorImpl.java:77) ~[?:?]
	at jdk.internal.reflect.DelegatingConstructorAccessorImpl.newInstance(DelegatingConstructorAccessorImpl.java:45) ~[?:?]
	at java.lang.reflect.Constructor.newInstanceWithCaller(Constructor.java:500) ~[?:?]
	at java.lang.reflect.Constructor.newInstance(Constructor.java:481) ~[?:?]
	at net.minecraftforge.fml.javafmlmod.FMLModContainer.constructMod(FMLModContainer.java:77) ~[javafmllanguage-1.20.1-47.3.22.jar%23192!/:?]
	at net.minecraftforge.fml.ModContainer.lambda$buildTransitionHandler$4(ModContainer.java:124) ~[fmlcore-1.20.1-47.3.22.jar%23195!/:?]
	at java.util.concurrent.CompletableFuture$AsyncRun.run(CompletableFuture.java:1804) ~[?:?]
	at java.util.concurrent.CompletableFuture$AsyncRun.exec(CompletableFuture.java:1796) ~[?:?]
	at java.util.concurrent.ForkJoinTask.doExec(ForkJoinTask.java:373) ~[?:?]
	at java.util.concurrent.ForkJoinPool$WorkQueue.topLevelExec(ForkJoinPool.java:1182) ~[?:?]
	at java.util.concurrent.ForkJoinPool.scan(ForkJoinPool.java:1655) ~[?:?]
	at java.util.concurrent.ForkJoinPool.runWorker(ForkJoinPool.java:1622) ~[?:?]
	at java.util.concurrent.ForkJoinWorkerThread.run(ForkJoinWorkerThread.java:165) ~[?:?]
[12Feb2025 17:30:03.746] [modloading-worker-0/DEBUG] [io.netty.util.internal.PlatformDependent0/]: java.nio.Bits.unaligned: available, true
[12Feb2025 17:30:03.748] [modloading-worker-0/DEBUG] [io.netty.util.internal.PlatformDependent0/]: jdk.internal.misc.Unsafe.allocateUninitializedArray(int): unavailable
java.lang.IllegalAccessException: class io.netty.util.internal.PlatformDependent0$7 (in module io.netty.common) cannot access class jdk.internal.misc.Unsafe (in module java.base) because module java.base does not export jdk.internal.misc to module io.netty.common
	at jdk.internal.reflect.Reflection.newIllegalAccessException(Reflection.java:392) ~[?:?]
	at java.lang.reflect.AccessibleObject.checkAccess(AccessibleObject.java:674) ~[?:?]
	at java.lang.reflect.Method.invoke(Method.java:561) ~[?:?]
	at io.netty.util.internal.PlatformDependent0$7.run(PlatformDependent0.java:410) ~[netty-common-4.1.82.Final.jar%23151!/:4.1.82.Final]
	at java.security.AccessController.doPrivileged(AccessController.java:318) ~[?:?]
	at io.netty.util.internal.PlatformDependent0.<clinit>(PlatformDependent0.java:401) ~[netty-common-4.1.82.Final.jar%23151!/:4.1.82.Final]
	at io.netty.util.internal.PlatformDependent.isAndroid(PlatformDependent.java:333) ~[netty-common-4.1.82.Final.jar%23151!/:4.1.82.Final]
	at io.netty.util.internal.PlatformDependent.<clinit>(PlatformDependent.java:88) ~[netty-common-4.1.82.Final.jar%23151!/:4.1.82.Final]
	at io.netty.util.ConstantPool.<init>(ConstantPool.java:34) ~[netty-common-4.1.82.Final.jar%23151!/:4.1.82.Final]
	at io.netty.util.AttributeKey$1.<init>(AttributeKey.java:27) ~[netty-common-4.1.82.Final.jar%23151!/:4.1.82.Final]
	at io.netty.util.AttributeKey.<clinit>(AttributeKey.java:27) ~[netty-common-4.1.82.Final.jar%23151!/:4.1.82.Final]
	at net.minecraftforge.network.NetworkConstants.<clinit>(NetworkConstants.java:34) ~[forge-1.20.1-47.3.22_mapped_parchment_2023.09.03-1.20.1-recomp.jar%23190%23197!/:?]
	at net.minecraftforge.common.ForgeMod.<init>(ForgeMod.java:429) ~[forge-1.20.1-47.3.22_mapped_parchment_2023.09.03-1.20.1-recomp.jar%23190%23197!/:?]
	at jdk.internal.reflect.NativeConstructorAccessorImpl.newInstance0(Native Method) ~[?:?]
	at jdk.internal.reflect.NativeConstructorAccessorImpl.newInstance(NativeConstructorAccessorImpl.java:77) ~[?:?]
	at jdk.internal.reflect.DelegatingConstructorAccessorImpl.newInstance(DelegatingConstructorAccessorImpl.java:45) ~[?:?]
	at java.lang.reflect.Constructor.newInstanceWithCaller(Constructor.java:500) ~[?:?]
	at java.lang.reflect.Constructor.newInstance(Constructor.java:481) ~[?:?]
	at net.minecraftforge.fml.javafmlmod.FMLModContainer.constructMod(FMLModContainer.java:77) ~[javafmllanguage-1.20.1-47.3.22.jar%23192!/:?]
	at net.minecraftforge.fml.ModContainer.lambda$buildTransitionHandler$4(ModContainer.java:124) ~[fmlcore-1.20.1-47.3.22.jar%23195!/:?]
	at java.util.concurrent.CompletableFuture$AsyncRun.run(CompletableFuture.java:1804) ~[?:?]
	at java.util.concurrent.CompletableFuture$AsyncRun.exec(CompletableFuture.java:1796) ~[?:?]
	at java.util.concurrent.ForkJoinTask.doExec(ForkJoinTask.java:373) ~[?:?]
	at java.util.concurrent.ForkJoinPool$WorkQueue.topLevelExec(ForkJoinPool.java:1182) ~[?:?]
	at java.util.concurrent.ForkJoinPool.scan(ForkJoinPool.java:1655) ~[?:?]
	at java.util.concurrent.ForkJoinPool.runWorker(ForkJoinPool.java:1622) ~[?:?]
	at java.util.concurrent.ForkJoinWorkerThread.run(ForkJoinWorkerThread.java:165) ~[?:?]
[12Feb2025 17:30:03.750] [modloading-worker-0/DEBUG] [io.netty.util.internal.PlatformDependent0/]: java.nio.DirectByteBuffer.<init>(long, int): unavailable
[12Feb2025 17:30:03.750] [modloading-worker-0/DEBUG] [io.netty.util.internal.PlatformDependent/]: sun.misc.Unsafe: available
[12Feb2025 17:30:03.751] [modloading-worker-0/DEBUG] [io.netty.util.internal.PlatformDependent/]: maxDirectMemory: 2139095040 bytes (maybe)
[12Feb2025 17:30:03.752] [modloading-worker-0/DEBUG] [io.netty.util.internal.PlatformDependent/]: -Dio.netty.tmpdir: C:\Users\aidan\AppData\Local\Temp (java.io.tmpdir)
[12Feb2025 17:30:03.752] [modloading-worker-0/DEBUG] [io.netty.util.internal.PlatformDependent/]: -Dio.netty.bitMode: 64 (sun.arch.data.model)
[12Feb2025 17:30:03.752] [modloading-worker-0/DEBUG] [io.netty.util.internal.PlatformDependent/]: Platform: Windows
[12Feb2025 17:30:03.753] [modloading-worker-0/DEBUG] [io.netty.util.internal.PlatformDependent/]: -Dio.netty.maxDirectMemory: -1 bytes
[12Feb2025 17:30:03.753] [modloading-worker-0/DEBUG] [io.netty.util.internal.PlatformDependent/]: -Dio.netty.uninitializedArrayAllocationThreshold: -1
[12Feb2025 17:30:03.755] [modloading-worker-0/DEBUG] [io.netty.util.internal.CleanerJava9/]: java.nio.ByteBuffer.cleaner(): available
[12Feb2025 17:30:03.755] [modloading-worker-0/DEBUG] [io.netty.util.internal.PlatformDependent/]: -Dio.netty.noPreferDirect: false
[12Feb2025 17:30:03.798] [modloading-worker-0/DEBUG] [net.minecraftforge.common.ForgeMod/FORGEMOD]: Loading Network data for FML net version: FML3
[12Feb2025 17:30:03.864] [modloading-worker-0/DEBUG] [net.minecraftforge.fml.config.ConfigTracker/CONFIG]: Config file forge-client.toml for forge tracking
[12Feb2025 17:30:03.864] [modloading-worker-0/DEBUG] [net.minecraftforge.fml.config.ConfigTracker/CONFIG]: Config file forge-server.toml for forge tracking
[12Feb2025 17:30:03.864] [modloading-worker-0/DEBUG] [net.minecraftforge.fml.ModLoadingContext/]: Attempted to register an empty config for type COMMON on mod forge
[12Feb2025 17:30:03.902] [modloading-worker-0/DEBUG] [net.minecraftforge.fml.javafmlmod.AutomaticEventSubscriber/LOADING]: Attempting to inject @EventBusSubscriber classes into the eventbus for forge
[12Feb2025 17:30:03.905] [modloading-worker-0/DEBUG] [net.minecraftforge.fml.javafmlmod.AutomaticEventSubscriber/LOADING]: Auto-subscribing net.minecraftforge.common.ForgeSpawnEggItem$CommonHandler to MOD
[12Feb2025 17:30:03.908] [modloading-worker-0/DEBUG] [net.minecraftforge.fml.javafmlmod.AutomaticEventSubscriber/LOADING]: Auto-subscribing net.minecraftforge.common.ForgeSpawnEggItem$ColorRegisterHandler to MOD
[12Feb2025 17:30:03.914] [modloading-worker-0/DEBUG] [net.minecraftforge.fml.javafmlmod.AutomaticEventSubscriber/LOADING]: Auto-subscribing net.minecraftforge.client.model.data.ModelDataManager to FORGE
[12Feb2025 17:30:03.917] [modloading-worker-0/DEBUG] [net.minecraftforge.fml.javafmlmod.AutomaticEventSubscriber/LOADING]: Auto-subscribing net.minecraftforge.client.ForgeHooksClient$ClientEvents to MOD
[12Feb2025 17:30:03.928] [modloading-worker-0/DEBUG] [net.minecraftforge.fml.javafmlmod.AutomaticEventSubscriber/LOADING]: Auto-subscribing net.minecraftforge.client.ClientForgeMod to MOD
[12Feb2025 17:30:03.935] [Render thread/FATAL] [net.minecraftforge.fml.ModLoader/LOADING]: Failed to complete lifecycle event CONSTRUCT, 1 errors found
[12Feb2025 17:30:04.060] [Render thread/WARN] [net.minecraft.client.Options/]: Removed resource pack mod_resources from options because it doesn't seem to exist anymore
[12Feb2025 17:30:04.141] [Render thread/ERROR] [net.minecraftforge.fml.ModLoader/]: Cowardly refusing to send event net.minecraftforge.client.event.sound.SoundEngineLoadEvent to a broken mod state
[12Feb2025 17:30:04.284] [Render thread/ERROR] [net.minecraftforge.fml.ModLoader/]: Cowardly refusing to send event net.minecraftforge.client.event.RegisterColorHandlersEvent$Block to a broken mod state
[12Feb2025 17:30:04.287] [Render thread/ERROR] [net.minecraftforge.fml.ModLoader/]: Cowardly refusing to send event net.minecraftforge.client.event.RegisterColorHandlersEvent$Item to a broken mod state
[12Feb2025 17:30:04.483] [Render thread/ERROR] [net.minecraftforge.fml.ModLoader/]: Cowardly refusing to send event net.minecraftforge.client.event.RenderLevelStageEvent$RegisterStageEvent to a broken mod state
[12Feb2025 17:30:04.587] [Render thread/ERROR] [net.minecraftforge.fml.ModLoader/]: Cowardly refusing to send event net.minecraftforge.client.event.RegisterParticleProvidersEvent to a broken mod state
[12Feb2025 17:30:04.651] [Render thread/ERROR] [net.minecraftforge.fml.ModLoader/]: Cowardly refusing to send event net.minecraftforge.client.event.RegisterClientReloadListenersEvent to a broken mod state
[12Feb2025 17:30:04.652] [Render thread/ERROR] [net.minecraftforge.fml.ModLoader/]: Cowardly refusing to send event net.minecraftforge.client.event.EntityRenderersEvent$RegisterLayerDefinitions to a broken mod state
[12Feb2025 17:30:04.652] [Render thread/ERROR] [net.minecraftforge.fml.ModLoader/]: Cowardly refusing to send event net.minecraftforge.client.event.EntityRenderersEvent$RegisterRenderers to a broken mod state
[12Feb2025 17:30:04.654] [Render thread/ERROR] [net.minecraftforge.fml.ModLoader/]: Cowardly refusing to send event net.minecraftforge.client.event.RegisterTextureAtlasSpriteLoadersEvent to a broken mod state
[12Feb2025 17:30:04.655] [Render thread/ERROR] [net.minecraftforge.fml.ModLoader/]: Cowardly refusing to send event net.minecraftforge.client.event.RegisterClientTooltipComponentFactoriesEvent to a broken mod state
[12Feb2025 17:30:04.656] [Render thread/ERROR] [net.minecraftforge.fml.ModLoader/]: Cowardly refusing to send event net.minecraftforge.client.event.RegisterEntitySpectatorShadersEvent to a broken mod state
[12Feb2025 17:30:04.656] [Render thread/ERROR] [net.minecraftforge.fml.ModLoader/]: Cowardly refusing to send event net.minecraftforge.client.event.RegisterKeyMappingsEvent to a broken mod state
[12Feb2025 17:30:04.660] [Render thread/ERROR] [net.minecraftforge.fml.ModLoader/]: Cowardly refusing to send event net.minecraftforge.client.event.RegisterRecipeBookCategoriesEvent to a broken mod state
[12Feb2025 17:30:04.669] [Render thread/ERROR] [net.minecraftforge.fml.ModLoader/]: Cowardly refusing to send event net.minecraftforge.client.event.RegisterGuiOverlaysEvent to a broken mod state
[12Feb2025 17:30:04.680] [Render thread/ERROR] [net.minecraftforge.fml.ModLoader/]: Cowardly refusing to send event net.minecraftforge.client.event.RegisterDimensionSpecialEffectsEvent to a broken mod state
[12Feb2025 17:30:04.681] [Render thread/ERROR] [net.minecraftforge.fml.ModLoader/]: Cowardly refusing to send event net.minecraftforge.client.event.RegisterNamedRenderTypesEvent to a broken mod state
[12Feb2025 17:30:04.682] [Render thread/ERROR] [net.minecraftforge.fml.ModLoader/]: Cowardly refusing to send event net.minecraftforge.client.event.RegisterColorHandlersEvent$ColorResolvers to a broken mod state
[12Feb2025 17:30:04.684] [Render thread/ERROR] [net.minecraftforge.fml.ModLoader/]: Cowardly refusing to send event net.minecraftforge.client.event.RegisterItemDecorationsEvent to a broken mod state
[12Feb2025 17:30:04.693] [Render thread/ERROR] [net.minecraftforge.fml.ModLoader/]: Cowardly refusing to send event net.minecraftforge.client.event.RegisterPresetEditorsEvent to a broken mod state
[12Feb2025 17:30:04.813] [Render thread/INFO] [net.minecraft.server.packs.resources.ReloadableResourceManager/]: Reloading ResourceManager: vanilla, file/VanillaTweaks_rUnknown303v6.zip, file/PvP Pack v8.1.zip
[12Feb2025 17:30:04.955] [Render thread/ERROR] [net.minecraftforge.fml.ModLoader/]: Cowardly refusing to send event net.minecraftforge.client.event.ModelEvent$RegisterGeometryLoaders to a broken mod state
[12Feb2025 17:30:05.034] [Worker-Main-7/INFO] [net.minecraft.client.gui.font.providers.UnihexProvider/]: Found unifont_all_no_pua-15.0.06.hex, loading
[12Feb2025 17:30:05.263] [Worker-Main-3/WARN] [net.minecraft.client.sounds.SoundManager/]: File minecraft:sounds/mob/panda/worried2.ogg does not exist, cannot add it to event minecraft:entity.panda.worried_ambient
[12Feb2025 17:30:05.263] [Worker-Main-3/WARN] [net.minecraft.client.sounds.SoundManager/]: File minecraft:sounds/mob/panda/worried3.ogg does not exist, cannot add it to event minecraft:entity.panda.worried_ambient
[12Feb2025 17:30:05.263] [Worker-Main-3/WARN] [net.minecraft.client.sounds.SoundManager/]: File minecraft:sounds/mob/panda/worried4.ogg does not exist, cannot add it to event minecraft:entity.panda.worried_ambient
[12Feb2025 17:30:05.264] [Worker-Main-3/WARN] [net.minecraft.client.sounds.SoundManager/]: File minecraft:sounds/mob/panda/worried5.ogg does not exist, cannot add it to event minecraft:entity.panda.worried_ambient
[12Feb2025 17:30:05.264] [Worker-Main-3/WARN] [net.minecraft.client.sounds.SoundManager/]: File minecraft:sounds/mob/panda/worried6.ogg does not exist, cannot add it to event minecraft:entity.panda.worried_ambient
[12Feb2025 17:30:05.264] [Worker-Main-3/WARN] [net.minecraft.client.sounds.SoundManager/]: File minecraft:sounds/mob/horse/eat1.ogg does not exist, cannot add it to event minecraft:entity.horse.eat
[12Feb2025 17:30:05.264] [Worker-Main-3/WARN] [net.minecraft.client.sounds.SoundManager/]: File minecraft:sounds/mob/horse/eat2.ogg does not exist, cannot add it to event minecraft:entity.horse.eat
[12Feb2025 17:30:05.264] [Worker-Main-3/WARN] [net.minecraft.client.sounds.SoundManager/]: File minecraft:sounds/mob/horse/eat3.ogg does not exist, cannot add it to event minecraft:entity.horse.eat
[12Feb2025 17:30:05.264] [Worker-Main-3/WARN] [net.minecraft.client.sounds.SoundManager/]: File minecraft:sounds/mob/horse/eat4.ogg does not exist, cannot add it to event minecraft:entity.horse.eat
[12Feb2025 17:30:05.265] [Worker-Main-3/WARN] [net.minecraft.client.sounds.SoundManager/]: File minecraft:sounds/mob/horse/eat5.ogg does not exist, cannot add it to event minecraft:entity.horse.eat
[12Feb2025 17:30:05.265] [Worker-Main-3/WARN] [net.minecraft.client.sounds.SoundManager/]: File minecraft:sounds/mob/horse/eat1.ogg does not exist, cannot add it to event minecraft:entity.mule.eat
[12Feb2025 17:30:05.265] [Worker-Main-3/WARN] [net.minecraft.client.sounds.SoundManager/]: File minecraft:sounds/mob/horse/eat2.ogg does not exist, cannot add it to event minecraft:entity.mule.eat
[12Feb2025 17:30:05.265] [Worker-Main-3/WARN] [net.minecraft.client.sounds.SoundManager/]: File minecraft:sounds/mob/horse/eat3.ogg does not exist, cannot add it to event minecraft:entity.mule.eat
[12Feb2025 17:30:05.265] [Worker-Main-3/WARN] [net.minecraft.client.sounds.SoundManager/]: File minecraft:sounds/mob/horse/eat4.ogg does not exist, cannot add it to event minecraft:entity.mule.eat
[12Feb2025 17:30:05.265] [Worker-Main-3/WARN] [net.minecraft.client.sounds.SoundManager/]: File minecraft:sounds/mob/horse/eat5.ogg does not exist, cannot add it to event minecraft:entity.mule.eat
[12Feb2025 17:30:05.265] [Worker-Main-3/WARN] [net.minecraft.client.sounds.SoundManager/]: File minecraft:sounds/mob/horse/eat1.ogg does not exist, cannot add it to event minecraft:entity.donkey.eat
[12Feb2025 17:30:05.266] [Worker-Main-3/WARN] [net.minecraft.client.sounds.SoundManager/]: File minecraft:sounds/mob/horse/eat2.ogg does not exist, cannot add it to event minecraft:entity.donkey.eat
[12Feb2025 17:30:05.266] [Worker-Main-3/WARN] [net.minecraft.client.sounds.SoundManager/]: File minecraft:sounds/mob/horse/eat3.ogg does not exist, cannot add it to event minecraft:entity.donkey.eat
[12Feb2025 17:30:05.266] [Worker-Main-3/WARN] [net.minecraft.client.sounds.SoundManager/]: File minecraft:sounds/mob/horse/eat4.ogg does not exist, cannot add it to event minecraft:entity.donkey.eat
[12Feb2025 17:30:05.266] [Worker-Main-3/WARN] [net.minecraft.client.sounds.SoundManager/]: File minecraft:sounds/mob/horse/eat5.ogg does not exist, cannot add it to event minecraft:entity.donkey.eat
[12Feb2025 17:30:05.267] [Worker-Main-3/WARN] [net.minecraft.client.sounds.SoundManager/]: File minecraft:sounds/mob/cow/milk1.ogg does not exist, cannot add it to event minecraft:entity.cow.milk
[12Feb2025 17:30:05.267] [Worker-Main-3/WARN] [net.minecraft.client.sounds.SoundManager/]: File minecraft:sounds/mob/cow/milk2.ogg does not exist, cannot add it to event minecraft:entity.cow.milk
[12Feb2025 17:30:05.267] [Worker-Main-3/WARN] [net.minecraft.client.sounds.SoundManager/]: File minecraft:sounds/mob/cow/milk3.ogg does not exist, cannot add it to event minecraft:entity.cow.milk
[12Feb2025 17:30:06.840] [Worker-Main-2/ERROR] [net.minecraftforge.fml.ModLoader/]: Cowardly refusing to send event net.minecraftforge.client.event.ModelEvent$RegisterAdditional to a broken mod state
[12Feb2025 17:30:07.607] [Worker-Main-2/ERROR] [net.minecraftforge.fml.ModLoader/]: Cowardly refusing to send event net.minecraftforge.client.event.ModelEvent$ModifyBakingResult to a broken mod state
[12Feb2025 17:30:07.737] [Render thread/DEBUG] [net.minecraftforge.common.ForgeI18n/CORE]: Loading I18N data entries: 6217
[12Feb2025 17:30:07.809] [Render thread/WARN] [net.minecraft.client.sounds.SoundEngine/]: Missing sound for event: minecraft:item.goat_horn.play
[12Feb2025 17:30:07.810] [Render thread/WARN] [net.minecraft.client.sounds.SoundEngine/]: Missing sound for event: minecraft:entity.goat.screaming.horn_break
[12Feb2025 17:30:08.030] [Render thread/INFO] [com.mojang.blaze3d.audio.Library/]: OpenAL initialized on device OpenAL Soft on Speakers (VIA HD Audio(Win 10))
[12Feb2025 17:30:08.031] [Render thread/INFO] [net.minecraft.client.sounds.SoundEngine/SOUNDS]: Sound engine started
[12Feb2025 17:30:08.031] [Render thread/ERROR] [net.minecraftforge.fml.ModLoader/]: Cowardly refusing to send event net.minecraftforge.client.event.sound.SoundEngineLoadEvent to a broken mod state
[12Feb2025 17:30:08.162] [Render thread/INFO] [net.minecraft.client.renderer.texture.TextureAtlas/]: Created: 1024x512x0 minecraft:textures/atlas/blocks.png-atlas
[12Feb2025 17:30:08.170] [Render thread/ERROR] [net.minecraftforge.fml.ModLoader/]: Cowardly refusing to send event net.minecraftforge.client.event.TextureStitchEvent$Post to a broken mod state
[12Feb2025 17:30:08.171] [Render thread/INFO] [net.minecraft.client.renderer.texture.TextureAtlas/]: Created: 256x256x0 minecraft:textures/atlas/signs.png-atlas
[12Feb2025 17:30:08.171] [Render thread/ERROR] [net.minecraftforge.fml.ModLoader/]: Cowardly refusing to send event net.minecraftforge.client.event.TextureStitchEvent$Post to a broken mod state
[12Feb2025 17:30:08.171] [Render thread/INFO] [net.minecraft.client.renderer.texture.TextureAtlas/]: Created: 512x512x0 minecraft:textures/atlas/banner_patterns.png-atlas
[12Feb2025 17:30:08.172] [Render thread/ERROR] [net.minecraftforge.fml.ModLoader/]: Cowardly refusing to send event net.minecraftforge.client.event.TextureStitchEvent$Post to a broken mod state
[12Feb2025 17:30:08.172] [Render thread/INFO] [net.minecraft.client.renderer.texture.TextureAtlas/]: Created: 1024x1024x0 minecraft:textures/atlas/shield_patterns.png-atlas
[12Feb2025 17:30:08.173] [Render thread/ERROR] [net.minecraftforge.fml.ModLoader/]: Cowardly refusing to send event net.minecraftforge.client.event.TextureStitchEvent$Post to a broken mod state
[12Feb2025 17:30:08.173] [Render thread/INFO] [net.minecraft.client.renderer.texture.TextureAtlas/]: Created: 1024x1024x0 minecraft:textures/atlas/armor_trims.png-atlas
[12Feb2025 17:30:08.175] [Render thread/ERROR] [net.minecraftforge.fml.ModLoader/]: Cowardly refusing to send event net.minecraftforge.client.event.TextureStitchEvent$Post to a broken mod state
[12Feb2025 17:30:08.175] [Render thread/INFO] [net.minecraft.client.renderer.texture.TextureAtlas/]: Created: 256x256x0 minecraft:textures/atlas/chest.png-atlas
[12Feb2025 17:30:08.177] [Render thread/ERROR] [net.minecraftforge.fml.ModLoader/]: Cowardly refusing to send event net.minecraftforge.client.event.TextureStitchEvent$Post to a broken mod state
[12Feb2025 17:30:08.177] [Render thread/INFO] [net.minecraft.client.renderer.texture.TextureAtlas/]: Created: 128x64x0 minecraft:textures/atlas/decorated_pot.png-atlas
[12Feb2025 17:30:08.178] [Render thread/ERROR] [net.minecraftforge.fml.ModLoader/]: Cowardly refusing to send event net.minecraftforge.client.event.TextureStitchEvent$Post to a broken mod state
[12Feb2025 17:30:08.178] [Render thread/INFO] [net.minecraft.client.renderer.texture.TextureAtlas/]: Created: 512x256x0 minecraft:textures/atlas/shulker_boxes.png-atlas
[12Feb2025 17:30:08.178] [Render thread/ERROR] [net.minecraftforge.fml.ModLoader/]: Cowardly refusing to send event net.minecraftforge.client.event.TextureStitchEvent$Post to a broken mod state
[12Feb2025 17:30:08.178] [Render thread/INFO] [net.minecraft.client.renderer.texture.TextureAtlas/]: Created: 512x256x0 minecraft:textures/atlas/beds.png-atlas
[12Feb2025 17:30:08.179] [Render thread/ERROR] [net.minecraftforge.fml.ModLoader/]: Cowardly refusing to send event net.minecraftforge.client.event.TextureStitchEvent$Post to a broken mod state
[12Feb2025 17:30:08.179] [Render thread/ERROR] [net.minecraftforge.fml.ModLoader/]: Cowardly refusing to send event net.minecraftforge.client.event.ModelEvent$BakingCompleted to a broken mod state
[12Feb2025 17:30:08.308] [Render thread/ERROR] [net.minecraftforge.fml.ModLoader/]: Cowardly refusing to send event net.minecraftforge.client.event.EntityRenderersEvent$CreateSkullModels to a broken mod state
[12Feb2025 17:30:08.323] [Render thread/ERROR] [net.minecraftforge.fml.ModLoader/]: Cowardly refusing to send event net.minecraftforge.client.event.EntityRenderersEvent$CreateSkullModels to a broken mod state
[12Feb2025 17:30:08.466] [Render thread/ERROR] [net.minecraftforge.fml.ModLoader/]: Cowardly refusing to send event net.minecraftforge.client.event.EntityRenderersEvent$CreateSkullModels to a broken mod state
[12Feb2025 17:30:08.473] [Render thread/ERROR] [net.minecraftforge.fml.ModLoader/]: Cowardly refusing to send event net.minecraftforge.client.event.EntityRenderersEvent$CreateSkullModels to a broken mod state
[12Feb2025 17:30:08.475] [Render thread/ERROR] [net.minecraftforge.fml.ModLoader/]: Cowardly refusing to send event net.minecraftforge.client.event.EntityRenderersEvent$CreateSkullModels to a broken mod state
[12Feb2025 17:30:08.475] [Render thread/ERROR] [net.minecraftforge.fml.ModLoader/]: Cowardly refusing to send event net.minecraftforge.client.event.EntityRenderersEvent$CreateSkullModels to a broken mod state
[12Feb2025 17:30:08.478] [Render thread/ERROR] [net.minecraftforge.fml.ModLoader/]: Cowardly refusing to send event net.minecraftforge.client.event.EntityRenderersEvent$CreateSkullModels to a broken mod state
[12Feb2025 17:30:08.480] [Render thread/ERROR] [net.minecraftforge.fml.ModLoader/]: Cowardly refusing to send event net.minecraftforge.client.event.EntityRenderersEvent$CreateSkullModels to a broken mod state
[12Feb2025 17:30:08.480] [Render thread/ERROR] [net.minecraftforge.fml.ModLoader/]: Cowardly refusing to send event net.minecraftforge.client.event.EntityRenderersEvent$CreateSkullModels to a broken mod state
[12Feb2025 17:30:08.481] [Render thread/ERROR] [net.minecraftforge.fml.ModLoader/]: Cowardly refusing to send event net.minecraftforge.client.event.EntityRenderersEvent$CreateSkullModels to a broken mod state
[12Feb2025 17:30:08.487] [Render thread/ERROR] [net.minecraftforge.fml.ModLoader/]: Cowardly refusing to send event net.minecraftforge.client.event.EntityRenderersEvent$CreateSkullModels to a broken mod state
[12Feb2025 17:30:08.488] [Render thread/ERROR] [net.minecraftforge.fml.ModLoader/]: Cowardly refusing to send event net.minecraftforge.client.event.EntityRenderersEvent$CreateSkullModels to a broken mod state
[12Feb2025 17:30:08.494] [Render thread/ERROR] [net.minecraftforge.fml.ModLoader/]: Cowardly refusing to send event net.minecraftforge.client.event.EntityRenderersEvent$CreateSkullModels to a broken mod state
[12Feb2025 17:30:08.498] [Render thread/ERROR] [net.minecraftforge.fml.ModLoader/]: Cowardly refusing to send event net.minecraftforge.client.event.EntityRenderersEvent$CreateSkullModels to a broken mod state
[12Feb2025 17:30:08.498] [Render thread/ERROR] [net.minecraftforge.fml.ModLoader/]: Cowardly refusing to send event net.minecraftforge.client.event.EntityRenderersEvent$CreateSkullModels to a broken mod state
[12Feb2025 17:30:08.501] [Render thread/ERROR] [net.minecraftforge.fml.ModLoader/]: Cowardly refusing to send event net.minecraftforge.client.event.EntityRenderersEvent$CreateSkullModels to a broken mod state
[12Feb2025 17:30:08.502] [Render thread/ERROR] [net.minecraftforge.fml.ModLoader/]: Cowardly refusing to send event net.minecraftforge.client.event.EntityRenderersEvent$CreateSkullModels to a broken mod state
[12Feb2025 17:30:08.502] [Render thread/ERROR] [net.minecraftforge.fml.ModLoader/]: Cowardly refusing to send event net.minecraftforge.client.event.EntityRenderersEvent$CreateSkullModels to a broken mod state
[12Feb2025 17:30:08.502] [Render thread/ERROR] [net.minecraftforge.fml.ModLoader/]: Cowardly refusing to send event net.minecraftforge.client.event.EntityRenderersEvent$CreateSkullModels to a broken mod state
[12Feb2025 17:30:08.511] [Render thread/ERROR] [net.minecraftforge.fml.ModLoader/]: Cowardly refusing to send event net.minecraftforge.client.event.EntityRenderersEvent$CreateSkullModels to a broken mod state
[12Feb2025 17:30:08.512] [Render thread/ERROR] [net.minecraftforge.fml.ModLoader/]: Cowardly refusing to send event net.minecraftforge.client.event.EntityRenderersEvent$CreateSkullModels to a broken mod state
[12Feb2025 17:30:08.513] [Render thread/ERROR] [net.minecraftforge.fml.ModLoader/]: Cowardly refusing to send event net.minecraftforge.client.event.EntityRenderersEvent$AddLayers to a broken mod state
[12Feb2025 17:30:08.516] [Render thread/WARN] [net.minecraft.client.renderer.ShaderInstance/]: Shader particle could not find uniform named FogStart in the specified shader program.
[12Feb2025 17:30:08.516] [Render thread/WARN] [net.minecraft.client.renderer.ShaderInstance/]: Shader particle could not find uniform named FogEnd in the specified shader program.
[12Feb2025 17:30:08.516] [Render thread/WARN] [net.minecraft.client.renderer.ShaderInstance/]: Shader particle could not find uniform named FogColor in the specified shader program.
[12Feb2025 17:30:08.530] [Render thread/WARN] [net.minecraft.client.renderer.ShaderInstance/]: Shader rendertype_solid could not find uniform named FogStart in the specified shader program.
[12Feb2025 17:30:08.530] [Render thread/WARN] [net.minecraft.client.renderer.ShaderInstance/]: Shader rendertype_solid could not find uniform named FogEnd in the specified shader program.
[12Feb2025 17:30:08.530] [Render thread/WARN] [net.minecraft.client.renderer.ShaderInstance/]: Shader rendertype_solid could not find uniform named FogColor in the specified shader program.
[12Feb2025 17:30:08.533] [Render thread/WARN] [net.minecraft.client.renderer.ShaderInstance/]: Shader rendertype_cutout_mipped could not find uniform named FogStart in the specified shader program.
[12Feb2025 17:30:08.533] [Render thread/WARN] [net.minecraft.client.renderer.ShaderInstance/]: Shader rendertype_cutout_mipped could not find uniform named FogEnd in the specified shader program.
[12Feb2025 17:30:08.533] [Render thread/WARN] [net.minecraft.client.renderer.ShaderInstance/]: Shader rendertype_cutout_mipped could not find uniform named FogColor in the specified shader program.
[12Feb2025 17:30:08.536] [Render thread/WARN] [net.minecraft.client.renderer.ShaderInstance/]: Shader rendertype_cutout could not find uniform named FogStart in the specified shader program.
[12Feb2025 17:30:08.536] [Render thread/WARN] [net.minecraft.client.renderer.ShaderInstance/]: Shader rendertype_cutout could not find uniform named FogEnd in the specified shader program.
[12Feb2025 17:30:08.536] [Render thread/WARN] [net.minecraft.client.renderer.ShaderInstance/]: Shader rendertype_cutout could not find uniform named FogColor in the specified shader program.
[12Feb2025 17:30:08.538] [Render thread/WARN] [net.minecraft.client.renderer.ShaderInstance/]: Shader rendertype_translucent could not find uniform named FogStart in the specified shader program.
[12Feb2025 17:30:08.538] [Render thread/WARN] [net.minecraft.client.renderer.ShaderInstance/]: Shader rendertype_translucent could not find uniform named FogEnd in the specified shader program.
[12Feb2025 17:30:08.538] [Render thread/WARN] [net.minecraft.client.renderer.ShaderInstance/]: Shader rendertype_translucent could not find uniform named FogColor in the specified shader program.
[12Feb2025 17:30:08.543] [Render thread/WARN] [net.minecraft.client.renderer.ShaderInstance/]: Shader rendertype_armor_cutout_no_cull could not find uniform named FogStart in the specified shader program.
[12Feb2025 17:30:08.543] [Render thread/WARN] [net.minecraft.client.renderer.ShaderInstance/]: Shader rendertype_armor_cutout_no_cull could not find uniform named FogEnd in the specified shader program.
[12Feb2025 17:30:08.543] [Render thread/WARN] [net.minecraft.client.renderer.ShaderInstance/]: Shader rendertype_armor_cutout_no_cull could not find uniform named FogColor in the specified shader program.
[12Feb2025 17:30:08.546] [Render thread/WARN] [net.minecraft.client.renderer.ShaderInstance/]: Shader rendertype_entity_solid could not find uniform named IViewRotMat in the specified shader program.
[12Feb2025 17:30:08.546] [Render thread/WARN] [net.minecraft.client.renderer.ShaderInstance/]: Shader rendertype_entity_solid could not find uniform named FogStart in the specified shader program.
[12Feb2025 17:30:08.546] [Render thread/WARN] [net.minecraft.client.renderer.ShaderInstance/]: Shader rendertype_entity_solid could not find uniform named FogEnd in the specified shader program.
[12Feb2025 17:30:08.546] [Render thread/WARN] [net.minecraft.client.renderer.ShaderInstance/]: Shader rendertype_entity_solid could not find uniform named FogColor in the specified shader program.
[12Feb2025 17:30:08.549] [Render thread/WARN] [net.minecraft.client.renderer.ShaderInstance/]: Shader rendertype_entity_cutout could not find uniform named IViewRotMat in the specified shader program.
[12Feb2025 17:30:08.549] [Render thread/WARN] [net.minecraft.client.renderer.ShaderInstance/]: Shader rendertype_entity_cutout could not find uniform named FogStart in the specified shader program.
[12Feb2025 17:30:08.549] [Render thread/WARN] [net.minecraft.client.renderer.ShaderInstance/]: Shader rendertype_entity_cutout could not find uniform named FogEnd in the specified shader program.
[12Feb2025 17:30:08.549] [Render thread/WARN] [net.minecraft.client.renderer.ShaderInstance/]: Shader rendertype_entity_cutout could not find uniform named FogColor in the specified shader program.
[12Feb2025 17:30:08.551] [Render thread/WARN] [net.minecraft.client.renderer.ShaderInstance/]: Shader rendertype_entity_cutout_no_cull could not find uniform named IViewRotMat in the specified shader program.
[12Feb2025 17:30:08.552] [Render thread/WARN] [net.minecraft.client.renderer.ShaderInstance/]: Shader rendertype_entity_cutout_no_cull could not find uniform named FogStart in the specified shader program.
[12Feb2025 17:30:08.552] [Render thread/WARN] [net.minecraft.client.renderer.ShaderInstance/]: Shader rendertype_entity_cutout_no_cull could not find uniform named FogEnd in the specified shader program.
[12Feb2025 17:30:08.552] [Render thread/WARN] [net.minecraft.client.renderer.ShaderInstance/]: Shader rendertype_entity_cutout_no_cull could not find uniform named FogColor in the specified shader program.
[12Feb2025 17:30:08.555] [Render thread/WARN] [net.minecraft.client.renderer.ShaderInstance/]: Shader rendertype_entity_cutout_no_cull_z_offset could not find uniform named IViewRotMat in the specified shader program.
[12Feb2025 17:30:08.555] [Render thread/WARN] [net.minecraft.client.renderer.ShaderInstance/]: Shader rendertype_entity_cutout_no_cull_z_offset could not find uniform named FogStart in the specified shader program.
[12Feb2025 17:30:08.555] [Render thread/WARN] [net.minecraft.client.renderer.ShaderInstance/]: Shader rendertype_entity_cutout_no_cull_z_offset could not find uniform named FogEnd in the specified shader program.
[12Feb2025 17:30:08.555] [Render thread/WARN] [net.minecraft.client.renderer.ShaderInstance/]: Shader rendertype_entity_cutout_no_cull_z_offset could not find uniform named FogColor in the specified shader program.
[12Feb2025 17:30:08.558] [Render thread/WARN] [net.minecraft.client.renderer.ShaderInstance/]: Shader rendertype_item_entity_translucent_cull could not find uniform named IViewRotMat in the specified shader program.
[12Feb2025 17:30:08.558] [Render thread/WARN] [net.minecraft.client.renderer.ShaderInstance/]: Shader rendertype_item_entity_translucent_cull could not find uniform named FogStart in the specified shader program.
[12Feb2025 17:30:08.558] [Render thread/WARN] [net.minecraft.client.renderer.ShaderInstance/]: Shader rendertype_item_entity_translucent_cull could not find uniform named FogEnd in the specified shader program.
[12Feb2025 17:30:08.558] [Render thread/WARN] [net.minecraft.client.renderer.ShaderInstance/]: Shader rendertype_item_entity_translucent_cull could not find uniform named FogColor in the specified shader program.
[12Feb2025 17:30:08.561] [Render thread/WARN] [net.minecraft.client.renderer.ShaderInstance/]: Shader rendertype_entity_translucent_cull could not find uniform named IViewRotMat in the specified shader program.
[12Feb2025 17:30:08.561] [Render thread/WARN] [net.minecraft.client.renderer.ShaderInstance/]: Shader rendertype_entity_translucent_cull could not find uniform named FogStart in the specified shader program.
[12Feb2025 17:30:08.561] [Render thread/WARN] [net.minecraft.client.renderer.ShaderInstance/]: Shader rendertype_entity_translucent_cull could not find uniform named FogEnd in the specified shader program.
[12Feb2025 17:30:08.561] [Render thread/WARN] [net.minecraft.client.renderer.ShaderInstance/]: Shader rendertype_entity_translucent_cull could not find uniform named FogColor in the specified shader program.
[12Feb2025 17:30:08.563] [Render thread/WARN] [net.minecraft.client.renderer.ShaderInstance/]: Shader rendertype_entity_translucent could not find uniform named IViewRotMat in the specified shader program.
[12Feb2025 17:30:08.564] [Render thread/WARN] [net.minecraft.client.renderer.ShaderInstance/]: Shader rendertype_entity_translucent could not find uniform named FogStart in the specified shader program.
[12Feb2025 17:30:08.564] [Render thread/WARN] [net.minecraft.client.renderer.ShaderInstance/]: Shader rendertype_entity_translucent could not find uniform named FogEnd in the specified shader program.
[12Feb2025 17:30:08.564] [Render thread/WARN] [net.minecraft.client.renderer.ShaderInstance/]: Shader rendertype_entity_translucent could not find uniform named FogColor in the specified shader program.
[12Feb2025 17:30:08.566] [Render thread/WARN] [net.minecraft.client.renderer.ShaderInstance/]: Shader rendertype_entity_translucent_emissive could not find sampler named Sampler2 in the specified shader program.
[12Feb2025 17:30:08.566] [Render thread/WARN] [net.minecraft.client.renderer.ShaderInstance/]: Shader rendertype_entity_translucent_emissive could not find uniform named FogStart in the specified shader program.
[12Feb2025 17:30:08.582] [Render thread/WARN] [net.minecraft.client.renderer.ShaderInstance/]: Shader rendertype_entity_translucent_emissive could not find uniform named FogEnd in the specified shader program.
[12Feb2025 17:30:08.585] [Render thread/WARN] [net.minecraft.client.renderer.ShaderInstance/]: Shader rendertype_entity_smooth_cutout could not find uniform named IViewRotMat in the specified shader program.
[12Feb2025 17:30:08.585] [Render thread/WARN] [net.minecraft.client.renderer.ShaderInstance/]: Shader rendertype_entity_smooth_cutout could not find uniform named FogStart in the specified shader program.
[12Feb2025 17:30:08.585] [Render thread/WARN] [net.minecraft.client.renderer.ShaderInstance/]: Shader rendertype_entity_smooth_cutout could not find uniform named FogEnd in the specified shader program.
[12Feb2025 17:30:08.585] [Render thread/WARN] [net.minecraft.client.renderer.ShaderInstance/]: Shader rendertype_entity_smooth_cutout could not find uniform named FogColor in the specified shader program.
[12Feb2025 17:30:08.587] [Render thread/WARN] [net.minecraft.client.renderer.ShaderInstance/]: Shader rendertype_beacon_beam could not find uniform named FogStart in the specified shader program.
[12Feb2025 17:30:08.587] [Render thread/WARN] [net.minecraft.client.renderer.ShaderInstance/]: Shader rendertype_beacon_beam could not find uniform named FogEnd in the specified shader program.
[12Feb2025 17:30:08.587] [Render thread/WARN] [net.minecraft.client.renderer.ShaderInstance/]: Shader rendertype_beacon_beam could not find uniform named FogColor in the specified shader program.
[12Feb2025 17:30:08.590] [Render thread/WARN] [net.minecraft.client.renderer.ShaderInstance/]: Shader rendertype_entity_decal could not find uniform named IViewRotMat in the specified shader program.
[12Feb2025 17:30:08.590] [Render thread/WARN] [net.minecraft.client.renderer.ShaderInstance/]: Shader rendertype_entity_decal could not find uniform named FogStart in the specified shader program.
[12Feb2025 17:30:08.590] [Render thread/WARN] [net.minecraft.client.renderer.ShaderInstance/]: Shader rendertype_entity_decal could not find uniform named FogEnd in the specified shader program.
[12Feb2025 17:30:08.590] [Render thread/WARN] [net.minecraft.client.renderer.ShaderInstance/]: Shader rendertype_entity_decal could not find uniform named FogColor in the specified shader program.
[12Feb2025 17:30:08.592] [Render thread/WARN] [net.minecraft.client.renderer.ShaderInstance/]: Shader rendertype_entity_no_outline could not find uniform named IViewRotMat in the specified shader program.
[12Feb2025 17:30:08.593] [Render thread/WARN] [net.minecraft.client.renderer.ShaderInstance/]: Shader rendertype_entity_no_outline could not find uniform named FogStart in the specified shader program.
[12Feb2025 17:30:08.593] [Render thread/WARN] [net.minecraft.client.renderer.ShaderInstance/]: Shader rendertype_entity_no_outline could not find uniform named FogEnd in the specified shader program.
[12Feb2025 17:30:08.593] [Render thread/WARN] [net.minecraft.client.renderer.ShaderInstance/]: Shader rendertype_entity_no_outline could not find uniform named FogColor in the specified shader program.
[12Feb2025 17:30:08.595] [Render thread/WARN] [net.minecraft.client.renderer.ShaderInstance/]: Shader rendertype_entity_shadow could not find uniform named IViewRotMat in the specified shader program.
[12Feb2025 17:30:08.595] [Render thread/WARN] [net.minecraft.client.renderer.ShaderInstance/]: Shader rendertype_entity_shadow could not find uniform named FogStart in the specified shader program.
[12Feb2025 17:30:08.596] [Render thread/WARN] [net.minecraft.client.renderer.ShaderInstance/]: Shader rendertype_entity_shadow could not find uniform named FogEnd in the specified shader program.
[12Feb2025 17:30:08.596] [Render thread/WARN] [net.minecraft.client.renderer.ShaderInstance/]: Shader rendertype_entity_shadow could not find uniform named FogColor in the specified shader program.
[12Feb2025 17:30:08.599] [Render thread/WARN] [net.minecraft.client.renderer.ShaderInstance/]: Shader rendertype_eyes could not find uniform named IViewRotMat in the specified shader program.
[12Feb2025 17:30:08.600] [Render thread/WARN] [net.minecraft.client.renderer.ShaderInstance/]: Shader rendertype_eyes could not find uniform named FogStart in the specified shader program.
[12Feb2025 17:30:08.600] [Render thread/WARN] [net.minecraft.client.renderer.ShaderInstance/]: Shader rendertype_eyes could not find uniform named FogEnd in the specified shader program.
[12Feb2025 17:30:08.602] [Render thread/WARN] [net.minecraft.client.renderer.ShaderInstance/]: Shader rendertype_energy_swirl could not find uniform named FogStart in the specified shader program.
[12Feb2025 17:30:08.602] [Render thread/WARN] [net.minecraft.client.renderer.ShaderInstance/]: Shader rendertype_energy_swirl could not find uniform named FogEnd in the specified shader program.
[12Feb2025 17:30:08.607] [Render thread/WARN] [net.minecraft.client.renderer.ShaderInstance/]: Shader rendertype_leash could not find uniform named IViewRotMat in the specified shader program.
[12Feb2025 17:30:08.607] [Render thread/WARN] [net.minecraft.client.renderer.ShaderInstance/]: Shader rendertype_leash could not find uniform named FogStart in the specified shader program.
[12Feb2025 17:30:08.607] [Render thread/WARN] [net.minecraft.client.renderer.ShaderInstance/]: Shader rendertype_leash could not find uniform named FogEnd in the specified shader program.
[12Feb2025 17:30:08.607] [Render thread/WARN] [net.minecraft.client.renderer.ShaderInstance/]: Shader rendertype_leash could not find uniform named FogColor in the specified shader program.
[12Feb2025 17:30:08.611] [Render thread/WARN] [net.minecraft.client.renderer.ShaderInstance/]: Shader rendertype_armor_glint could not find uniform named FogStart in the specified shader program.
[12Feb2025 17:30:08.611] [Render thread/WARN] [net.minecraft.client.renderer.ShaderInstance/]: Shader rendertype_armor_glint could not find uniform named FogEnd in the specified shader program.
[12Feb2025 17:30:08.613] [Render thread/WARN] [net.minecraft.client.renderer.ShaderInstance/]: Shader rendertype_armor_entity_glint could not find uniform named FogStart in the specified shader program.
[12Feb2025 17:30:08.613] [Render thread/WARN] [net.minecraft.client.renderer.ShaderInstance/]: Shader rendertype_armor_entity_glint could not find uniform named FogEnd in the specified shader program.
[12Feb2025 17:30:08.615] [Render thread/WARN] [net.minecraft.client.renderer.ShaderInstance/]: Shader rendertype_glint_translucent could not find uniform named IViewRotMat in the specified shader program.
[12Feb2025 17:30:08.615] [Render thread/WARN] [net.minecraft.client.renderer.ShaderInstance/]: Shader rendertype_glint_translucent could not find uniform named FogStart in the specified shader program.
[12Feb2025 17:30:08.615] [Render thread/WARN] [net.minecraft.client.renderer.ShaderInstance/]: Shader rendertype_glint_translucent could not find uniform named FogEnd in the specified shader program.
[12Feb2025 17:30:08.617] [Render thread/WARN] [net.minecraft.client.renderer.ShaderInstance/]: Shader rendertype_glint could not find uniform named IViewRotMat in the specified shader program.
[12Feb2025 17:30:08.617] [Render thread/WARN] [net.minecraft.client.renderer.ShaderInstance/]: Shader rendertype_glint could not find uniform named FogStart in the specified shader program.
[12Feb2025 17:30:08.617] [Render thread/WARN] [net.minecraft.client.renderer.ShaderInstance/]: Shader rendertype_glint could not find uniform named FogEnd in the specified shader program.
[12Feb2025 17:30:08.619] [Render thread/WARN] [net.minecraft.client.renderer.ShaderInstance/]: Shader rendertype_glint_direct could not find uniform named IViewRotMat in the specified shader program.
[12Feb2025 17:30:08.619] [Render thread/WARN] [net.minecraft.client.renderer.ShaderInstance/]: Shader rendertype_glint_direct could not find uniform named FogStart in the specified shader program.
[12Feb2025 17:30:08.619] [Render thread/WARN] [net.minecraft.client.renderer.ShaderInstance/]: Shader rendertype_glint_direct could not find uniform named FogEnd in the specified shader program.
[12Feb2025 17:30:08.621] [Render thread/WARN] [net.minecraft.client.renderer.ShaderInstance/]: Shader rendertype_entity_glint could not find uniform named IViewRotMat in the specified shader program.
[12Feb2025 17:30:08.621] [Render thread/WARN] [net.minecraft.client.renderer.ShaderInstance/]: Shader rendertype_entity_glint could not find uniform named FogStart in the specified shader program.
[12Feb2025 17:30:08.621] [Render thread/WARN] [net.minecraft.client.renderer.ShaderInstance/]: Shader rendertype_entity_glint could not find uniform named FogEnd in the specified shader program.
[12Feb2025 17:30:08.623] [Render thread/WARN] [net.minecraft.client.renderer.ShaderInstance/]: Shader rendertype_entity_glint_direct could not find uniform named IViewRotMat in the specified shader program.
[12Feb2025 17:30:08.623] [Render thread/WARN] [net.minecraft.client.renderer.ShaderInstance/]: Shader rendertype_entity_glint_direct could not find uniform named FogStart in the specified shader program.
[12Feb2025 17:30:08.623] [Render thread/WARN] [net.minecraft.client.renderer.ShaderInstance/]: Shader rendertype_entity_glint_direct could not find uniform named FogEnd in the specified shader program.
[12Feb2025 17:30:08.625] [Render thread/WARN] [net.minecraft.client.renderer.ShaderInstance/]: Shader rendertype_text could not find uniform named IViewRotMat in the specified shader program.
[12Feb2025 17:30:08.625] [Render thread/WARN] [net.minecraft.client.renderer.ShaderInstance/]: Shader rendertype_text could not find uniform named FogStart in the specified shader program.
[12Feb2025 17:30:08.625] [Render thread/WARN] [net.minecraft.client.renderer.ShaderInstance/]: Shader rendertype_text could not find uniform named FogEnd in the specified shader program.
[12Feb2025 17:30:08.625] [Render thread/WARN] [net.minecraft.client.renderer.ShaderInstance/]: Shader rendertype_text could not find uniform named FogColor in the specified shader program.
[12Feb2025 17:30:08.626] [Render thread/WARN] [net.minecraft.client.renderer.ShaderInstance/]: Shader rendertype_text_background could not find uniform named IViewRotMat in the specified shader program.
[12Feb2025 17:30:08.626] [Render thread/WARN] [net.minecraft.client.renderer.ShaderInstance/]: Shader rendertype_text_background could not find uniform named FogStart in the specified shader program.
[12Feb2025 17:30:08.626] [Render thread/WARN] [net.minecraft.client.renderer.ShaderInstance/]: Shader rendertype_text_background could not find uniform named FogEnd in the specified shader program.
[12Feb2025 17:30:08.627] [Render thread/WARN] [net.minecraft.client.renderer.ShaderInstance/]: Shader rendertype_text_background could not find uniform named FogColor in the specified shader program.
[12Feb2025 17:30:08.628] [Render thread/WARN] [net.minecraft.client.renderer.ShaderInstance/]: Shader rendertype_text_intensity could not find uniform named IViewRotMat in the specified shader program.
[12Feb2025 17:30:08.629] [Render thread/WARN] [net.minecraft.client.renderer.ShaderInstance/]: Shader rendertype_text_intensity could not find uniform named FogStart in the specified shader program.
[12Feb2025 17:30:08.629] [Render thread/WARN] [net.minecraft.client.renderer.ShaderInstance/]: Shader rendertype_text_intensity could not find uniform named FogEnd in the specified shader program.
[12Feb2025 17:30:08.629] [Render thread/WARN] [net.minecraft.client.renderer.ShaderInstance/]: Shader rendertype_text_intensity could not find uniform named FogColor in the specified shader program.
[12Feb2025 17:30:08.633] [Render thread/WARN] [net.minecraft.client.renderer.ShaderInstance/]: Shader rendertype_lightning could not find uniform named IViewRotMat in the specified shader program.
[12Feb2025 17:30:08.633] [Render thread/WARN] [net.minecraft.client.renderer.ShaderInstance/]: Shader rendertype_lightning could not find uniform named FogStart in the specified shader program.
[12Feb2025 17:30:08.633] [Render thread/WARN] [net.minecraft.client.renderer.ShaderInstance/]: Shader rendertype_lightning could not find uniform named FogEnd in the specified shader program.
[12Feb2025 17:30:08.635] [Render thread/WARN] [net.minecraft.client.renderer.ShaderInstance/]: Shader rendertype_tripwire could not find uniform named FogStart in the specified shader program.
[12Feb2025 17:30:08.636] [Render thread/WARN] [net.minecraft.client.renderer.ShaderInstance/]: Shader rendertype_tripwire could not find uniform named FogEnd in the specified shader program.
[12Feb2025 17:30:08.636] [Render thread/WARN] [net.minecraft.client.renderer.ShaderInstance/]: Shader rendertype_tripwire could not find uniform named FogColor in the specified shader program.
[12Feb2025 17:30:08.640] [Render thread/WARN] [net.minecraft.client.renderer.ShaderInstance/]: Shader rendertype_lines could not find uniform named FogStart in the specified shader program.
[12Feb2025 17:30:08.640] [Render thread/WARN] [net.minecraft.client.renderer.ShaderInstance/]: Shader rendertype_lines could not find uniform named FogEnd in the specified shader program.
[12Feb2025 17:30:08.640] [Render thread/WARN] [net.minecraft.client.renderer.ShaderInstance/]: Shader rendertype_lines could not find uniform named FogColor in the specified shader program.
[12Feb2025 17:30:08.646] [Render thread/ERROR] [net.minecraftforge.fml.ModLoader/]: Cowardly refusing to send event net.minecraftforge.client.event.RegisterShadersEvent to a broken mod state
[12Feb2025 17:30:08.668] [Render thread/INFO] [net.minecraft.client.renderer.texture.TextureAtlas/]: Created: 256x256x0 minecraft:textures/atlas/particles.png-atlas
[12Feb2025 17:30:08.669] [Render thread/ERROR] [net.minecraftforge.fml.ModLoader/]: Cowardly refusing to send event net.minecraftforge.client.event.TextureStitchEvent$Post to a broken mod state
[12Feb2025 17:30:08.670] [Render thread/INFO] [net.minecraft.client.renderer.texture.TextureAtlas/]: Created: 256x256x0 minecraft:textures/atlas/paintings.png-atlas
[12Feb2025 17:30:08.671] [Render thread/ERROR] [net.minecraftforge.fml.ModLoader/]: Cowardly refusing to send event net.minecraftforge.client.event.TextureStitchEvent$Post to a broken mod state
[12Feb2025 17:30:08.671] [Render thread/INFO] [net.minecraft.client.renderer.texture.TextureAtlas/]: Created: 128x128x0 minecraft:textures/atlas/mob_effects.png-atlas
[12Feb2025 17:30:08.671] [Render thread/ERROR] [net.minecraftforge.fml.ModLoader/]: Cowardly refusing to send event net.minecraftforge.client.event.TextureStitchEvent$Post to a broken mod state
[12Feb2025 17:30:08.699] [Render thread/DEBUG] [net.minecraftforge.common.ForgeI18n/CORE]: Loading I18N data entries: 6434
[12Feb2025 17:30:08.740] [Render thread/DEBUG] [oshi.util.FileUtil/]: No oshi.architecture.properties file found from ClassLoader cpw.mods.modlauncher.TransformingClassLoader@659feb22
[12Feb2025 17:30:08.837] [Render thread/FATAL] [net.minecraftforge.common.ForgeMod/]: Preparing crash report with UUID 38a4beb2-ec84-49a9-933e-7a93167a89e0
[12Feb2025 17:30:08.837] [Render thread/FATAL] [net.minecraftforge.client.loading.ClientModLoader/]: Crash report saved to .\crash-reports\crash-2025-02-12_17.30.08-fml.txt
[12Feb2025 17:30:08.840] [Render thread/FATAL] [net.minecraftforge.common.ForgeMod/]: Preparing crash report with UUID d278e5fc-58fd-407d-be32-c444f7f0be24
[12Feb2025 17:50:29.692] [Render thread/INFO] [net.minecraft.client.Minecraft/]: Stopping!
