JvmtiExport can_access_local_variables 0
JvmtiExport can_hotswap_or_post_breakpoint 0
JvmtiExport can_post_on_exceptions 0
# 332 ciObject found
instanceKlass org/objectweb/asm/ClassReader
ciInstanceKlass java/lang/Cloneable 1 0 7 100 1 100 1 1 1
instanceKlass net/minecraft/world/level/WorldGenLevel
instanceKlass net/minecraft/world/level/ServerLevelAccessor
instanceKlass net/minecraftforge/common/extensions/IForgeLevel
instanceKlass net/minecraft/world/level/LevelAccessor
instanceKlass net/minecraft/world/level/LevelTimeAccess
instanceKlass net/minecraft/world/level/CommonLevelAccessor
instanceKlass net/minecraft/world/level/LevelSimulatedRW
instanceKlass net/minecraft/world/level/LevelWriter
instanceKlass net/minecraft/world/level/LevelSimulatedReader
instanceKlass net/minecraft/world/level/LevelReader
instanceKlass net/minecraft/world/level/biome/BiomeManager$NoiseBiomeSource
instanceKlass net/minecraft/world/level/SignalGetter
instanceKlass net/minecraft/world/level/BlockAndTintGetter
instanceKlass net/minecraftforge/client/extensions/IForgeBlockAndTintGetter
instanceKlass net/minecraft/world/level/EntityGetter
instanceKlass it/unimi/dsi/fastutil/objects/AbstractObject2ByteFunction
instanceKlass it/unimi/dsi/fastutil/objects/Object2ByteSortedMap
instanceKlass it/unimi/dsi/fastutil/objects/Object2ByteMap
instanceKlass it/unimi/dsi/fastutil/objects/Object2ByteFunction
instanceKlass com/google/common/cache/CacheLoader
instanceKlass net/minecraft/world/level/CollisionGetter
instanceKlass net/minecraftforge/common/extensions/IForgeLivingEntity
instanceKlass net/minecraft/world/entity/Attackable
instanceKlass net/minecraftforge/common/capabilities/CapabilityProvider
instanceKlass net/minecraftforge/common/capabilities/ICapabilityProviderImpl
instanceKlass net/minecraftforge/common/extensions/IForgeEntity
instanceKlass net/minecraftforge/common/capabilities/ICapabilitySerializable
instanceKlass net/minecraftforge/common/util/INBTSerializable
instanceKlass net/minecraftforge/common/capabilities/ICapabilityProvider
instanceKlass net/minecraft/commands/CommandSource
instanceKlass net/minecraft/world/level/entity/EntityAccess
instanceKlass net/minecraft/world/Nameable
instanceKlass net/minecraft/world/level/BlockGetter
instanceKlass net/minecraftforge/common/extensions/IForgeBlockGetter
instanceKlass net/minecraft/world/level/LevelHeightAccessor
instanceKlass net/minecraft/world/level/block/state/properties/Property
instanceKlass net/minecraftforge/common/extensions/IForgeBlockState
instanceKlass net/minecraft/world/level/block/state/StateHolder
instanceKlass net/minecraft/core/Vec3i
instanceKlass net/minecraft/world/level/block/state/BlockBehaviour
instanceKlass net/minecraft/world/flag/FeatureElement
instanceKlass net/minecraftforge/common/extensions/IForgeBlock
instanceKlass net/minecraft/world/level/ItemLike
instanceKlass net/minecraftforge/registries/IForgeRegistry$MissingFactory
instanceKlass net/minecraftforge/registries/GameData$BlockCallbacks
instanceKlass net/minecraftforge/registries/IForgeRegistry$CreateCallback
instanceKlass net/minecraftforge/registries/IForgeRegistry$BakeCallback
instanceKlass net/minecraftforge/registries/IForgeRegistry$ClearCallback
instanceKlass net/minecraftforge/registries/IForgeRegistry$AddCallback
instanceKlass net/minecraftforge/registries/RegistryBuilder
instanceKlass java/lang/invoke/MethodHandleImpl$CountingWrapper$1
instanceKlass net/minecraftforge/registries/ForgeRegistries$Keys
instanceKlass net/minecraftforge/registries/tags/ITagManager
instanceKlass it/unimi/dsi/fastutil/ints/IntSet
instanceKlass net/minecraftforge/registries/ForgeRegistry
instanceKlass net/minecraftforge/registries/IForgeRegistryModifiable
instanceKlass net/minecraftforge/registries/IForgeRegistryInternal
instanceKlass net/minecraftforge/registries/IForgeRegistry
instanceKlass net/minecraftforge/fml/event/IModBusEvent
instanceKlass org/objectweb/asm/TypeReference
instanceKlass net/minecraftforge/eventbus/Names
instanceKlass net/minecraftforge/registries/IForgeRegistry$ValidateCallback
instanceKlass net/minecraftforge/registries/GameData
instanceKlass net/minecraft/sounds/SoundEvent
instanceKlass net/minecraft/core/Holder$Reference
instanceKlass org/apache/commons/lang3/Validate
instanceKlass net/minecraft/core/DefaultedRegistry
instanceKlass net/minecraft/world/level/gameevent/GameEvent
instanceKlass net/minecraft/core/registries/BuiltInRegistries$RegistryBootstrap
instanceKlass net/minecraft/core/registries/Registries
instanceKlass net/minecraft/core/MappedRegistry$1
instanceKlass it/unimi/dsi/fastutil/HashCommon
instanceKlass net/minecraft/Util$4
instanceKlass net/minecraft/Util$3
instanceKlass net/minecraft/util/TimeSource$NanoTimeSource
instanceKlass net/minecraft/util/TimeSource
instanceKlass java/util/concurrent/SynchronousQueue$TransferStack$SNode
instanceKlass java/util/concurrent/ForkJoinPool$ManagedBlocker
instanceKlass java/util/concurrent/SynchronousQueue$Transferer
instanceKlass net/minecraft/world/level/levelgen/MarsagliaPolarGaussian
instanceKlass java/util/function/LongUnaryOperator
instanceKlass com/google/common/hash/Hasher
instanceKlass com/google/common/hash/PrimitiveSink
instanceKlass com/google/common/hash/AbstractHashFunction
instanceKlass com/google/common/hash/Hashing$Md5Holder
instanceKlass com/google/common/hash/HashFunction
instanceKlass com/google/common/hash/Hashing
instanceKlass net/minecraft/world/level/levelgen/RandomSupport
instanceKlass net/minecraft/world/level/levelgen/PositionalRandomFactory
instanceKlass net/minecraft/world/level/levelgen/ThreadSafeLegacyRandomSource
instanceKlass net/minecraft/world/level/levelgen/BitRandomSource
instanceKlass net/minecraft/util/RandomSource
instanceKlass net/minecraft/util/Mth
instanceKlass java/util/function/BooleanSupplier
instanceKlass com/google/common/base/Ticker
instanceKlass net/minecraft/Util
instanceKlass it/unimi/dsi/fastutil/objects/Object2IntMap$FastEntrySet
instanceKlass it/unimi/dsi/fastutil/ints/IntCollection
instanceKlass it/unimi/dsi/fastutil/ints/IntIterable
instanceKlass java/util/function/IntBinaryOperator
instanceKlass it/unimi/dsi/fastutil/objects/AbstractObject2IntFunction
instanceKlass it/unimi/dsi/fastutil/objects/Object2IntMap
instanceKlass it/unimi/dsi/fastutil/objects/Object2IntFunction
instanceKlass it/unimi/dsi/fastutil/Hash
instanceKlass it/unimi/dsi/fastutil/objects/ObjectListIterator
instanceKlass it/unimi/dsi/fastutil/objects/ObjectBidirectionalIterator
instanceKlass it/unimi/dsi/fastutil/BidirectionalIterator
instanceKlass it/unimi/dsi/fastutil/objects/ObjectSpliterator
instanceKlass it/unimi/dsi/fastutil/objects/ObjectIterator
instanceKlass it/unimi/dsi/fastutil/Stack
instanceKlass com/google/common/collect/MapMakerInternalMap$AbstractStrongKeyEntry
instanceKlass com/google/common/collect/MapMakerInternalMap$WeakValueEntry
instanceKlass org/objectweb/asm/tree/ParameterNode
instanceKlass java/util/concurrent/atomic/AtomicReferenceArray
instanceKlass net/minecraftforge/fml/Logging
instanceKlass com/google/common/base/Equivalence
instanceKlass net/minecraftforge/fml/javafmlmod/FMLJavaModLanguageProvider$FMLModTarget
instanceKlass com/google/common/collect/MapMakerInternalMap$StrongKeyWeakValueEntry$Helper
instanceKlass com/google/common/base/MoreObjects
instanceKlass com/google/common/collect/MapMakerInternalMap$InternalEntry
instanceKlass com/google/common/collect/MapMakerInternalMap$1
instanceKlass com/google/common/collect/MapMakerInternalMap$InternalEntryHelper
instanceKlass com/google/common/collect/MapMakerInternalMap$WeakValueReference
instanceKlass com/google/common/collect/MapMaker
instanceKlass net/minecraft/resources/ResourceKey
instanceKlass net/minecraft/core/Holder
instanceKlass net/minecraftforge/registries/tags/IReverseTag
instanceKlass it/unimi/dsi/fastutil/objects/ObjectList
instanceKlass net/minecraft/core/HolderLookup$RegistryLookup
instanceKlass net/minecraft/core/HolderOwner
instanceKlass net/minecraft/core/HolderLookup
instanceKlass net/minecraft/core/HolderGetter
instanceKlass net/minecraft/core/MappedRegistry
instanceKlass net/minecraft/core/WritableRegistry
instanceKlass net/minecraft/core/Registry
instanceKlass net/minecraft/core/IdMap
instanceKlass net/minecraft/core/registries/BuiltInRegistries
instanceKlass net/minecraft/world/level/GameRules$GameRuleTypeVisitor
instanceKlass net/minecraft/server/Bootstrap
instanceKlass net/minecraftforge/data/loading/DatagenModLoader
instanceKlass java/io/FileFilter
instanceKlass java/io/FilenameFilter
instanceKlass java/time/LocalTime$1
instanceKlass java/time/temporal/TemporalQueries$7
instanceKlass java/time/temporal/TemporalQueries$6
instanceKlass java/time/temporal/TemporalQueries$5
instanceKlass java/time/temporal/TemporalQueries$4
instanceKlass java/time/temporal/TemporalQueries$3
instanceKlass java/time/temporal/TemporalQueries$2
instanceKlass java/time/temporal/TemporalQueries$1
instanceKlass java/time/temporal/TemporalQueries
instanceKlass java/time/format/Parsed
instanceKlass java/time/format/DateTimeParseContext
instanceKlass com/google/gson/internal/bind/TypeAdapters$35
instanceKlass com/google/gson/GsonBuilder
instanceKlass net/minecraft/util/GsonHelper
instanceKlass net/minecraft/world/level/storage/DataVersion
instanceKlass net/minecraft/DetectedVersion
instanceKlass com/mojang/datafixers/util/Function4
instanceKlass com/mojang/datafixers/util/Function8
instanceKlass com/mojang/datafixers/Products$P8
instanceKlass net/minecraft/util/FormattedCharSink
instanceKlass net/minecraft/util/FormattedCharSequence
instanceKlass com/mojang/serialization/Codec$1
instanceKlass com/mojang/serialization/Lifecycle
instanceKlass com/mojang/brigadier/ImmutableStringReader
instanceKlass net/minecraft/resources/ResourceLocation
instanceKlass com/google/common/collect/CollectSpliterators$1WithCharacteristics
instanceKlass com/google/common/collect/CollectSpliterators
instanceKlass com/google/common/collect/ImmutableMap$Builder
instanceKlass net/minecraft/util/ExtraCodecs$2
instanceKlass com/google/common/collect/LinkedHashMultimap$ValueSetLink
instanceKlass com/mojang/authlib/GameProfile
instanceKlass com/mojang/datafixers/util/Pair
instanceKlass net/minecraft/core/UUIDUtil
instanceKlass com/google/common/collect/ForwardingObject
instanceKlass com/mojang/serialization/codecs/UnboundedMapCodec
instanceKlass com/mojang/serialization/codecs/BaseMapCodec
instanceKlass com/mojang/datafixers/util/Function3
instanceKlass com/mojang/datafixers/Products$P3
instanceKlass com/mojang/authlib/properties/Property
instanceKlass java/util/stream/LongStream
instanceKlass java/util/OptionalLong
instanceKlass java/time/Period
instanceKlass java/time/chrono/ChronoPeriod
instanceKlass java/time/format/DateTimeFormatterBuilder$TextPrinterParser
instanceKlass java/time/format/DateTimeTextProvider$1
instanceKlass java/time/format/DateTimeTextProvider
instanceKlass java/time/format/DateTimeTextProvider$LocaleStore
instanceKlass java/time/format/DateTimeFormatterBuilder$InstantPrinterParser
instanceKlass java/time/format/DateTimeFormatterBuilder$StringLiteralPrinterParser
instanceKlass java/time/format/DateTimeFormatterBuilder$ZoneIdPrinterParser
instanceKlass java/time/format/DateTimeFormatterBuilder$OffsetIdPrinterParser
instanceKlass java/time/format/DecimalStyle
instanceKlass java/time/format/DateTimeFormatterBuilder$CompositePrinterParser
instanceKlass java/time/format/DateTimeFormatterBuilder$CharLiteralPrinterParser
instanceKlass java/time/format/DateTimeFormatterBuilder$NumberPrinterParser
instanceKlass java/time/format/DateTimeFormatterBuilder$DateTimePrinterParser
instanceKlass java/time/temporal/JulianFields
instanceKlass java/time/temporal/IsoFields
instanceKlass java/time/temporal/TemporalQuery
instanceKlass java/time/format/DateTimeFormatterBuilder
instanceKlass java/time/format/DateTimeFormatter
instanceKlass org/joml/Matrix4f
instanceKlass org/joml/Matrix4fc
instanceKlass com/mojang/datafixers/util/Either
instanceKlass com/mojang/serialization/codecs/EitherCodec
instanceKlass org/joml/Vector4dc
instanceKlass com/mojang/serialization/MapCodec$MapCodecCodec
instanceKlass org/joml/Vector4fc
instanceKlass com/mojang/datafixers/Products$P2
instanceKlass org/joml/AxisAngle4f
instanceKlass org/joml/Quaternionf
instanceKlass org/joml/Quaternionfc
instanceKlass org/joml/Vector3f
instanceKlass org/joml/Vector3fc
instanceKlass com/mojang/serialization/codecs/ListCodec
instanceKlass com/mojang/serialization/Encoder$2
instanceKlass com/mojang/serialization/Decoder$2
instanceKlass com/mojang/serialization/DynamicLike
instanceKlass it/unimi/dsi/fastutil/floats/FloatList
instanceKlass it/unimi/dsi/fastutil/floats/FloatCollection
instanceKlass it/unimi/dsi/fastutil/floats/FloatIterable
instanceKlass com/mojang/serialization/DynamicOps
instanceKlass net/minecraft/util/ExtraCodecs
instanceKlass net/minecraft/util/StringRepresentable$EnumCodec
instanceKlass net/minecraft/util/StringRepresentable
instanceKlass org/objectweb/asm/TypePath
instanceKlass com/mojang/serialization/Codec$2
instanceKlass com/mojang/serialization/Decoder$1
instanceKlass com/mojang/serialization/Encoder$1
instanceKlass com/mojang/serialization/DataResult
instanceKlass com/mojang/serialization/MapCodec$ResultFunction
instanceKlass com/mojang/serialization/MapLike
instanceKlass it/unimi/dsi/fastutil/objects/ObjectArrays$ArrayHashStrategy
instanceKlass it/unimi/dsi/fastutil/Hash$Strategy
instanceKlass it/unimi/dsi/fastutil/objects/ObjectArrays
instanceKlass it/unimi/dsi/fastutil/objects/Object2ObjectMap$FastEntrySet
instanceKlass it/unimi/dsi/fastutil/objects/ObjectSet
instanceKlass it/unimi/dsi/fastutil/objects/ObjectCollection
instanceKlass it/unimi/dsi/fastutil/objects/ObjectIterable
instanceKlass it/unimi/dsi/fastutil/objects/AbstractObject2ObjectFunction
instanceKlass it/unimi/dsi/fastutil/objects/Object2ObjectMap
instanceKlass it/unimi/dsi/fastutil/objects/Object2ObjectFunction
instanceKlass it/unimi/dsi/fastutil/Function
instanceKlass net/minecraftforge/fml/mclanguageprovider/MinecraftModLanguageProvider$MinecraftModTarget
instanceKlass net/minecraftforge/forgespi/language/IModLanguageProvider$IModLanguageLoader
instanceKlass com/mojang/serialization/RecordBuilder
instanceKlass com/mojang/serialization/Codec$20
instanceKlass com/mojang/serialization/Codec$19
instanceKlass com/mojang/serialization/Codec$18
instanceKlass com/mojang/serialization/Codec$17
instanceKlass com/mojang/serialization/Codec$16
instanceKlass com/mojang/serialization/Codec$15
instanceKlass com/mojang/serialization/Codec$14
instanceKlass com/mojang/serialization/Codec$13
instanceKlass com/mojang/serialization/Codec$12
instanceKlass com/mojang/serialization/Codec$11
instanceKlass com/mojang/serialization/Codec$10
instanceKlass com/mojang/serialization/Codec$9
instanceKlass com/mojang/serialization/Codec$ResultFunction
instanceKlass com/mojang/serialization/codecs/PrimitiveCodec
instanceKlass com/mojang/serialization/Codec
instanceKlass com/mojang/serialization/Decoder
instanceKlass com/mojang/serialization/Encoder
instanceKlass net/minecraft/network/chat/TextColor
instanceKlass com/mojang/serialization/CompressorHolder
instanceKlass com/mojang/serialization/Compressable
instanceKlass com/mojang/serialization/MapEncoder
instanceKlass com/mojang/serialization/MapDecoder
instanceKlass com/mojang/serialization/Keyable
instanceKlass com/mojang/serialization/codecs/RecordCodecBuilder
instanceKlass com/mojang/serialization/codecs/RecordCodecBuilder$Instance
instanceKlass com/mojang/datafixers/kinds/Applicative
instanceKlass com/mojang/datafixers/kinds/Functor
instanceKlass com/mojang/datafixers/kinds/Kind1
instanceKlass com/mojang/datafixers/kinds/App
instanceKlass net/minecraft/network/chat/Style
instanceKlass net/minecraft/network/chat/MutableComponent
instanceKlass net/minecraft/network/chat/FormattedText$2
instanceKlass net/minecraft/network/chat/FormattedText$1
instanceKlass net/minecraft/network/chat/ComponentContents$1
instanceKlass net/minecraft/network/chat/contents/TranslatableContents
instanceKlass org/objectweb/asm/tree/TryCatchBlockNode
instanceKlass net/minecraft/network/chat/ComponentContents
instanceKlass net/minecraft/commands/BrigadierExceptions
instanceKlass com/mojang/brigadier/LiteralMessage
instanceKlass com/mojang/brigadier/exceptions/SimpleCommandExceptionType
instanceKlass com/mojang/brigadier/exceptions/DynamicCommandExceptionType
instanceKlass com/mojang/brigadier/exceptions/Dynamic2CommandExceptionType$Function
instanceKlass com/mojang/brigadier/exceptions/Dynamic2CommandExceptionType
instanceKlass com/mojang/brigadier/exceptions/CommandExceptionType
instanceKlass com/mojang/brigadier/exceptions/BuiltInExceptions
instanceKlass javax/security/cert/Certificate
instanceKlass io/netty/util/AsciiString
instanceKlass io/netty/util/internal/EmptyArrays
instanceKlass org/apache/logging/log4j/message/ParameterizedMessage
instanceKlass org/slf4j/helpers/FormattingTuple
instanceKlass org/slf4j/helpers/NormalizedParameters
instanceKlass org/slf4j/helpers/MessageFormatter
instanceKlass io/netty/util/internal/SystemPropertyUtil
instanceKlass org/apache/logging/log4j/message/TimestampMessage
instanceKlass org/apache/logging/log4j/message/AsynchronouslyFormattable
instanceKlass org/apache/logging/log4j/core/async/InternalAsyncUtil
instanceKlass io/netty/util/internal/ObjectUtil
instanceKlass io/netty/util/internal/logging/Slf4JLoggerFactory$NopInstanceHolder
instanceKlass io/netty/util/internal/logging/AbstractInternalLogger
instanceKlass io/netty/util/internal/logging/InternalLogger
instanceKlass io/netty/util/internal/logging/InternalLoggerFactory
instanceKlass io/netty/util/ResourceLeakTracker
instanceKlass io/netty/util/ResourceLeak
instanceKlass io/netty/util/ResourceLeakDetector
instanceKlass com/mojang/brigadier/exceptions/BuiltInExceptionProvider
instanceKlass net/minecraft/SharedConstants
instanceKlass net/minecraft/data/DataGenerator
instanceKlass net/minecraft/WorldVersion
instanceKlass net/minecraft/data/structures/SnbtToNbt$Filter
instanceKlass net/minecraft/network/chat/Component
instanceKlass net/minecraft/network/chat/FormattedText
instanceKlass com/mojang/brigadier/Message
instanceKlass net/minecraft/data/Main
instanceKlass org/apache/logging/log4j/core/config/Configurator
instanceKlass org/apache/logging/log4j/core/impl/ContextAnchor
instanceKlass java/util/function/LongSupplier
instanceKlass java/util/function/IntSupplier
instanceKlass net/minecraftforge/client/loading/NoVizFallback
instanceKlass net/minecraftforge/eventbus/LockHelper
instanceKlass net/minecraftforge/eventbus/api/Event
instanceKlass net/minecraftforge/eventbus/api/IEventListener
instanceKlass net/minecraftforge/eventbus/ClassLoaderFactory
instanceKlass net/minecraftforge/eventbus/IEventListenerFactory
instanceKlass org/spongepowered/asm/mixin/Mixins
instanceKlass org/spongepowered/asm/mixin/transformer/ext/extensions/ExtensionCheckInterfaces
instanceKlass org/spongepowered/asm/mixin/transformer/ext/extensions/ExtensionCheckClass
instanceKlass com/google/common/io/MoreFiles$1
instanceKlass com/google/common/io/ByteSink
instanceKlass com/google/common/io/ByteSource
instanceKlass com/google/common/io/MoreFiles
instanceKlass org/spongepowered/asm/mixin/Mixin
instanceKlass org/spongepowered/asm/util/Constants
instanceKlass org/spongepowered/asm/mixin/transformer/ext/extensions/ExtensionClassExporter
instanceKlass org/spongepowered/asm/mixin/extensibility/IMixinInfo
instanceKlass org/spongepowered/asm/mixin/transformer/InnerClassGenerator
instanceKlass org/spongepowered/asm/mixin/injection/invoke/arg/Args
instanceKlass org/spongepowered/asm/service/ISyntheticClassInfo
instanceKlass org/spongepowered/asm/mixin/injection/invoke/arg/ArgsClassGenerator
instanceKlass org/spongepowered/asm/mixin/transformer/DefaultExtensions$1
instanceKlass org/spongepowered/asm/mixin/transformer/ext/IExtension
instanceKlass org/spongepowered/asm/mixin/transformer/ext/IClassGenerator
instanceKlass org/spongepowered/asm/mixin/transformer/DefaultExtensions
instanceKlass org/spongepowered/asm/mixin/transformer/MixinClassGenerator
instanceKlass sun/security/provider/AbstractDrbg$NonceProvider
instanceKlass java/net/NetworkInterface$1
instanceKlass java/net/DefaultInterface
instanceKlass java/net/InterfaceAddress
instanceKlass java/net/NetworkInterface
instanceKlass sun/security/provider/SeedGenerator$1
instanceKlass sun/security/provider/SeedGenerator
instanceKlass sun/security/provider/AbstractDrbg$SeederHolder
instanceKlass java/security/DrbgParameters$NextBytes
instanceKlass sun/security/provider/EntropySource
instanceKlass sun/security/provider/AbstractDrbg
instanceKlass java/security/DrbgParameters$Instantiation
instanceKlass java/security/DrbgParameters
instanceKlass sun/security/provider/MoreDrbgParameters
instanceKlass java/security/SecureRandomSpi
instanceKlass java/util/UUID$Holder
instanceKlass org/spongepowered/asm/mixin/transformer/MixinProcessor
instanceKlass org/spongepowered/asm/mixin/transformer/MixinCoprocessor
instanceKlass org/spongepowered/asm/mixin/transformer/MixinConfig$IListener
instanceKlass org/spongepowered/asm/mixin/transformer/ext/Extensions
instanceKlass org/spongepowered/asm/mixin/transformer/SyntheticClassRegistry
instanceKlass org/spongepowered/asm/mixin/transformer/ext/IExtensionRegistry
instanceKlass org/spongepowered/asm/service/ISyntheticClassRegistry
instanceKlass org/spongepowered/asm/transformers/TreeTransformer
instanceKlass org/spongepowered/asm/service/ILegacyClassTransformer
instanceKlass org/spongepowered/asm/service/ITransformer
instanceKlass cpw/mods/modlauncher/TransformerAuditTrail$TransformerActivity
instanceKlass cpw/mods/modlauncher/api/ITransformerActivity
instanceKlass org/objectweb/asm/tree/LocalVariableNode
instanceKlass org/objectweb/asm/tree/InnerClassNode
instanceKlass org/objectweb/asm/tree/Util
instanceKlass net/minecraftforge/eventbus/EventAccessTransformer
instanceKlass net/minecraftforge/eventbus/EventSubclassTransformer
instanceKlass net/minecraftforge/eventbus/LogMarkers
instanceKlass net/minecraftforge/eventbus/EventBusEngine
instanceKlass org/spongepowered/asm/launch/Phases
instanceKlass org/spongepowered/asm/launch/platform/CommandLineOptions
instanceKlass cpw/mods/modlauncher/api/ITransformerVotingContext
instanceKlass cpw/mods/modlauncher/ClassTransformer
instanceKlass cpw/mods/modlauncher/TransformerAuditTrail
instanceKlass net/minecraftforge/fml/loading/moddiscovery/ModAnnotation$EnumHolder
instanceKlass java/nio/file/Path$1
instanceKlass java/util/concurrent/locks/ReentrantReadWriteLock$Sync$HoldCounter
instanceKlass cpw/mods/modlauncher/TransformingClassLoaderBuilder
instanceKlass org/spongepowered/asm/util/JavaVersion
instanceKlass org/spongepowered/asm/util/Files
instanceKlass org/spongepowered/asm/launch/platform/MainAttributes
instanceKlass org/spongepowered/asm/launch/platform/container/ContainerHandleURI
instanceKlass cpw/mods/modlauncher/TransformerHolder
instanceKlass net/minecraftforge/coremod/transformer/CoreModBaseTransformer
instanceKlass cpw/mods/modlauncher/api/ITransformer$Target
instanceKlass net/minecraftforge/coremod/CoreMod$1
instanceKlass org/openjdk/nashorn/internal/runtime/PropertySwitchPoints$WeakSwitchPointSet
instanceKlass org/openjdk/nashorn/internal/runtime/PropertySwitchPoints
instanceKlass org/openjdk/nashorn/internal/scripts/ModuleGraphManipulator
instanceKlass org/openjdk/nashorn/internal/codegen/Condition$1
instanceKlass org/openjdk/nashorn/internal/codegen/CodeGenerator$32
instanceKlass org/openjdk/nashorn/internal/codegen/BranchOptimizer$1
instanceKlass jdk/dynalink/beans/AbstractJavaLinker$1
instanceKlass org/openjdk/nashorn/internal/codegen/ConstantData$ArrayWrapper
instanceKlass org/openjdk/nashorn/internal/parser/Lexer$LexerToken
instanceKlass org/openjdk/nashorn/internal/ir/LiteralNode$ArrayLiteralNode$ArrayLiteralInitializer
instanceKlass org/openjdk/nashorn/internal/scripts/ModuleGraphManipulator
instanceKlass org/openjdk/nashorn/internal/parser/Parser$ForVariableDeclarationListResult
instanceKlass org/openjdk/nashorn/internal/runtime/linker/JavaArgumentConverters
instanceKlass jdk/dynalink/TypeConverterFactory$LookupSupplier
instanceKlass jdk/dynalink/internal/InternalTypeUtilities
instanceKlass jdk/dynalink/BiClassValue$1
instanceKlass jdk/dynalink/BiClassValue$BiClassValues
instanceKlass org/openjdk/nashorn/internal/codegen/BranchOptimizer
instanceKlass org/openjdk/nashorn/internal/scripts/ModuleGraphManipulator
instanceKlass org/openjdk/nashorn/internal/runtime/ScriptObject$ScriptObjectIterator
instanceKlass org/openjdk/nashorn/api/scripting/ScriptUtils
instanceKlass org/openjdk/nashorn/internal/scripts/ModuleGraphManipulator
instanceKlass jdk/dynalink/beans/DynamicMethodLinker
instanceKlass jdk/dynalink/beans/GuardedInvocationComponent$Validator
instanceKlass jdk/dynalink/beans/GuardedInvocationComponent
instanceKlass jdk/dynalink/beans/AbstractJavaLinker$ComponentLinkRequest
instanceKlass java/lang/Class$2
instanceKlass jdk/dynalink/beans/AccessibleMembersLookup$MethodSignature
instanceKlass org/objectweb/asm/tree/InsnList
instanceKlass jdk/dynalink/beans/AccessibleMembersLookup
instanceKlass jdk/dynalink/beans/CheckRestrictedPackage
instanceKlass jdk/dynalink/beans/AbstractJavaLinker$AnnotatedDynamicMethod
instanceKlass jdk/dynalink/beans/FacetIntrospector
instanceKlass jdk/dynalink/beans/DynamicMethod
instanceKlass jdk/dynalink/beans/AbstractJavaLinker
instanceKlass jdk/dynalink/beans/LinkerServicesWithMissingMemberHandlerFactory
instanceKlass org/openjdk/nashorn/internal/runtime/linker/NashornBeansLinker$NashornBeansLinkerServices
instanceKlass org/openjdk/nashorn/internal/codegen/CodeGenerator$Store
instanceKlass org/objectweb/asm/Opcodes
instanceKlass org/openjdk/nashorn/internal/ir/RuntimeNode$1
instanceKlass org/openjdk/nashorn/internal/ir/LocalVariableConversion
instanceKlass org/openjdk/nashorn/internal/codegen/LocalVariableTypesCalculator$2
instanceKlass org/openjdk/nashorn/internal/codegen/LocalVariableTypesCalculator$SymbolConversions
instanceKlass org/openjdk/nashorn/internal/codegen/LocalVariableTypesCalculator$JumpOrigin
instanceKlass org/openjdk/nashorn/internal/codegen/LocalVariableTypesCalculator$JumpTarget
instanceKlass org/openjdk/nashorn/internal/ir/UnaryNode$1
instanceKlass org/openjdk/nashorn/internal/ir/visitor/NodeOperatorVisitor$1
instanceKlass org/openjdk/nashorn/internal/codegen/FoldConstants$ConstantEvaluator
instanceKlass org/openjdk/nashorn/internal/scripts/ModuleGraphManipulator
instanceKlass org/openjdk/nashorn/internal/ir/BinaryNode$2
instanceKlass org/openjdk/nashorn/internal/ir/BinaryNode$1
instanceKlass org/openjdk/nashorn/internal/runtime/FunctionInitializer
instanceKlass java/util/TimerTask
instanceKlass org/openjdk/nashorn/internal/codegen/OptimisticTypesPersistence
instanceKlass org/openjdk/nashorn/internal/codegen/TypeMap
instanceKlass net/minecraftforge/coremod/CoreModTracker
instanceKlass org/objectweb/asm/tree/AbstractInsnNode
instanceKlass net/minecraftforge/coremod/api/ASMAPI
instanceKlass org/openjdk/nashorn/internal/objects/NativeJava
instanceKlass org/openjdk/nashorn/internal/runtime/SetMethodCreator$SetMethod
instanceKlass org/openjdk/nashorn/internal/runtime/SetMethodCreator
instanceKlass sun/invoke/util/ValueConversions$1
instanceKlass org/openjdk/nashorn/internal/runtime/ScriptFunctionData$GenericInvokers
instanceKlass org/openjdk/nashorn/internal/codegen/SharedScopeCall
instanceKlass org/openjdk/nashorn/internal/codegen/CodeGenerator$OptimisticOperation
instanceKlass org/openjdk/nashorn/internal/codegen/CodeGenerator$TypeBounds
instanceKlass org/openjdk/nashorn/internal/codegen/ConstantData$PropertyMapWrapper
instanceKlass org/openjdk/nashorn/internal/runtime/AccessorProperty$Accessors
instanceKlass org/openjdk/nashorn/internal/codegen/MapCreator
instanceKlass org/openjdk/nashorn/internal/codegen/DumpBytecode
instanceKlass org/objectweb/asm/Handler
instanceKlass org/openjdk/nashorn/internal/codegen/MapTuple
instanceKlass org/objectweb/asm/Edge
instanceKlass org/openjdk/nashorn/internal/codegen/MethodEmitter$LocalVariableDef
instanceKlass org/openjdk/nashorn/internal/codegen/Label$Stack
instanceKlass org/objectweb/asm/Handle
instanceKlass org/openjdk/nashorn/internal/codegen/MethodEmitter
instanceKlass org/objectweb/asm/Label
instanceKlass org/objectweb/asm/Frame
instanceKlass org/openjdk/nashorn/internal/codegen/FunctionSignature
instanceKlass org/openjdk/nashorn/internal/runtime/AllocationStrategy
instanceKlass java/util/concurrent/BlockingDeque
instanceKlass org/openjdk/nashorn/internal/ir/LexicalContext$1
instanceKlass org/openjdk/nashorn/internal/IntDeque
instanceKlass org/openjdk/nashorn/internal/codegen/SplitIntoFunctions$FunctionState
instanceKlass org/openjdk/nashorn/internal/codegen/ObjectCreator
instanceKlass org/openjdk/nashorn/internal/codegen/CodeGenerator$SplitLiteralCreator
instanceKlass org/openjdk/nashorn/internal/ir/LexicalContext$NodeIterator
instanceKlass org/openjdk/nashorn/internal/scripts/JS
instanceKlass org/objectweb/asm/ByteVector
instanceKlass org/objectweb/asm/Symbol
instanceKlass org/objectweb/asm/SymbolTable
instanceKlass org/objectweb/asm/RecordComponentVisitor
instanceKlass org/objectweb/asm/util/Printer
instanceKlass org/openjdk/nashorn/internal/codegen/ClassEmitter
instanceKlass java/util/LinkedList$LLSpliterator
instanceKlass java/util/Collections$UnmodifiableList$1
instanceKlass net/minecraftforge/fml/loading/moddiscovery/ModAnnotation
instanceKlass org/objectweb/asm/AnnotationVisitor
instanceKlass org/openjdk/nashorn/internal/ir/LexicalContextNode$Acceptor
instanceKlass org/openjdk/nashorn/internal/ir/LexicalContext
instanceKlass org/openjdk/nashorn/internal/codegen/TypeEvaluator
instanceKlass org/openjdk/nashorn/internal/codegen/CompileUnit
instanceKlass org/openjdk/nashorn/internal/codegen/ConstantData
instanceKlass org/openjdk/nashorn/internal/codegen/CompilationPhase
instanceKlass org/openjdk/nashorn/internal/codegen/Compiler$CompilationPhases
instanceKlass org/openjdk/nashorn/internal/runtime/Context$ContextCodeInstaller
instanceKlass org/openjdk/nashorn/internal/scripts/ModuleGraphManipulator
instanceKlass org/openjdk/nashorn/internal/codegen/Label
instanceKlass org/openjdk/nashorn/internal/ir/Symbol
instanceKlass org/openjdk/nashorn/internal/parser/Parser$ParserState
instanceKlass org/openjdk/nashorn/internal/parser/Lexer$1
instanceKlass org/openjdk/nashorn/internal/parser/Parser$4
instanceKlass org/openjdk/nashorn/internal/parser/ParserContextBreakableNode
instanceKlass org/openjdk/nashorn/internal/parser/ParserContextBaseNode
instanceKlass org/openjdk/nashorn/internal/parser/Token$1
instanceKlass org/openjdk/nashorn/internal/parser/TokenLookup
instanceKlass org/openjdk/nashorn/internal/parser/Scanner$State
instanceKlass org/openjdk/nashorn/internal/parser/Scanner
instanceKlass org/openjdk/nashorn/internal/parser/TokenStream
instanceKlass org/openjdk/nashorn/internal/parser/ParserContext
instanceKlass org/openjdk/nashorn/internal/parser/Token
instanceKlass org/openjdk/nashorn/internal/ir/BreakableNode
instanceKlass org/openjdk/nashorn/internal/ir/Labels
instanceKlass org/openjdk/nashorn/internal/ir/Splittable
instanceKlass org/openjdk/nashorn/internal/ir/visitor/NodeVisitor
instanceKlass org/openjdk/nashorn/internal/ir/Assignment
instanceKlass org/openjdk/nashorn/internal/ir/JoinPredecessor
instanceKlass org/openjdk/nashorn/internal/ir/Optimistic
instanceKlass org/openjdk/nashorn/internal/ir/FunctionCall
instanceKlass org/openjdk/nashorn/internal/ir/PropertyKey
instanceKlass org/openjdk/nashorn/internal/ir/Terminal
instanceKlass org/openjdk/nashorn/internal/parser/ParserContextNode
instanceKlass org/openjdk/nashorn/internal/parser/AbstractParser
instanceKlass org/openjdk/nashorn/internal/runtime/Source$RawData
instanceKlass org/openjdk/nashorn/internal/runtime/Source$URLData
instanceKlass org/openjdk/nashorn/internal/runtime/Source$Data
instanceKlass net/minecraftforge/fml/loading/moddiscovery/Scanner
instanceKlass java/util/concurrent/ForkJoinTask$Aux
instanceKlass java/util/concurrent/ForkJoinTask
instanceKlass java/util/concurrent/CompletableFuture$AsynchronousCompletionTask
instanceKlass java/util/concurrent/ForkJoinPool$WorkQueue
instanceKlass java/util/concurrent/ForkJoinPool$DefaultCommonPoolForkJoinWorkerThreadFactory
instanceKlass java/util/concurrent/ForkJoinPool$1
instanceKlass java/util/concurrent/ForkJoinPool$DefaultForkJoinWorkerThreadFactory
instanceKlass java/util/concurrent/ForkJoinPool$ForkJoinWorkerThreadFactory
instanceKlass java/util/concurrent/CompletableFuture$AltResult
instanceKlass java/util/concurrent/CompletableFuture
instanceKlass java/util/concurrent/CompletionStage
instanceKlass net/minecraftforge/forgespi/language/ModFileScanData
instanceKlass java/util/concurrent/Executors$DelegatedExecutorService
instanceKlass net/minecraftforge/fml/loading/moddiscovery/BackgroundScanHandler
instanceKlass net/minecraftforge/accesstransformer/parser/ModifierProcessor
instanceKlass net/minecraftforge/accesstransformer/AccessTransformer
instanceKlass java/io/BufferedReader$1
instanceKlass net/minecraftforge/fml/loading/MCPNamingService$1
instanceKlass net/minecraftforge/accesstransformer/Target
instanceKlass org/antlr/v4/runtime/tree/AbstractParseTreeVisitor
instanceKlass net/minecraftforge/accesstransformer/generated/AtParserVisitor
instanceKlass org/antlr/v4/runtime/tree/TerminalNodeImpl
instanceKlass org/antlr/v4/runtime/misc/FlexibleHashMap$Entry
instanceKlass org/antlr/v4/runtime/misc/FlexibleHashMap
instanceKlass org/antlr/v4/runtime/misc/DoubleKeyMap
instanceKlass org/antlr/v4/runtime/atn/LL1Analyzer
instanceKlass org/antlr/v4/runtime/CommonToken
instanceKlass org/antlr/v4/runtime/WritableToken
instanceKlass org/antlr/v4/runtime/atn/LexerIndexedCustomAction
instanceKlass org/antlr/v4/runtime/atn/LexerActionExecutor
instanceKlass org/antlr/v4/runtime/misc/MurmurHash
instanceKlass org/antlr/v4/runtime/atn/SemanticContext
instanceKlass org/antlr/v4/runtime/DefaultErrorStrategy
instanceKlass org/antlr/v4/runtime/tree/ErrorNode
instanceKlass org/antlr/v4/runtime/tree/TerminalNode
instanceKlass org/antlr/v4/runtime/tree/ParseTreeListener
instanceKlass org/antlr/v4/runtime/RuleContext
instanceKlass org/antlr/v4/runtime/tree/RuleNode
instanceKlass org/antlr/v4/runtime/tree/ParseTree
instanceKlass org/antlr/v4/runtime/tree/SyntaxTree
instanceKlass org/antlr/v4/runtime/tree/Tree
instanceKlass org/antlr/v4/runtime/ANTLRErrorStrategy
instanceKlass org/antlr/v4/runtime/BufferedTokenStream
instanceKlass org/antlr/v4/runtime/atn/LexerATNSimulator$SimState
instanceKlass java/lang/StrictMath
instanceKlass org/antlr/v4/runtime/misc/AbstractEqualityComparator
instanceKlass org/antlr/v4/runtime/misc/EqualityComparator
instanceKlass org/antlr/v4/runtime/misc/Array2DHashSet
instanceKlass org/antlr/v4/runtime/dfa/DFAState
instanceKlass org/antlr/v4/runtime/atn/ATNConfigSet
instanceKlass org/antlr/v4/runtime/atn/ATNConfig
instanceKlass org/antlr/v4/runtime/misc/IntegerList
instanceKlass org/antlr/v4/runtime/Token
instanceKlass org/antlr/v4/runtime/CommonTokenFactory
instanceKlass org/antlr/v4/runtime/TokenFactory
instanceKlass org/antlr/v4/runtime/BaseErrorListener
instanceKlass org/antlr/v4/runtime/dfa/DFASerializer
instanceKlass org/antlr/v4/runtime/dfa/DFA
instanceKlass org/antlr/v4/runtime/atn/LexerTypeAction
instanceKlass org/antlr/v4/runtime/atn/LexerPopModeAction
instanceKlass org/antlr/v4/runtime/atn/LexerPushModeAction
instanceKlass org/antlr/v4/runtime/atn/ATNDeserializer$3
instanceKlass org/antlr/v4/runtime/atn/ATNDeserializer$2
instanceKlass org/antlr/v4/runtime/misc/Interval
instanceKlass org/antlr/v4/runtime/misc/IntervalSet
instanceKlass org/antlr/v4/runtime/atn/ATNDeserializer$1
instanceKlass org/antlr/v4/runtime/misc/Pair
instanceKlass org/antlr/v4/runtime/misc/IntSet
instanceKlass org/antlr/v4/runtime/atn/ATN
instanceKlass org/antlr/v4/runtime/atn/ATNDeserializationOptions
instanceKlass org/antlr/v4/runtime/atn/ATNDeserializer$UnicodeDeserializer
instanceKlass org/antlr/v4/runtime/atn/LexerAction
instanceKlass org/antlr/v4/runtime/atn/ATNState
instanceKlass org/antlr/v4/runtime/atn/Transition
instanceKlass org/antlr/v4/runtime/atn/ATNDeserializer
instanceKlass org/antlr/v4/runtime/VocabularyImpl
instanceKlass org/antlr/v4/runtime/atn/PredictionContext
instanceKlass org/antlr/v4/runtime/atn/PredictionContextCache
instanceKlass org/antlr/v4/runtime/RuntimeMetaData
instanceKlass org/antlr/v4/runtime/Vocabulary
instanceKlass org/antlr/v4/runtime/atn/ATNSimulator
instanceKlass org/antlr/v4/runtime/Recognizer
instanceKlass org/antlr/v4/runtime/CodePointCharStream$1
instanceKlass org/antlr/v4/runtime/CodePointCharStream
instanceKlass org/antlr/v4/runtime/CodePointBuffer$1
instanceKlass org/antlr/v4/runtime/CodePointBuffer$Builder
instanceKlass org/antlr/v4/runtime/CodePointBuffer
instanceKlass org/antlr/v4/runtime/CharStream
instanceKlass org/antlr/v4/runtime/CharStreams
instanceKlass net/minecraftforge/coremod/CoreMod
instanceKlass org/openjdk/nashorn/internal/objects/annotations/SpecializedFunction
instanceKlass org/openjdk/nashorn/internal/objects/annotations/SpecializedFunction$LinkLogic
instanceKlass org/openjdk/nashorn/internal/runtime/Specialization
instanceKlass org/openjdk/nashorn/internal/runtime/OptimisticReturnFilters
instanceKlass java/util/IdentityHashMap$EntryIterator$Entry
instanceKlass java/util/Collections$UnmodifiableMap$UnmodifiableEntrySet$UnmodifiableEntry
instanceKlass java/util/Collections$UnmodifiableMap$UnmodifiableEntrySet$1
instanceKlass jdk/dynalink/linker/support/TypeUtilities
instanceKlass org/openjdk/nashorn/internal/runtime/CompiledFunction$HandleAndAssumptions
instanceKlass org/openjdk/nashorn/internal/runtime/ScriptObject$1
instanceKlass org/openjdk/nashorn/internal/runtime/linker/BoundCallable
instanceKlass org/openjdk/nashorn/internal/runtime/ConsString
instanceKlass jdk/dynalink/linker/support/SimpleLinkRequest
instanceKlass org/openjdk/nashorn/api/scripting/AbstractJSObject
instanceKlass org/openjdk/nashorn/internal/objects/NativeObject
instanceKlass org/openjdk/nashorn/internal/runtime/FindProperty
instanceKlass org/openjdk/nashorn/internal/runtime/Symbol
instanceKlass org/openjdk/nashorn/internal/runtime/GlobalFunctions
instanceKlass org/openjdk/nashorn/internal/runtime/CompiledFunction$OptimismInfo
instanceKlass org/openjdk/nashorn/internal/runtime/events/RuntimeEvent
instanceKlass org/openjdk/nashorn/internal/runtime/CompiledFunction
instanceKlass org/openjdk/nashorn/internal/objects/NativeFunction
instanceKlass org/openjdk/nashorn/internal/runtime/arrays/ArrayIndex
instanceKlass org/openjdk/nashorn/internal/runtime/SpillProperty$Accessors
instanceKlass org/openjdk/nashorn/internal/runtime/UserAccessorProperty$Accessors
instanceKlass org/openjdk/nashorn/internal/runtime/ScriptFunctionData
instanceKlass org/openjdk/nashorn/internal/runtime/linker/NameCodec
instanceKlass java/util/stream/StreamSpliterators$InfiniteSupplyingSpliterator
instanceKlass org/openjdk/nashorn/internal/runtime/linker/InvokeByName
instanceKlass org/openjdk/nashorn/internal/runtime/arrays/IntElements
instanceKlass org/openjdk/nashorn/internal/runtime/arrays/IntOrLongElements
instanceKlass org/openjdk/nashorn/internal/runtime/arrays/NumericElements
instanceKlass org/openjdk/nashorn/internal/runtime/arrays/AnyElements
instanceKlass org/openjdk/nashorn/internal/runtime/PropertyHashMap$Element
instanceKlass org/openjdk/nashorn/internal/runtime/PropertyHashMap$MapBuilder
instanceKlass org/openjdk/nashorn/internal/runtime/PropertyHashMap
instanceKlass org/openjdk/nashorn/internal/codegen/ObjectClassGenerator
instanceKlass org/openjdk/nashorn/internal/runtime/linker/NashornGuards
instanceKlass org/openjdk/nashorn/internal/runtime/arrays/ArrayData
instanceKlass org/openjdk/nashorn/internal/runtime/PropertyMap
instanceKlass org/openjdk/nashorn/internal/runtime/PropertyDescriptor
instanceKlass org/openjdk/nashorn/internal/runtime/Property
instanceKlass org/openjdk/nashorn/internal/runtime/GlobalConstants$Access
instanceKlass org/openjdk/nashorn/internal/runtime/GlobalConstants
instanceKlass jdk/dynalink/BiClassValue
instanceKlass jdk/dynalink/TypeConverterFactory
instanceKlass jdk/dynalink/LinkerServicesImpl
instanceKlass jdk/dynalink/DynamicLinker
instanceKlass jdk/dynalink/linker/support/CompositeGuardingDynamicLinker
instanceKlass jdk/dynalink/linker/support/CompositeTypeBasedGuardingDynamicLinker
instanceKlass java/util/LinkedList$ListItr
instanceKlass jdk/dynalink/linker/GuardingDynamicLinkerExporter
instanceKlass jdk/dynalink/linker/support/DefaultInternalObjectFilter
instanceKlass jdk/dynalink/linker/MethodTypeConversionStrategy
instanceKlass jdk/dynalink/linker/GuardedInvocationTransformer
instanceKlass jdk/dynalink/internal/AccessControlContextFactory
instanceKlass jdk/dynalink/DynamicLinkerFactory
instanceKlass jdk/dynalink/SecureLookupSupplier
instanceKlass org/openjdk/nashorn/internal/runtime/linker/NashornBottomLinker
instanceKlass jdk/dynalink/beans/BeansLinker$NoSuchMemberHandlerBindingLinker
instanceKlass jdk/dynalink/beans/StaticClassLinker
instanceKlass jdk/dynalink/beans/StaticClass
instanceKlass org/openjdk/nashorn/internal/runtime/linker/NashornStaticClassLinker
instanceKlass java/beans/XMLDecoder
instanceKlass java/beans/Encoder
instanceKlass java/beans/Statement$1
instanceKlass java/beans/ExceptionListener
instanceKlass java/beans/Statement
instanceKlass org/openjdk/nashorn/internal/runtime/linker/ReflectionCheckLinker
instanceKlass netscape/javascript/JSObject
instanceKlass org/openjdk/nashorn/internal/runtime/linker/BrowserJSObjectLinker
instanceKlass org/openjdk/nashorn/api/scripting/JSObject
instanceKlass org/openjdk/nashorn/internal/runtime/linker/JSObjectLinker
instanceKlass org/openjdk/nashorn/internal/runtime/linker/JavaSuperAdapter
instanceKlass org/openjdk/nashorn/internal/runtime/linker/JavaSuperAdapterLinker
instanceKlass org/openjdk/nashorn/internal/runtime/linker/BoundCallableLinker
instanceKlass jdk/dynalink/linker/GuardedInvocation
instanceKlass org/openjdk/nashorn/internal/runtime/linker/NashornPrimitiveLinker
instanceKlass org/openjdk/nashorn/internal/runtime/OptimisticBuiltins
instanceKlass org/openjdk/nashorn/internal/runtime/AccessControlContextFactory
instanceKlass org/openjdk/nashorn/internal/runtime/linker/NashornLinker
instanceKlass jdk/dynalink/linker/ConversionComparator
instanceKlass jdk/dynalink/linker/GuardingTypeConverterFactory
instanceKlass jdk/dynalink/NamedOperation
instanceKlass jdk/dynalink/NamespaceOperation
instanceKlass jdk/dynalink/linker/MethodHandleTransformer
instanceKlass jdk/dynalink/Operation
instanceKlass jdk/dynalink/Namespace
instanceKlass org/openjdk/nashorn/internal/runtime/linker/NashornBeansLinker
instanceKlass jdk/dynalink/linker/LinkerServices
instanceKlass jdk/dynalink/linker/LinkRequest
instanceKlass jdk/dynalink/beans/MissingMemberHandlerFactory
instanceKlass jdk/dynalink/linker/TypeBasedGuardingDynamicLinker
instanceKlass jdk/dynalink/beans/BeansLinker
instanceKlass jdk/dynalink/linker/GuardingDynamicLinker
instanceKlass java/lang/invoke/ClassSpecializer$Factory$1Var
instanceKlass org/openjdk/nashorn/internal/lookup/Lookup
instanceKlass jdk/dynalink/linker/support/Lookup
instanceKlass java/util/logging/Logger$RbAccess
instanceKlass jdk/dynalink/linker/support/Guards
instanceKlass org/openjdk/nashorn/internal/runtime/ScriptRuntime
instanceKlass java/util/logging/StreamHandler$1
instanceKlass java/util/logging/Handler$1
instanceKlass java/util/logging/ErrorManager
instanceKlass jdk/internal/logger/SimpleConsoleLogger$Formatting
instanceKlass java/util/logging/Formatter
instanceKlass org/openjdk/nashorn/internal/runtime/logging/DebugLogger
instanceKlass org/openjdk/nashorn/internal/lookup/MethodHandleFactory$StandardMethodHandleFunctionality
instanceKlass org/openjdk/nashorn/internal/lookup/MethodHandleFunctionality
instanceKlass org/openjdk/nashorn/internal/lookup/MethodHandleFactory
instanceKlass org/openjdk/nashorn/internal/codegen/types/Type$Unknown
instanceKlass org/openjdk/nashorn/internal/runtime/DefaultPropertyAccess
instanceKlass org/openjdk/nashorn/internal/codegen/types/BytecodeArrayOps
instanceKlass org/openjdk/nashorn/internal/codegen/types/BytecodeNumericOps
instanceKlass org/openjdk/nashorn/internal/codegen/types/BytecodeBitwiseOps
instanceKlass org/openjdk/nashorn/internal/codegen/types/Type
instanceKlass org/openjdk/nashorn/internal/codegen/types/BytecodeOps
instanceKlass jdk/dynalink/RelinkableCallSite
instanceKlass org/openjdk/nashorn/internal/runtime/linker/Bootstrap
instanceKlass org/openjdk/nashorn/internal/runtime/logging/Logger
instanceKlass org/openjdk/nashorn/internal/runtime/Timing
instanceKlass org/openjdk/nashorn/internal/codegen/Namespace
instanceKlass org/openjdk/nashorn/internal/runtime/ScriptEnvironment
instanceKlass org/openjdk/nashorn/internal/WeakValueCache
instanceKlass org/openjdk/nashorn/internal/scripts/ModuleGraphManipulator
instanceKlass org/openjdk/nashorn/internal/runtime/Context$2
instanceKlass org/openjdk/nashorn/internal/runtime/Source
instanceKlass org/openjdk/nashorn/internal/codegen/CompilerConstants$Access
instanceKlass org/openjdk/nashorn/internal/codegen/Compiler
instanceKlass org/openjdk/nashorn/internal/runtime/logging/Loggable
instanceKlass org/openjdk/nashorn/internal/runtime/DebuggerSupport$SourceInfo
instanceKlass org/openjdk/nashorn/internal/runtime/DebuggerSupport$DebuggerValueDesc
instanceKlass org/openjdk/nashorn/internal/runtime/DebuggerSupport
instanceKlass java/lang/invoke/SwitchPoint
instanceKlass org/openjdk/nashorn/internal/runtime/CodeInstaller
instanceKlass org/openjdk/nashorn/internal/ir/LexicalContextNode
instanceKlass org/openjdk/nashorn/internal/ir/CompileUnitHolder
instanceKlass org/openjdk/nashorn/internal/ir/Flags
instanceKlass org/openjdk/nashorn/internal/ir/Node
instanceKlass org/openjdk/nashorn/internal/runtime/Context
instanceKlass org/openjdk/nashorn/internal/runtime/options/Options$ParsedArg
instanceKlass org/openjdk/nashorn/internal/runtime/QuotedStringTokenizer
instanceKlass org/openjdk/nashorn/internal/runtime/options/OptionTemplate
instanceKlass sun/util/ResourceBundleEnumeration
instanceKlass java/util/PropertyPermissionCollection$1
instanceKlass org/openjdk/nashorn/internal/runtime/options/Option
instanceKlass org/openjdk/nashorn/internal/runtime/options/Options
instanceKlass javax/script/SimpleBindings
instanceKlass javax/script/SimpleScriptContext
instanceKlass java/util/ResourceBundle$3
instanceKlass java/util/ResourceBundle$CacheKeyReference
instanceKlass java/util/ResourceBundle$CacheKey
instanceKlass javax/script/CompiledScript
instanceKlass javax/script/Bindings
instanceKlass org/openjdk/nashorn/internal/runtime/ScriptObject
instanceKlass org/openjdk/nashorn/internal/runtime/PropertyAccess
instanceKlass org/openjdk/nashorn/internal/runtime/ErrorManager
instanceKlass javax/script/ScriptContext
instanceKlass javax/script/AbstractScriptEngine
instanceKlass javax/script/Invocable
instanceKlass javax/script/Compilable
instanceKlass org/openjdk/nashorn/api/scripting/ClassFilter
instanceKlass javax/script/ScriptEngine
instanceKlass org/openjdk/nashorn/api/scripting/NashornScriptEngineFactory
instanceKlass javax/script/ScriptEngineFactory
instanceKlass net/minecraftforge/coremod/NashornFactory
instanceKlass net/minecraftforge/fml/loading/LoadingModList
instanceKlass com/google/common/collect/AbstractIterator$1
instanceKlass net/minecraftforge/fml/loading/toposort/TopologicalSort
instanceKlass net/minecraftforge/fml/loading/ModSorter$1
instanceKlass com/google/common/graph/DirectedGraphConnections$5
instanceKlass com/google/common/graph/DirectedGraphConnections
instanceKlass com/google/common/graph/Network
instanceKlass com/google/common/graph/Graphs
instanceKlass com/google/common/graph/ElementOrder$1
instanceKlass com/google/common/graph/GraphConnections
instanceKlass com/google/common/graph/MapIteratorCache
instanceKlass com/google/common/graph/MutableValueGraph
instanceKlass com/google/common/graph/ValueGraph
instanceKlass com/google/common/graph/AbstractBaseGraph
instanceKlass com/google/common/base/Optional
instanceKlass com/google/common/graph/ElementOrder
instanceKlass com/google/common/graph/MutableGraph
instanceKlass com/google/common/graph/AbstractGraphBuilder
instanceKlass com/google/common/graph/Graph
instanceKlass com/google/common/graph/BaseGraph
instanceKlass com/google/common/graph/PredecessorsFunction
instanceKlass com/google/common/graph/SuccessorsFunction
instanceKlass net/minecraftforge/fml/loading/ModSorter
instanceKlass net/minecraftforge/fml/loading/VersionSupportMatrix
instanceKlass net/minecraftforge/fml/loading/LanguageLoadingProvider$ModLanguageWrapper
instanceKlass net/minecraftforge/fml/javafmlmod/FMLJavaModLanguageProvider
instanceKlass net/minecraftforge/fml/lowcodemod/LowCodeModLanguageProvider
instanceKlass net/minecraftforge/fml/mclanguageprovider/MinecraftModLanguageProvider
instanceKlass net/minecraftforge/forgespi/language/IModLanguageProvider
instanceKlass net/minecraftforge/fml/loading/LanguageLoadingProvider
instanceKlass com/google/gson/internal/LinkedTreeMap$LinkedTreeMapIterator
instanceKlass com/google/gson/internal/LinkedTreeMap$Node
instanceKlass com/google/gson/internal/LinkedTreeMap$1
instanceKlass com/google/gson/internal/ConstructorConstructor$18
instanceKlass com/google/gson/internal/ReflectionAccessFilterHelper
instanceKlass com/google/gson/internal/JsonReaderInternalAccess
instanceKlass com/google/gson/internal/bind/ReflectiveTypeAdapterFactory$BoundField
instanceKlass com/google/gson/internal/bind/ReflectiveTypeAdapterFactory
instanceKlass com/google/gson/internal/bind/JsonAdapterAnnotationTypeAdapterFactory
instanceKlass com/google/gson/internal/bind/MapTypeAdapterFactory
instanceKlass com/google/gson/internal/bind/CollectionTypeAdapterFactory
instanceKlass com/google/gson/internal/bind/ArrayTypeAdapter$1
instanceKlass com/google/gson/internal/sql/SqlTimestampTypeAdapter$1
instanceKlass com/google/gson/internal/sql/SqlTimeTypeAdapter$1
instanceKlass com/google/gson/internal/sql/SqlDateTypeAdapter$1
instanceKlass com/google/gson/internal/bind/DefaultDateTypeAdapter$DateType
instanceKlass com/google/gson/internal/sql/SqlTypesSupport
instanceKlass com/google/gson/internal/bind/DateTypeAdapter$1
instanceKlass java/util/concurrent/atomic/AtomicLongArray
instanceKlass com/google/gson/internal/bind/NumberTypeAdapter$1
instanceKlass com/google/gson/internal/bind/ObjectTypeAdapter$1
instanceKlass com/google/gson/internal/bind/TypeAdapters$29
instanceKlass com/google/gson/internal/bind/TypeAdapters$33
instanceKlass java/util/Currency
instanceKlass com/google/gson/internal/bind/TypeAdapters$34
instanceKlass java/util/concurrent/atomic/AtomicIntegerArray
instanceKlass com/google/gson/internal/bind/TypeAdapters$32
instanceKlass java/util/BitSet
instanceKlass com/google/gson/internal/bind/TypeAdapters$31
instanceKlass com/google/gson/internal/bind/TypeAdapters
instanceKlass com/google/gson/internal/ObjectConstructor
instanceKlass com/google/gson/internal/ConstructorConstructor
instanceKlass com/google/gson/internal/Excluder
instanceKlass com/google/gson/TypeAdapterFactory
instanceKlass com/google/gson/stream/JsonWriter
instanceKlass com/google/gson/JsonElement
instanceKlass com/google/gson/stream/JsonReader
instanceKlass com/google/gson/TypeAdapter
instanceKlass com/google/gson/ToNumberStrategy
instanceKlass com/google/gson/FieldNamingStrategy
instanceKlass com/google/gson/Gson
instanceKlass com/google/gson/internal/$Gson$Preconditions
instanceKlass com/google/gson/internal/$Gson$Types$ParameterizedTypeImpl
instanceKlass com/google/gson/internal/$Gson$Types
instanceKlass com/google/gson/reflect/TypeToken
instanceKlass net/minecraftforge/fml/loading/moddiscovery/CoreModFile
instanceKlass net/minecraftforge/fml/loading/moddiscovery/ModValidator
instanceKlass net/minecraftforge/jarjar/selection/JarSelector$SelectionResult
instanceKlass com/google/common/collect/ImmutableMultimap$Builder
instanceKlass com/google/common/collect/AbstractMapBasedMultimap$KeySet$1
instanceKlass net/minecraftforge/jarjar/metadata/ContainedJarIdentifier
instanceKlass com/google/common/collect/RangeGwtSerializationDependencies
instanceKlass com/google/common/base/Predicate
instanceKlass com/google/common/collect/ImmutableRangeSet$Builder
instanceKlass com/google/common/collect/SortedIterable
instanceKlass com/google/common/collect/AbstractRangeSet
instanceKlass com/google/common/collect/RangeSet
instanceKlass com/google/common/collect/ImmutableSet$SetBuilderImpl
instanceKlass com/google/common/collect/CollectCollectors
instanceKlass com/google/common/collect/SortedSetMultimap
instanceKlass com/google/common/collect/ListMultimap
instanceKlass com/google/common/collect/Multimaps
instanceKlass com/google/common/collect/Multiset
instanceKlass com/google/common/collect/AbstractMultimap
instanceKlass com/google/common/collect/SetMultimap
instanceKlass net/minecraftforge/jarjar/metadata/ContainedJarMetadata
instanceKlass net/minecraftforge/jarjar/selection/JarSelector$DetectionResult
instanceKlass com/google/common/collect/Sets
instanceKlass net/minecraftforge/jarjar/metadata/Metadata
instanceKlass net/minecraftforge/jarjar/selection/JarSelector$SourceWithOptionalMetadata
instanceKlass com/google/common/collect/Multimap
instanceKlass net/minecraftforge/jarjar/selection/JarSelector
instanceKlass com/google/common/collect/Lists
instanceKlass net/minecraftforge/fml/loading/UniqueModListBuilder
instanceKlass com/google/common/collect/Maps$EntryTransformer
instanceKlass com/google/common/base/Converter
instanceKlass com/google/common/base/Function
instanceKlass com/google/common/collect/SortedMapDifference
instanceKlass com/google/common/collect/MapDifference
instanceKlass com/google/common/collect/Maps
instanceKlass java/net/spi/URLStreamHandlerProvider
instanceKlass java/net/URL$1
instanceKlass java/net/URL$2
instanceKlass com/electronwill/nightconfig/core/file/WriteAsyncFileConfig$WriteCompletedHandler
instanceKlass java/nio/channels/CompletionHandler
instanceKlass java/util/stream/StreamSpliterators
instanceKlass java/util/stream/StreamSpliterators$AbstractWrappingSpliterator
instanceKlass net/minecraftforge/fml/loading/moddiscovery/ModInfo$ModVersion
instanceKlass net/minecraftforge/forgespi/language/IModInfo$ModVersion
instanceKlass org/apache/commons/lang3/text/StrTokenizer
instanceKlass org/apache/commons/lang3/text/StrBuilder
instanceKlass org/apache/commons/lang3/builder/Builder
instanceKlass org/apache/commons/lang3/ArraySorter
instanceKlass org/apache/commons/lang3/text/StrMatcher
instanceKlass org/apache/commons/lang3/text/StrSubstitutor
instanceKlass com/google/common/collect/Hashing
instanceKlass com/google/common/collect/CollectPreconditions
instanceKlass com/google/common/collect/AbstractMapEntry
instanceKlass com/google/common/collect/BiMap
instanceKlass com/google/common/collect/ImmutableMap
instanceKlass org/apache/commons/lang3/text/StrLookup
instanceKlass net/minecraftforge/fml/loading/StringSubstitutor
instanceKlass net/minecraftforge/fml/loading/moddiscovery/ModInfo
instanceKlass net/minecraftforge/fml/loading/StringUtils
instanceKlass org/apache/maven/artifact/versioning/Restriction
instanceKlass java/lang/Character$Subset
instanceKlass org/apache/commons/lang3/StringUtils
instanceKlass org/apache/commons/lang3/math/NumberUtils
instanceKlass org/apache/maven/artifact/versioning/ComparableVersion$IntItem
instanceKlass org/apache/maven/artifact/versioning/ComparableVersion$Item
instanceKlass org/apache/maven/artifact/versioning/ComparableVersion
instanceKlass org/apache/maven/artifact/versioning/DefaultArtifactVersion
instanceKlass org/apache/maven/artifact/versioning/VersionRange
instanceKlass net/minecraftforge/forgespi/language/MavenVersionAdapter
instanceKlass java/util/AbstractList$Itr
instanceKlass java/util/AbstractList$SubList$1
instanceKlass net/minecraftforge/forgespi/language/IModInfo
instanceKlass net/minecraftforge/fml/loading/moddiscovery/ModFileInfo
instanceKlass net/minecraftforge/fml/loading/moddiscovery/NightConfigWrapper
instanceKlass net/minecraftforge/fml/loading/moddiscovery/ModFileParser
instanceKlass net/minecraftforge/fml/loading/moddiscovery/ModJarMetadata
instanceKlass java/util/stream/SpinedBuffer$1Splitr
instanceKlass jdk/internal/misc/ScopedMemoryAccess$Scope$Handle
instanceKlass net/minecraftforge/fml/loading/FileUtils
instanceKlass java/nio/file/Files$2
instanceKlass cpw/mods/modlauncher/api/LamdbaExceptionUtils
instanceKlass cpw/mods/modlauncher/api/LamdbaExceptionUtils$Supplier_WithExceptions
instanceKlass net/minecraftforge/fml/loading/MavenCoordinateResolver
instanceKlass java/util/stream/Streams$2
instanceKlass java/util/stream/Streams$ConcatSpliterator
instanceKlass net/minecraftforge/fml/loading/moddiscovery/ModListHandler
instanceKlass net/minecraftforge/fml/loading/moddiscovery/ExplodedDirectoryLocator
instanceKlass net/minecraftforge/forgespi/locating/IDependencyLocator
instanceKlass net/minecraftforge/forgespi/language/IModFileInfo
instanceKlass net/minecraftforge/forgespi/language/IConfigurable
instanceKlass net/minecraftforge/fml/loading/moddiscovery/AbstractModProvider
instanceKlass net/minecraftforge/forgespi/locating/IModLocator
instanceKlass net/minecraftforge/fml/loading/moddiscovery/ModDiscoverer
instanceKlass net/minecraftforge/fml/loading/FMLEnvironment
instanceKlass java/lang/invoke/DirectMethodHandle$1
instanceKlass java/lang/runtime/ObjectMethods$1
instanceKlass sun/invoke/util/ValueConversions$WrapperCache
instanceKlass java/lang/invoke/MethodHandleImpl$Makers$2
instanceKlass java/lang/invoke/MethodHandleImpl$Makers$1
instanceKlass java/lang/invoke/MethodHandleImpl$Makers
instanceKlass java/lang/runtime/ObjectMethods
instanceKlass net/minecraftforge/accesstransformer/service/ServiceNameHandler
instanceKlass net/minecraftforge/accesstransformer/IdentityNameHandler
instanceKlass org/antlr/v4/runtime/tree/ParseTreeVisitor
instanceKlass org/antlr/v4/runtime/ANTLRErrorListener
instanceKlass org/antlr/v4/runtime/TokenStream
instanceKlass org/antlr/v4/runtime/IntStream
instanceKlass org/antlr/v4/runtime/TokenSource
instanceKlass net/minecraftforge/accesstransformer/parser/AccessTransformerList
instanceKlass org/apache/commons/lang3/tuple/Pair
instanceKlass org/apache/maven/artifact/versioning/ArtifactVersion
instanceKlass net/minecraftforge/fml/loading/moddiscovery/ModFile
instanceKlass net/minecraftforge/forgespi/locating/IModFile
instanceKlass net/minecraftforge/forgespi/locating/ModFileFactory$ModFileInfoParser
instanceKlass net/minecraftforge/forgespi/locating/IModProvider
instanceKlass net/minecraftforge/forgespi/locating/ModFileFactory
instanceKlass net/minecraftforge/forgespi/locating/IModDirectoryLocatorFactory
instanceKlass net/minecraftforge/forgespi/Environment$Keys
instanceKlass com/google/common/collect/Platform
instanceKlass org/spongepowered/asm/service/modlauncher/ModLauncherClassTracker
instanceKlass org/spongepowered/asm/service/modlauncher/ModLauncherAuditTrail
instanceKlass com/google/common/collect/ImmutableCollection$Builder
instanceKlass org/spongepowered/asm/launch/platform/MixinContainer
instanceKlass org/spongepowered/asm/launch/platform/MixinConnectorManager
instanceKlass org/spongepowered/asm/launch/platform/MixinPlatformManager
instanceKlass org/spongepowered/asm/mixin/MixinEnvironment$PhaseConsumer
instanceKlass org/spongepowered/asm/util/perf/Profiler$Section
instanceKlass org/spongepowered/asm/util/perf/Profiler
instanceKlass org/spongepowered/asm/launch/platform/MixinPlatformAgentAbstract
instanceKlass org/spongepowered/asm/launch/platform/IMixinPlatformServiceAgent
instanceKlass org/spongepowered/asm/launch/platform/IMixinPlatformAgent
instanceKlass com/google/common/collect/PeekingIterator
instanceKlass com/google/common/collect/Iterators
instanceKlass org/spongepowered/asm/obfuscation/RemapperChain
instanceKlass org/spongepowered/asm/mixin/extensibility/IRemapper
instanceKlass org/spongepowered/asm/mixin/MixinEnvironment
instanceKlass org/spongepowered/asm/util/ITokenProvider
instanceKlass com/google/common/collect/ObjectArrays
instanceKlass com/google/common/collect/UnmodifiableIterator
instanceKlass com/google/common/base/Preconditions
instanceKlass org/spongepowered/asm/service/modlauncher/MixinTransformationHandler
instanceKlass org/spongepowered/asm/launch/IClassProcessor
instanceKlass org/spongepowered/asm/mixin/transformer/IMixinTransformer
instanceKlass org/spongepowered/asm/mixin/transformer/MixinTransformer$Factory
instanceKlass org/spongepowered/asm/mixin/transformer/IMixinTransformerFactory
instanceKlass org/spongepowered/asm/service/modlauncher/Blackboard$Key
instanceKlass org/spongepowered/asm/service/IPropertyKey
instanceKlass org/spongepowered/asm/service/modlauncher/Blackboard
instanceKlass org/spongepowered/asm/service/IGlobalPropertyService
instanceKlass org/spongepowered/asm/launch/GlobalProperties
instanceKlass org/spongepowered/asm/launch/GlobalProperties$Keys
instanceKlass org/spongepowered/asm/service/MixinService$LogBuffer$LogEntry
instanceKlass org/spongepowered/asm/service/modlauncher/ModLauncherClassProvider
instanceKlass org/spongepowered/asm/logging/LoggerAdapterAbstract
instanceKlass org/spongepowered/asm/util/ReEntranceLock
instanceKlass org/spongepowered/asm/util/IConsumer
instanceKlass org/spongepowered/asm/mixin/MixinEnvironment$Phase
instanceKlass org/spongepowered/asm/service/ITransformerProvider
instanceKlass org/spongepowered/asm/launch/platform/container/ContainerHandleVirtual
instanceKlass org/spongepowered/asm/service/IMixinInternal
instanceKlass org/spongepowered/asm/service/IMixinAuditTrail
instanceKlass org/spongepowered/asm/service/IClassProvider
instanceKlass org/spongepowered/asm/service/IClassTracker
instanceKlass org/spongepowered/asm/launch/platform/container/IContainerHandle
instanceKlass org/spongepowered/asm/logging/ILogger
instanceKlass org/spongepowered/asm/service/MixinServiceAbstract
instanceKlass org/spongepowered/asm/service/IMixinService
instanceKlass org/spongepowered/asm/service/mojang/MixinServiceLaunchWrapperBootstrap
instanceKlass org/spongepowered/asm/service/modlauncher/MixinServiceModLauncherBootstrap
instanceKlass org/spongepowered/asm/service/IMixinServiceBootstrap
instanceKlass org/spongepowered/asm/service/MixinService$LogBuffer
instanceKlass org/spongepowered/asm/service/MixinService
instanceKlass org/spongepowered/asm/launch/MixinBootstrap
instanceKlass cpw/mods/modlauncher/ArgumentHandler$1
instanceKlass joptsimple/internal/ConstructorInvokingValueConverter
instanceKlass joptsimple/internal/Classes
instanceKlass net/minecraftforge/forgespi/Environment
instanceKlass net/minecraftforge/coremod/CoreModEngine
instanceKlass net/minecraftforge/forgespi/coremod/ICoreModFile
instanceKlass net/minecraftforge/coremod/CoreModProvider
instanceKlass net/minecraftforge/forgespi/coremod/ICoreModProvider
instanceKlass net/minecraftforge/fml/loading/JarVersionLookupHandler
instanceKlass net/minecraftforge/fml/loading/LauncherVersion
instanceKlass org/spongepowered/asm/launch/MixinTransformationServiceAbstract
instanceKlass net/minecraftforge/fml/loading/FMLServiceProvider
instanceKlass cpw/mods/modlauncher/TransformationServiceDecorator
instanceKlass cpw/mods/modlauncher/api/ITransformationService
instanceKlass net/minecraftforge/fml/loading/progress/Message
instanceKlass net/minecraftforge/fml/loading/progress/ProgressMeter
instanceKlass net/minecraftforge/fml/loading/progress/StartupNotificationManager
instanceKlass net/minecraftforge/fml/loading/FMLLoader
instanceKlass net/minecraftforge/fml/loading/ImmediateWindowProvider
instanceKlass net/minecraftforge/fml/loading/ImmediateWindowHandler
instanceKlass sun/invoke/util/VerifyAccess$1
instanceKlass net/minecraftforge/fml/loading/ClasspathLocatorUtils
instanceKlass com/electronwill/nightconfig/toml/StringWriter
instanceKlass com/electronwill/nightconfig/toml/ValueWriter
instanceKlass com/electronwill/nightconfig/toml/ArrayWriter
instanceKlass com/electronwill/nightconfig/toml/TableWriter
instanceKlass com/electronwill/nightconfig/core/io/WriterOutput
instanceKlass com/electronwill/nightconfig/core/NullObject
instanceKlass com/electronwill/nightconfig/core/utils/TransformingIterator
instanceKlass com/electronwill/nightconfig/core/AbstractConfig$EntryWrapper
instanceKlass com/electronwill/nightconfig/core/CommentedConfig$Entry
instanceKlass com/electronwill/nightconfig/core/UnmodifiableCommentedConfig$Entry
instanceKlass com/electronwill/nightconfig/core/Config$Entry
instanceKlass com/electronwill/nightconfig/core/UnmodifiableConfig$Entry
instanceKlass com/electronwill/nightconfig/core/utils/TransformingCollection
instanceKlass com/electronwill/nightconfig/toml/ArrayParser
instanceKlass com/electronwill/nightconfig/toml/StringParser
instanceKlass com/electronwill/nightconfig/core/io/CharsWrapper$1
instanceKlass com/electronwill/nightconfig/toml/ValueParser
instanceKlass com/electronwill/nightconfig/core/io/CharsWrapper
instanceKlass com/electronwill/nightconfig/core/io/Utils
instanceKlass com/electronwill/nightconfig/toml/Toml
instanceKlass com/electronwill/nightconfig/toml/TableParser
instanceKlass com/electronwill/nightconfig/core/utils/IntDeque
instanceKlass com/electronwill/nightconfig/core/io/AbstractInput
instanceKlass com/electronwill/nightconfig/core/utils/UnmodifiableConfigWrapper
instanceKlass com/electronwill/nightconfig/core/io/CharacterInput
instanceKlass com/electronwill/nightconfig/toml/TomlParser
instanceKlass com/electronwill/nightconfig/core/io/CharacterOutput
instanceKlass com/electronwill/nightconfig/toml/TomlWriter
instanceKlass com/electronwill/nightconfig/core/file/FileNotFoundAction
instanceKlass com/electronwill/nightconfig/core/io/ParsingMode$MapPutAction
instanceKlass com/electronwill/nightconfig/core/io/ParsingMode$PutAction
instanceKlass com/electronwill/nightconfig/core/file/GenericBuilder
instanceKlass com/electronwill/nightconfig/core/io/ConfigWriter
instanceKlass com/electronwill/nightconfig/core/io/ConfigParser
instanceKlass com/electronwill/nightconfig/toml/TomlFormat
instanceKlass com/electronwill/nightconfig/core/file/FormatDetector
instanceKlass com/electronwill/nightconfig/core/file/CommentedFileConfig
instanceKlass com/electronwill/nightconfig/core/file/FileConfig
instanceKlass com/electronwill/nightconfig/core/ConfigSpec$DumbSupplier
instanceKlass com/electronwill/nightconfig/core/ConfigSpec$ValueSpec
instanceKlass com/electronwill/nightconfig/core/utils/StringUtils
instanceKlass com/electronwill/nightconfig/core/InMemoryCommentedFormat
instanceKlass com/electronwill/nightconfig/core/CommentedConfig
instanceKlass com/electronwill/nightconfig/core/AbstractConfig
instanceKlass com/electronwill/nightconfig/core/InMemoryFormat
instanceKlass com/electronwill/nightconfig/core/ConfigFormat
instanceKlass com/electronwill/nightconfig/core/ConfigSpec
instanceKlass com/electronwill/nightconfig/core/UnmodifiableCommentedConfig
instanceKlass com/electronwill/nightconfig/core/Config
instanceKlass com/electronwill/nightconfig/core/UnmodifiableConfig
instanceKlass net/minecraftforge/fml/loading/FMLConfig
instanceKlass net/minecraftforge/fml/loading/LogMarkers
instanceKlass sun/nio/fs/WindowsPath$1
instanceKlass net/minecraftforge/fml/loading/ClasspathTransformerDiscoverer
instanceKlass net/minecraftforge/fml/loading/ModDirTransformerDiscoverer
instanceKlass cpw/mods/modlauncher/serviceapi/ITransformerDiscoveryService
instanceKlass org/apache/logging/log4j/message/ReusableSimpleMessage
instanceKlass joptsimple/internal/Reflection
instanceKlass joptsimple/util/KeyValuePair
instanceKlass joptsimple/OptionSet
instanceKlass joptsimple/ArgumentList
instanceKlass joptsimple/util/PathConverter
instanceKlass joptsimple/ParserRules
instanceKlass joptsimple/internal/AbbreviationMap
instanceKlass joptsimple/OptionParserState
instanceKlass joptsimple/internal/Rows
instanceKlass joptsimple/BuiltinHelpFormatter
instanceKlass joptsimple/AbstractOptionSpec
instanceKlass joptsimple/OptionDescriptor
instanceKlass joptsimple/internal/OptionNameMap
instanceKlass joptsimple/HelpFormatter
instanceKlass joptsimple/OptionParser
instanceKlass joptsimple/OptionDeclarer
instanceKlass cpw/mods/modlauncher/serviceapi/ILaunchPluginService$ITransformerLoader
instanceKlass org/spongepowered/asm/launch/MixinLaunchPluginLegacy
instanceKlass org/spongepowered/asm/service/IClassBytecodeProvider
instanceKlass net/minecraftforge/eventbus/IEventBusEngine
instanceKlass net/minecraftforge/eventbus/service/ModLauncherService
instanceKlass net/minecraftforge/accesstransformer/INameHandler
instanceKlass net/minecraftforge/accesstransformer/service/AccessTransformerService
instanceKlass org/objectweb/asm/signature/SignatureVisitor
instanceKlass net/minecraftforge/fml/common/asm/CapabilityTokenSubclass
instanceKlass net/minecraftforge/fml/common/asm/ObjectHolderDefinalize
instanceKlass net/minecraftforge/fml/common/asm/RuntimeEnumExtender
instanceKlass net/minecraftforge/api/distmarker/OnlyIns
instanceKlass org/objectweb/asm/Type
instanceKlass net/minecraftforge/api/distmarker/OnlyIn
instanceKlass net/minecraftforge/fml/loading/RuntimeDistCleaner
instanceKlass net/minecraftforge/fml/loading/log4j/SLF4JFixerLaunchPluginService
instanceKlass cpw/mods/modlauncher/serviceapi/ILaunchPluginService
instanceKlass cpw/mods/modlauncher/LaunchPluginHandler
instanceKlass net/minecraftforge/fml/loading/MCPNamingService
instanceKlass cpw/mods/modlauncher/NameMappingServiceDecorator
instanceKlass cpw/mods/modlauncher/api/INameMappingService
instanceKlass cpw/mods/modlauncher/NameMappingServiceHandler
instanceKlass cpw/mods/modlauncher/api/ITransformationService$OptionResult
instanceKlass joptsimple/OptionSpec
instanceKlass joptsimple/ValueConverter
instanceKlass cpw/mods/modlauncher/ArgumentHandler
instanceKlass cpw/mods/modlauncher/TransformationServicesHandler
instanceKlass cpw/mods/modlauncher/TransformTargetLabel
instanceKlass org/objectweb/asm/MethodVisitor
instanceKlass org/objectweb/asm/FieldVisitor
instanceKlass cpw/mods/modlauncher/TransformList
instanceKlass cpw/mods/modlauncher/api/ITransformer
instanceKlass cpw/mods/modlauncher/TransformStore
instanceKlass cpw/mods/modlauncher/ProtectionDomainHelper
instanceKlass cpw/mods/modlauncher/api/TypesafeMap$Key
instanceKlass cpw/mods/modlauncher/api/ITransformerAuditTrail
instanceKlass cpw/mods/modlauncher/api/IEnvironment$Keys
instanceKlass cpw/mods/modlauncher/api/TypesafeMap$KeyBuilder
instanceKlass cpw/mods/modlauncher/Environment
instanceKlass cpw/mods/modlauncher/api/TypesafeMap
instanceKlass cpw/mods/modlauncher/TestingLaunchHandlerService
instanceKlass cpw/mods/modlauncher/api/ServiceRunner
instanceKlass cpw/mods/modlauncher/DefaultLaunchHandlerService
instanceKlass org/slf4j/spi/LoggingEventBuilder
instanceKlass org/apache/logging/slf4j/Log4jLogger
instanceKlass org/slf4j/spi/LocationAwareLogger
instanceKlass java/util/stream/WhileOps$DropWhileSink
instanceKlass java/util/stream/WhileOps$DropWhileOp
instanceKlass java/util/stream/WhileOps
instanceKlass org/apache/logging/slf4j/Log4jMarker
instanceKlass org/apache/logging/slf4j/Log4jMDCAdapter$ThreadLocalMapOfStacks
instanceKlass org/apache/logging/slf4j/Log4jMDCAdapter
instanceKlass org/apache/logging/log4j/spi/AbstractLoggerAdapter
instanceKlass org/apache/logging/log4j/spi/LoggerAdapter
instanceKlass org/apache/logging/slf4j/Log4jMarkerFactory
instanceKlass org/apache/logging/slf4j/SLF4JServiceProvider
instanceKlass org/slf4j/helpers/Util
instanceKlass org/slf4j/helpers/NOPMDCAdapter
instanceKlass org/slf4j/helpers/NOPLoggerFactory
instanceKlass org/slf4j/helpers/NOP_FallbackServiceProvider
instanceKlass org/slf4j/helpers/ThreadLocalMapOfStacks
instanceKlass org/slf4j/helpers/BasicMDCAdapter
instanceKlass org/slf4j/Marker
instanceKlass org/slf4j/helpers/BasicMarkerFactory
instanceKlass org/slf4j/Logger
instanceKlass org/slf4j/helpers/SubstituteLoggerFactory
instanceKlass org/slf4j/ILoggerFactory
instanceKlass org/slf4j/spi/MDCAdapter
instanceKlass org/slf4j/helpers/SubstituteServiceProvider
instanceKlass org/slf4j/event/LoggingEvent
instanceKlass org/slf4j/spi/SLF4JServiceProvider
instanceKlass org/slf4j/LoggerFactory
instanceKlass org/slf4j/IMarkerFactory
instanceKlass org/slf4j/MarkerFactory
instanceKlass com/mojang/logging/LogUtils
instanceKlass net/minecraftforge/fml/loading/targets/CommonLaunchHandler
instanceKlass cpw/mods/modlauncher/api/ILaunchHandlerService
instanceKlass cpw/mods/modlauncher/util/ServiceLoaderUtils
instanceKlass cpw/mods/modlauncher/ModuleLayerHandler
instanceKlass cpw/mods/modlauncher/api/IEnvironment
instanceKlass org/apache/logging/log4j/core/layout/ByteBufferDestinationHelper
instanceKlass org/apache/logging/log4j/core/layout/TextEncoderHelper
instanceKlass org/apache/logging/log4j/util/MultiFormatStringBuilderFormattable
instanceKlass org/apache/logging/log4j/message/MultiformatMessage
instanceKlass java/time/Clock
instanceKlass java/time/InstantSource
instanceKlass java/util/IdentityHashMap$IdentityHashMapIterator
instanceKlass org/apache/logging/log4j/core/impl/MutableLogEvent
instanceKlass org/apache/logging/log4j/message/ParameterFormatter
instanceKlass org/apache/logging/log4j/message/ReusableParameterizedMessage
instanceKlass org/apache/logging/log4j/message/ParameterVisitable
instanceKlass org/apache/logging/log4j/message/ReusableMessage
instanceKlass cpw/mods/modlauncher/api/ITransformingClassLoaderBuilder
instanceKlass cpw/mods/modlauncher/LaunchServiceHandler
instanceKlass org/apache/logging/log4j/util/LambdaUtil
instanceKlass cpw/mods/modlauncher/LogMarkers
instanceKlass org/apache/logging/log4j/core/Logger$PrivateConfig
instanceKlass org/apache/logging/log4j/core/jmx/AppenderAdmin
instanceKlass org/apache/logging/log4j/core/jmx/AppenderAdminMBean
instanceKlass org/apache/logging/log4j/core/jmx/LoggerConfigAdmin
instanceKlass org/apache/logging/log4j/core/jmx/LoggerConfigAdminMBean
instanceKlass org/apache/logging/log4j/core/jmx/ContextSelectorAdmin
instanceKlass org/apache/logging/log4j/core/jmx/ContextSelectorAdminMBean
instanceKlass org/apache/logging/log4j/core/jmx/StatusLoggerAdminMBean
instanceKlass java/beans/PropertyChangeListener
instanceKlass org/apache/logging/log4j/core/jmx/LoggerContextAdminMBean
instanceKlass com/sun/jmx/mbeanserver/Repository$ObjectNamePattern
instanceKlass jdk/management/jfr/FlightRecorderMXBeanImpl$MXBeanListener
instanceKlass jdk/jfr/FlightRecorderListener
instanceKlass jdk/jfr/FlightRecorder
instanceKlass jdk/jfr/Recording
instanceKlass javax/management/NotificationFilter
instanceKlass javax/management/NotificationListener
instanceKlass javax/management/StandardMBean$MBeanInfoSafeAction
instanceKlass jdk/jfr/internal/management/StreamManager
instanceKlass jdk/management/jfr/EventTypeInfo
instanceKlass jdk/management/jfr/ConfigurationInfo
instanceKlass jdk/management/jfr/RecordingInfo
instanceKlass sun/reflect/generics/tree/VoidDescriptor
instanceKlass sun/reflect/generics/tree/LongSignature
instanceKlass jdk/management/jfr/SettingDescriptorInfo$1
instanceKlass jdk/management/jfr/SettingDescriptorInfo
instanceKlass sun/management/ManagementFactoryHelper$1
instanceKlass java/lang/management/BufferPoolMXBean
instanceKlass sun/nio/ch/FileChannelImpl$2
instanceKlass sun/nio/ch/FileChannelImpl$1
instanceKlass jdk/internal/misc/VM$BufferPoolsHolder
instanceKlass com/sun/management/VMOption
instanceKlass com/sun/management/internal/HotSpotDiagnostic
instanceKlass com/sun/management/HotSpotDiagnosticMXBean
instanceKlass com/sun/management/GcInfo
instanceKlass javax/management/openmbean/CompositeDataView
instanceKlass java/lang/StringLatin1$LinesSpliterator
instanceKlass com/sun/management/internal/DiagnosticCommandImpl$Wrapper
instanceKlass jdk/jfr/internal/dcmd/AbstractDCmd
instanceKlass com/sun/management/internal/DiagnosticCommandArgumentInfo
instanceKlass com/sun/management/internal/DiagnosticCommandInfo
instanceKlass com/sun/management/internal/DiagnosticCommandImpl$OperationInfoComparator
instanceKlass sun/management/ClassLoadingImpl
instanceKlass javax/management/MBeanInfo$ArrayGettersSafeAction
instanceKlass javax/management/openmbean/OpenMBeanOperationInfo
instanceKlass java/util/logging/Logging
instanceKlass java/util/logging/LoggingMXBean
instanceKlass sun/management/ManagementFactoryHelper$PlatformLoggingImpl
instanceKlass java/lang/management/PlatformLoggingMXBean
instanceKlass sun/management/CompilationImpl
instanceKlass sun/management/VMManagementImpl$1
instanceKlass java/lang/management/MemoryUsage
instanceKlass sun/management/Sensor
instanceKlass sun/management/MemoryPoolImpl
instanceKlass java/lang/management/MemoryPoolMXBean
instanceKlass com/sun/management/GarbageCollectorMXBean
instanceKlass java/lang/management/GarbageCollectorMXBean
instanceKlass java/lang/management/MemoryManagerMXBean
instanceKlass javax/management/DescriptorKey
instanceKlass sun/management/BaseOperatingSystemImpl
instanceKlass com/sun/management/OperatingSystemMXBean
instanceKlass com/sun/jmx/mbeanserver/PerInterface$MethodAndSig
instanceKlass java/lang/management/LockInfo
instanceKlass java/lang/management/ThreadInfo
instanceKlass sun/management/ThreadImpl
instanceKlass com/sun/management/ThreadMXBean
instanceKlass com/sun/jmx/mbeanserver/WeakIdentityHashMap
instanceKlass com/sun/jmx/mbeanserver/MXBeanLookup
instanceKlass com/sun/jmx/mbeanserver/PerInterface$InitMaps
instanceKlass com/sun/jmx/mbeanserver/PerInterface
instanceKlass javax/management/openmbean/OpenMBeanAttributeInfo
instanceKlass javax/management/openmbean/OpenMBeanParameterInfo
instanceKlass com/sun/jmx/mbeanserver/MBeanIntrospector$MBeanInfoMaker
instanceKlass com/sun/jmx/mbeanserver/MBeanAnalyzer$MBeanVisitor
instanceKlass sun/reflect/generics/tree/TypeVariableSignature
instanceKlass sun/reflect/generics/tree/MethodTypeSignature
instanceKlass com/sun/jmx/mbeanserver/MBeanAnalyzer$AttrMethods
instanceKlass com/sun/jmx/mbeanserver/MXBeanMapping
instanceKlass javax/management/openmbean/TabularData
instanceKlass javax/management/openmbean/CompositeData
instanceKlass javax/management/openmbean/OpenType
instanceKlass com/sun/jmx/mbeanserver/MXBeanMappingFactory
instanceKlass com/sun/jmx/mbeanserver/ConvertingMethod
instanceKlass com/sun/jmx/mbeanserver/MBeanAnalyzer$MethodOrder
instanceKlass com/sun/jmx/mbeanserver/MBeanAnalyzer
instanceKlass com/sun/jmx/mbeanserver/MBeanIntrospector
instanceKlass javax/management/MXBean
instanceKlass com/sun/jmx/mbeanserver/MBeanSupport
instanceKlass com/sun/jmx/mbeanserver/DescriptorCache
instanceKlass javax/management/JMX
instanceKlass javax/management/StandardMBean
instanceKlass com/sun/jmx/mbeanserver/JmxMBeanServer$3
instanceKlass javax/management/ObjectInstance
instanceKlass com/sun/jmx/mbeanserver/NamedObject
instanceKlass com/sun/jmx/interceptor/DefaultMBeanServerInterceptor$ResourceContext$1
instanceKlass com/sun/jmx/interceptor/DefaultMBeanServerInterceptor$ResourceContext
instanceKlass com/sun/jmx/mbeanserver/Repository$RegistrationContext
instanceKlass com/sun/jmx/mbeanserver/DynamicMBean2
instanceKlass com/sun/jmx/defaults/JmxProperties
instanceKlass com/sun/jmx/mbeanserver/Introspector
instanceKlass com/sun/jmx/mbeanserver/JmxMBeanServer$2
instanceKlass com/sun/jmx/interceptor/DefaultMBeanServerInterceptor
instanceKlass com/sun/jmx/interceptor/MBeanServerInterceptor
instanceKlass com/sun/jmx/mbeanserver/Repository
instanceKlass com/sun/jmx/mbeanserver/JmxMBeanServer$1
instanceKlass com/sun/jmx/mbeanserver/SecureClassLoaderRepository
instanceKlass com/sun/jmx/mbeanserver/MBeanInstantiator
instanceKlass com/sun/jmx/mbeanserver/ClassLoaderRepositorySupport$LoaderEntry
instanceKlass com/sun/jmx/mbeanserver/ClassLoaderRepositorySupport
instanceKlass com/sun/jmx/mbeanserver/ModifiableClassLoaderRepository
instanceKlass javax/management/loading/ClassLoaderRepository
instanceKlass javax/management/ImmutableDescriptor
instanceKlass javax/management/Descriptor
instanceKlass com/sun/jmx/remote/util/ClassLogger
instanceKlass javax/management/NotificationBroadcasterSupport$1
instanceKlass javax/management/NotificationBroadcasterSupport
instanceKlass javax/management/ObjectName$Property
instanceKlass javax/management/ObjectName
instanceKlass javax/management/QueryExp
instanceKlass com/sun/jmx/mbeanserver/Util
instanceKlass javax/management/MBeanInfo
instanceKlass javax/management/MBeanFeatureInfo
instanceKlass javax/management/DescriptorRead
instanceKlass javax/management/MBeanServerDelegate
instanceKlass javax/management/MBeanServerDelegateMBean
instanceKlass javax/management/MBeanRegistration
instanceKlass com/sun/jmx/mbeanserver/JmxMBeanServer
instanceKlass com/sun/jmx/mbeanserver/SunJmxMBeanServer
instanceKlass javax/management/MBeanServerBuilder
instanceKlass com/sun/jmx/mbeanserver/GetPropertyAction
instanceKlass javax/management/MBeanServerFactory
instanceKlass org/apache/logging/log4j/core/jmx/Server
instanceKlass java/util/EventObject
instanceKlass org/apache/logging/log4j/core/util/NameUtil
instanceKlass org/apache/logging/log4j/core/config/Loggers
instanceKlass org/apache/logging/log4j/core/config/LoggerConfig$RootLogger$Builder
instanceKlass org/apache/logging/log4j/core/lookup/DefaultLookupResult
instanceKlass java/util/concurrent/atomic/AtomicBoolean
instanceKlass org/apache/logging/log4j/core/config/AwaitCompletionReliabilityStrategy
instanceKlass org/apache/logging/log4j/core/config/ReliabilityStrategyFactory
instanceKlass org/apache/logging/log4j/core/config/LoggerConfig$LevelAndRefs
instanceKlass org/apache/logging/log4j/core/config/LoggerConfig$Builder
instanceKlass java/text/ParsePosition
instanceKlass java/io/FileOutputStream$1
instanceKlass org/apache/logging/log4j/core/appender/rolling/FileSize
instanceKlass java/util/zip/Deflater$DeflaterZStreamRef
instanceKlass java/util/zip/Deflater
instanceKlass sun/nio/fs/WindowsFileCopy
instanceKlass org/apache/logging/log4j/core/appender/rolling/RolloverDescriptionImpl
instanceKlass java/util/TreeMap$NavigableSubMap$SubMapIterator
instanceKlass java/util/Collections$ReverseComparator
instanceKlass sun/nio/fs/WindowsDirectoryStream$WindowsDirectoryIterator
instanceKlass sun/nio/fs/WindowsDirectoryStream
instanceKlass org/apache/logging/log4j/core/impl/ContextDataFactory
instanceKlass org/apache/logging/log4j/core/impl/Log4jLogEvent
instanceKlass org/apache/logging/log4j/core/impl/Log4jLogEvent$Builder
instanceKlass org/apache/logging/log4j/core/pattern/NotANumber
instanceKlass org/apache/logging/log4j/core/util/datetime/FastDatePrinter$TwoDigitMonthField
instanceKlass java/util/concurrent/ThreadPoolExecutor$AbortPolicy
instanceKlass java/util/concurrent/RejectedExecutionHandler
instanceKlass java/util/concurrent/AbstractExecutorService
instanceKlass org/apache/logging/log4j/core/appender/ConfigurationFactoryData
instanceKlass org/apache/logging/log4j/core/appender/rolling/RollingRandomAccessFileManager$RollingRandomAccessFileManagerFactory
instanceKlass org/apache/logging/log4j/core/util/Log4jThreadFactory
instanceKlass java/util/concurrent/Semaphore
instanceKlass org/apache/logging/log4j/core/appender/rolling/RollingFileManager$RollingFileManagerFactory
instanceKlass org/apache/logging/log4j/core/appender/FileManager$FileManagerFactory
instanceKlass org/apache/logging/log4j/core/filter/AbstractFilterable$Builder
instanceKlass org/apache/logging/log4j/core/appender/rolling/PatternProcessor
instanceKlass org/apache/logging/log4j/core/appender/rolling/DefaultRolloverStrategy$Builder
instanceKlass org/apache/logging/log4j/core/appender/rolling/RolloverDescription
instanceKlass javax/management/MBeanServer
instanceKlass java/lang/management/OperatingSystemMXBean
instanceKlass java/lang/management/CompilationMXBean
instanceKlass java/lang/management/ThreadMXBean
instanceKlass java/lang/management/MemoryMXBean
instanceKlass java/lang/management/ClassLoadingMXBean
instanceKlass javax/management/MBeanServerConnection
instanceKlass org/apache/logging/log4j/core/appender/rolling/TimeBasedTriggeringPolicy$Builder
instanceKlass org/apache/logging/log4j/core/layout/PatternLayout$NoFormatPatternSerializer
instanceKlass sun/util/locale/provider/CalendarNameProviderImpl$LengthBasedComparator
instanceKlass sun/util/resources/provider/NonBaseLocaleDataMetaInfo
instanceKlass sun/util/locale/provider/BaseLocaleDataMetaInfo
instanceKlass sun/util/locale/provider/CalendarDataUtility$CalendarFieldValueNamesMapGetter
instanceKlass org/apache/logging/log4j/core/util/datetime/FastDatePrinter$PaddedNumberField
instanceKlass org/apache/logging/log4j/core/util/datetime/FastDatePrinter$TextField
instanceKlass com/mojang/logging/LogQueues
instanceKlass org/apache/logging/log4j/core/layout/PatternLayout$PatternSelectorSerializer
instanceKlass net/minecrell/terminalconsole/util/LoggerNamePatternSelector$LoggerNameSelector
instanceKlass java/util/ComparableTimSort
instanceKlass org/apache/logging/log4j/core/util/Patterns
instanceKlass org/apache/logging/log4j/core/pattern/NameAbbreviator$PatternAbbreviatorFragment
instanceKlass org/apache/logging/log4j/core/util/datetime/FastDateParser$StrategyAndWidth
instanceKlass org/apache/logging/log4j/core/util/datetime/FastDateParser$StrategyParser
instanceKlass sun/util/locale/Extension
instanceKlass sun/util/locale/LocaleExtensions
instanceKlass org/apache/logging/log4j/core/util/datetime/FastDateParser$Strategy
instanceKlass org/apache/logging/log4j/core/util/datetime/FastDateParser
instanceKlass org/apache/logging/log4j/core/util/datetime/FastDatePrinter$CharacterLiteral
instanceKlass org/apache/logging/log4j/core/util/datetime/FastDatePrinter$TwoDigitNumberField
instanceKlass org/apache/logging/log4j/core/util/datetime/FastDatePrinter$NumberRule
instanceKlass org/apache/logging/log4j/core/util/datetime/FastDatePrinter$Rule
instanceKlass org/apache/logging/log4j/core/util/datetime/FastDatePrinter
instanceKlass org/apache/logging/log4j/core/util/datetime/FormatCache$MultipartKey
instanceKlass org/apache/logging/log4j/core/util/datetime/FormatCache
instanceKlass org/apache/logging/log4j/core/util/datetime/Format
instanceKlass org/apache/logging/log4j/core/util/datetime/DatePrinter
instanceKlass org/apache/logging/log4j/core/util/datetime/DateParser
instanceKlass java/util/stream/MatchOps$BooleanTerminalSink
instanceKlass java/util/stream/MatchOps$MatchOp
instanceKlass java/util/stream/MatchOps
instanceKlass org/apache/logging/log4j/message/Clearable
instanceKlass java/text/DontCareFieldPosition$1
instanceKlass java/text/Format$FieldDelegate
instanceKlass java/text/DigitList
instanceKlass java/text/FieldPosition
instanceKlass java/lang/StringUTF16$CharsSpliterator
instanceKlass java/util/OptionalInt
instanceKlass java/util/function/IntPredicate
instanceKlass java/lang/StringLatin1$CharsSpliterator
instanceKlass java/text/DecimalFormatSymbols
instanceKlass sun/util/resources/Bundles$2
instanceKlass java/util/ArrayList$SubList$1
instanceKlass sun/util/resources/LocaleData$LocaleDataResourceBundleProvider
instanceKlass java/util/spi/ResourceBundleProvider
instanceKlass java/text/DateFormatSymbols
instanceKlass java/text/AttributedCharacterIterator$Attribute
instanceKlass org/apache/logging/log4j/status/StatusData
instanceKlass java/lang/StackTraceElement$HashedModules
instanceKlass org/apache/logging/log4j/message/SimpleMessage
instanceKlass org/jline/terminal/spi/JansiSupport
instanceKlass java/util/logging/Logger$SystemLoggerHelper$1
instanceKlass java/util/logging/Logger$SystemLoggerHelper
instanceKlass java/util/logging/LogManager$4
instanceKlass jdk/internal/logger/BootstrapLogger$BootstrapExecutors
instanceKlass jdk/internal/logger/LoggerFinderLoader
instanceKlass java/util/logging/LogManager$LoggerContext$1
instanceKlass java/util/logging/LogManager$VisitedLoggers
instanceKlass java/util/logging/LogManager$2
instanceKlass java/util/logging/LogManager$LoggingProviderAccess
instanceKlass java/util/logging/LogManager$LogNode
instanceKlass java/util/logging/LogManager$LoggerContext
instanceKlass java/util/logging/LogManager$1
instanceKlass java/util/logging/Logger$ConfigurationData
instanceKlass java/util/logging/Logger$LoggerBundle
instanceKlass java/util/logging/Handler
instanceKlass java/util/logging/Logger
instanceKlass java/util/logging/LogRecord
instanceKlass java/util/logging/Level
instanceKlass org/jline/utils/Log
instanceKlass org/jline/terminal/spi/JnaSupport
instanceKlass org/jline/utils/OSUtils
instanceKlass org/jline/terminal/impl/NativeSignalHandler
instanceKlass org/jline/terminal/Terminal$SignalHandler
instanceKlass org/jline/terminal/TerminalBuilder
instanceKlass org/jline/terminal/Terminal
instanceKlass org/jline/reader/LineReader
instanceKlass org/apache/logging/log4j/core/util/Assert
instanceKlass org/apache/logging/log4j/core/config/plugins/validation/validators/RequiredValidator
instanceKlass org/apache/logging/log4j/core/config/plugins/validation/ConstraintValidator
instanceKlass org/apache/logging/log4j/core/config/plugins/PluginConfiguration
instanceKlass org/apache/logging/log4j/core/config/plugins/validation/constraints/Required
instanceKlass org/apache/logging/log4j/core/config/plugins/PluginBuilderAttribute
instanceKlass org/apache/logging/log4j/core/util/TypeUtil
instanceKlass org/apache/logging/log4j/core/layout/PatternMatch$Builder
instanceKlass org/apache/logging/log4j/core/config/plugins/PluginElement
instanceKlass java/lang/Deprecated
instanceKlass org/apache/logging/log4j/util/EnglishEnums
instanceKlass org/apache/logging/log4j/core/config/plugins/convert/EnumConverter
instanceKlass org/apache/logging/log4j/core/config/plugins/validation/Constraint
instanceKlass org/apache/logging/log4j/core/config/plugins/validation/ConstraintValidators
instanceKlass org/apache/logging/log4j/util/StringBuilders
instanceKlass org/apache/logging/log4j/core/appender/rolling/action/Duration
instanceKlass org/apache/logging/log4j/core/util/CronExpression
instanceKlass java/lang/reflect/WildcardType
instanceKlass sun/reflect/generics/tree/Wildcard
instanceKlass sun/reflect/generics/tree/BottomSignature
instanceKlass sun/reflect/generics/tree/CharSignature
instanceKlass sun/reflect/generics/tree/ArrayTypeSignature
instanceKlass sun/reflect/generics/tree/ByteSignature
instanceKlass sun/reflect/generics/reflectiveObjects/LazyReflectiveObjectGenerator
instanceKlass sun/reflect/generics/reflectiveObjects/ParameterizedTypeImpl
instanceKlass java/lang/reflect/ParameterizedType
instanceKlass sun/reflect/generics/tree/ClassSignature
instanceKlass sun/reflect/generics/tree/Signature
instanceKlass sun/reflect/generics/tree/FormalTypeParameter
instanceKlass java/lang/reflect/TypeVariable
instanceKlass sun/reflect/generics/repository/AbstractRepository
instanceKlass org/apache/logging/log4j/core/config/plugins/convert/TypeConverterRegistry
instanceKlass org/apache/logging/log4j/core/config/plugins/convert/TypeConverters
instanceKlass org/apache/logging/log4j/core/config/plugins/visitors/AbstractPluginVisitor
instanceKlass org/apache/logging/log4j/core/config/plugins/visitors/PluginVisitor
instanceKlass org/apache/logging/log4j/core/config/plugins/visitors/PluginVisitors
instanceKlass org/apache/logging/log4j/core/config/plugins/PluginVisitorStrategy
instanceKlass java/lang/Short$ShortCache
instanceKlass java/lang/Character$CharacterCache
instanceKlass org/apache/logging/log4j/core/config/plugins/PluginAttribute
instanceKlass org/apache/logging/log4j/core/config/plugins/PluginFactory
instanceKlass org/apache/logging/log4j/core/config/plugins/PluginBuilderFactory
instanceKlass org/apache/logging/log4j/core/config/plugins/util/PluginBuilder
instanceKlass org/apache/logging/log4j/core/config/plugins/PluginAliases
instanceKlass org/apache/logging/log4j/core/config/Scheduled
instanceKlass org/w3c/dom/Comment
instanceKlass com/sun/org/apache/xerces/internal/dom/CharacterDataImpl$1
instanceKlass org/w3c/dom/Text
instanceKlass org/w3c/dom/CharacterData
instanceKlass java/util/Formattable
instanceKlass java/util/Formatter$FixedString
instanceKlass java/util/Formatter$Flags
instanceKlass java/util/Formatter$FormatSpecifier
instanceKlass java/util/Formatter$FormatString
instanceKlass java/util/Formatter$Conversion
instanceKlass java/util/Formatter
instanceKlass org/apache/logging/log4j/core/Version
instanceKlass java/net/InetAddress$CachedLocalHost
instanceKlass java/net/InetAddress$CachedAddresses
instanceKlass sun/net/InetAddressCachePolicy$2
instanceKlass sun/net/InetAddressCachePolicy$1
instanceKlass sun/net/InetAddressCachePolicy
instanceKlass java/net/Inet6Address$Inet6AddressHolder
instanceKlass java/net/InetAddress$NameServiceAddresses
instanceKlass java/net/InetAddress$Addresses
instanceKlass java/net/InetAddress$PlatformNameService
instanceKlass java/net/InetAddress$NameService
instanceKlass java/net/Inet6AddressImpl
instanceKlass java/net/InetAddressImpl
instanceKlass java/net/InetAddressImplFactory
instanceKlass java/net/InetAddress$InetAddressHolder
instanceKlass java/net/InetAddress$1
instanceKlass jdk/internal/access/JavaNetInetAddressAccess
instanceKlass java/net/InetAddress
instanceKlass org/apache/logging/log4j/core/util/NetUtils
instanceKlass java/util/concurrent/LinkedBlockingQueue$Itr
instanceKlass org/apache/logging/log4j/status/StatusConsoleListener
instanceKlass java/util/concurrent/LinkedBlockingQueue$Node
instanceKlass java/util/concurrent/locks/AbstractQueuedSynchronizer$ConditionObject
instanceKlass java/util/concurrent/locks/Condition
instanceKlass java/util/concurrent/BlockingQueue
instanceKlass org/apache/logging/log4j/status/StatusListener
instanceKlass java/util/EventListener
instanceKlass org/apache/logging/log4j/core/config/status/StatusConfiguration
instanceKlass org/w3c/dom/Attr
instanceKlass com/sun/org/apache/xerces/internal/dom/NamedNodeMapImpl
instanceKlass org/w3c/dom/NamedNodeMap
instanceKlass com/sun/org/apache/xerces/internal/dom/DeferredDocumentImpl$RefCount
instanceKlass com/sun/org/apache/xerces/internal/dom/NodeListCache
instanceKlass org/w3c/dom/TypeInfo
instanceKlass org/w3c/dom/ElementTraversal
instanceKlass org/w3c/dom/Element
instanceKlass org/w3c/dom/DocumentType
instanceKlass com/sun/org/apache/xerces/internal/dom/NodeImpl
instanceKlass org/w3c/dom/events/EventTarget
instanceKlass org/w3c/dom/NodeList
instanceKlass org/w3c/dom/Document
instanceKlass org/w3c/dom/ranges/DocumentRange
instanceKlass org/w3c/dom/events/DocumentEvent
instanceKlass org/w3c/dom/traversal/DocumentTraversal
instanceKlass com/sun/org/apache/xerces/internal/dom/DeferredNode
instanceKlass org/w3c/dom/Node
instanceKlass com/sun/org/apache/xerces/internal/impl/Constants$ArrayEnumeration
instanceKlass com/sun/org/apache/xerces/internal/impl/Constants
instanceKlass com/sun/org/apache/xerces/internal/util/IntStack
instanceKlass com/sun/org/apache/xerces/internal/xinclude/XIncludeMessageFormatter
instanceKlass com/sun/org/apache/xerces/internal/util/XMLLocatorWrapper
instanceKlass com/sun/org/apache/xerces/internal/util/XMLSymbols
instanceKlass com/sun/org/apache/xerces/internal/xinclude/XIncludeHandler
instanceKlass com/sun/org/apache/xerces/internal/util/XMLChar
instanceKlass com/sun/xml/internal/stream/Entity
instanceKlass com/sun/xml/internal/stream/util/BufferAllocator
instanceKlass com/sun/xml/internal/stream/util/ThreadLocalBufferAllocator
instanceKlass com/sun/org/apache/xerces/internal/impl/XMLEntityManager$EncodingInfo
instanceKlass com/sun/org/apache/xerces/internal/util/URI
instanceKlass com/sun/org/apache/xerces/internal/utils/XMLLimitAnalyzer
instanceKlass com/sun/org/apache/xerces/internal/xni/parser/XMLInputSource
instanceKlass com/sun/org/apache/xerces/internal/util/FeatureState
instanceKlass com/sun/org/apache/xerces/internal/util/PropertyState
instanceKlass com/sun/org/apache/xerces/internal/impl/msg/XMLMessageFormatter
instanceKlass com/sun/org/apache/xerces/internal/util/MessageFormatter
instanceKlass com/sun/org/apache/xerces/internal/impl/XMLVersionDetector
instanceKlass com/sun/org/apache/xerces/internal/impl/validation/ValidationManager
instanceKlass com/sun/org/apache/xerces/internal/impl/dv/dtd/NMTOKENDatatypeValidator
instanceKlass com/sun/org/apache/xerces/internal/impl/dv/dtd/NOTATIONDatatypeValidator
instanceKlass com/sun/org/apache/xerces/internal/impl/dv/dtd/ENTITYDatatypeValidator
instanceKlass com/sun/org/apache/xerces/internal/impl/dv/dtd/ListDatatypeValidator
instanceKlass com/sun/org/apache/xerces/internal/impl/dv/dtd/IDREFDatatypeValidator
instanceKlass com/sun/org/apache/xerces/internal/impl/dv/dtd/IDDatatypeValidator
instanceKlass com/sun/org/apache/xerces/internal/impl/dv/dtd/StringDatatypeValidator
instanceKlass com/sun/org/apache/xerces/internal/impl/dv/DatatypeValidator
instanceKlass com/sun/org/apache/xerces/internal/impl/dv/DTDDVFactory
instanceKlass com/sun/org/apache/xerces/internal/impl/dtd/DTDGrammarBucket
instanceKlass com/sun/org/apache/xerces/internal/impl/dtd/XMLAttributeDecl
instanceKlass com/sun/org/apache/xerces/internal/impl/dtd/XMLSimpleType
instanceKlass com/sun/org/apache/xerces/internal/impl/dtd/XMLElementDecl
instanceKlass com/sun/org/apache/xerces/internal/impl/validation/ValidationState
instanceKlass com/sun/org/apache/xerces/internal/impl/dv/ValidationContext
instanceKlass com/sun/org/apache/xerces/internal/impl/dtd/XMLDTDValidator
instanceKlass com/sun/org/apache/xerces/internal/impl/RevalidationHandler
instanceKlass com/sun/org/apache/xerces/internal/impl/dtd/XMLDTDValidatorFilter
instanceKlass com/sun/org/apache/xerces/internal/xni/parser/XMLDocumentFilter
instanceKlass com/sun/org/apache/xerces/internal/impl/dtd/XMLEntityDecl
instanceKlass com/sun/org/apache/xerces/internal/impl/dtd/XMLDTDProcessor
instanceKlass com/sun/org/apache/xerces/internal/xni/parser/XMLDTDContentModelFilter
instanceKlass com/sun/org/apache/xerces/internal/xni/parser/XMLDTDFilter
instanceKlass com/sun/org/apache/xerces/internal/xni/parser/XMLDTDScanner
instanceKlass com/sun/org/apache/xerces/internal/xni/parser/XMLDTDContentModelSource
instanceKlass com/sun/org/apache/xerces/internal/xni/parser/XMLDTDSource
instanceKlass com/sun/org/apache/xerces/internal/xni/grammars/XMLDTDDescription
instanceKlass com/sun/org/apache/xerces/internal/xni/grammars/XMLGrammarDescription
instanceKlass com/sun/org/apache/xerces/internal/impl/XMLDocumentScannerImpl$TrailingMiscDriver
instanceKlass com/sun/org/apache/xerces/internal/impl/XMLDocumentScannerImpl$PrologDriver
instanceKlass com/sun/org/apache/xerces/internal/impl/XMLDocumentScannerImpl$XMLDeclDriver
instanceKlass com/sun/org/apache/xerces/internal/util/NamespaceSupport
instanceKlass com/sun/org/apache/xerces/internal/xni/NamespaceContext
instanceKlass com/sun/org/apache/xerces/internal/util/XMLAttributesImpl$Attribute
instanceKlass com/sun/org/apache/xerces/internal/util/XMLAttributesImpl
instanceKlass com/sun/org/apache/xerces/internal/xni/XMLAttributes
instanceKlass com/sun/org/apache/xerces/internal/impl/XMLDocumentFragmentScannerImpl$FragmentContentDriver
instanceKlass com/sun/org/apache/xerces/internal/impl/XMLDocumentFragmentScannerImpl$Driver
instanceKlass com/sun/org/apache/xerces/internal/impl/XMLDocumentFragmentScannerImpl$ElementStack2
instanceKlass com/sun/org/apache/xerces/internal/xni/QName
instanceKlass com/sun/org/apache/xerces/internal/impl/XMLDocumentFragmentScannerImpl$ElementStack
instanceKlass com/sun/org/apache/xerces/internal/xni/XMLString
instanceKlass com/sun/org/apache/xerces/internal/impl/XMLScanner
instanceKlass com/sun/xml/internal/stream/XMLBufferListener
instanceKlass com/sun/org/apache/xerces/internal/impl/XMLEntityHandler
instanceKlass com/sun/org/apache/xerces/internal/xni/parser/XMLDocumentScanner
instanceKlass com/sun/org/apache/xerces/internal/xni/parser/XMLDocumentSource
instanceKlass com/sun/org/apache/xerces/internal/impl/XMLErrorReporter
instanceKlass com/sun/org/apache/xerces/internal/impl/XMLEntityScanner
instanceKlass com/sun/org/apache/xerces/internal/xni/XMLLocator
instanceKlass com/sun/xml/internal/stream/XMLEntityStorage
instanceKlass com/sun/org/apache/xerces/internal/util/AugmentationsImpl$AugmentationsItemsContainer
instanceKlass com/sun/org/apache/xerces/internal/util/AugmentationsImpl
instanceKlass com/sun/org/apache/xerces/internal/xni/Augmentations
instanceKlass com/sun/org/apache/xerces/internal/util/XMLResourceIdentifierImpl
instanceKlass com/sun/org/apache/xerces/internal/xni/XMLResourceIdentifier
instanceKlass com/sun/org/apache/xerces/internal/impl/XMLEntityManager
instanceKlass com/sun/org/apache/xerces/internal/xni/parser/XMLEntityResolver
instanceKlass com/sun/org/apache/xerces/internal/xni/parser/XMLComponent
instanceKlass com/sun/org/apache/xerces/internal/util/SymbolTable$Entry
instanceKlass com/sun/org/apache/xerces/internal/util/SymbolTable
instanceKlass jdk/xml/internal/JdkConstants
instanceKlass javax/xml/parsers/SAXParserFactory
instanceKlass jdk/xml/internal/JdkXmlUtils
instanceKlass com/sun/org/apache/xerces/internal/util/ParserConfigurationSettings
instanceKlass com/sun/org/apache/xerces/internal/parsers/XML11Configurable
instanceKlass com/sun/org/apache/xerces/internal/xni/parser/XMLPullParserConfiguration
instanceKlass com/sun/org/apache/xerces/internal/xni/parser/XMLParserConfiguration
instanceKlass com/sun/org/apache/xerces/internal/xni/parser/XMLComponentManager
instanceKlass com/sun/org/apache/xerces/internal/parsers/XMLParser
instanceKlass com/sun/org/apache/xerces/internal/xni/XMLDTDContentModelHandler
instanceKlass com/sun/org/apache/xerces/internal/xni/XMLDTDHandler
instanceKlass com/sun/org/apache/xerces/internal/xni/XMLDocumentHandler
instanceKlass javax/xml/parsers/DocumentBuilder
instanceKlass com/sun/org/apache/xerces/internal/jaxp/JAXPConstants
instanceKlass com/sun/org/apache/xerces/internal/utils/XMLSecurityPropertyManager
instanceKlass com/sun/org/apache/xerces/internal/utils/XMLSecurityManager
instanceKlass javax/xml/parsers/FactoryFinder$1
instanceKlass jdk/xml/internal/SecuritySupport
instanceKlass javax/xml/parsers/FactoryFinder
instanceKlass javax/xml/parsers/DocumentBuilderFactory
instanceKlass org/xml/sax/InputSource
instanceKlass org/apache/logging/log4j/core/util/Closer
instanceKlass org/apache/logging/log4j/core/config/plugins/util/ResolverUtil
instanceKlass javax/xml/transform/Source
instanceKlass org/apache/logging/log4j/core/config/Reconfigurable
instanceKlass org/apache/logging/log4j/core/util/Source
instanceKlass org/apache/logging/log4j/core/net/UrlConnectionFactory
instanceKlass org/apache/logging/log4j/core/util/FileUtils
instanceKlass org/apache/logging/log4j/core/util/BasicAuthorizationProvider
instanceKlass org/apache/logging/log4j/core/config/Order
instanceKlass org/apache/logging/log4j/core/config/OrderComparator
instanceKlass org/apache/logging/log4j/core/util/AuthorizationProvider
instanceKlass org/apache/logging/log4j/core/config/builder/api/ConfigurationBuilder
instanceKlass org/apache/logging/log4j/core/appender/DefaultErrorHandler
instanceKlass org/apache/logging/log4j/core/appender/ConsoleAppender$FactoryData
instanceKlass org/apache/logging/log4j/core/appender/ConsoleAppender$ConsoleManagerFactory
instanceKlass org/apache/logging/log4j/core/layout/ByteBufferDestination
instanceKlass org/apache/logging/log4j/core/ErrorHandler
instanceKlass org/apache/logging/log4j/core/layout/PatternLayout$PatternFormatterPatternSerializer
instanceKlass org/apache/logging/log4j/core/pattern/PlainTextRenderer
instanceKlass org/apache/logging/log4j/core/impl/ThrowableFormatOptions
instanceKlass org/apache/logging/log4j/core/pattern/PatternFormatter
instanceKlass org/apache/logging/log4j/core/pattern/TextRenderer
instanceKlass org/apache/logging/log4j/core/util/Integers
instanceKlass org/apache/logging/log4j/core/pattern/NameAbbreviator
instanceKlass org/apache/logging/log4j/core/util/OptionConverter
instanceKlass sun/util/resources/Bundles$CacheKeyReference
instanceKlass java/util/ResourceBundle$ResourceBundleProviderHelper
instanceKlass sun/util/resources/Bundles$CacheKey
instanceKlass java/util/ResourceBundle$1
instanceKlass jdk/internal/access/JavaUtilResourceBundleAccess
instanceKlass sun/util/resources/Bundles
instanceKlass sun/util/resources/LocaleData$LocaleDataStrategy
instanceKlass sun/util/resources/Bundles$Strategy
instanceKlass sun/util/resources/LocaleData$1
instanceKlass sun/util/resources/LocaleData
instanceKlass sun/util/locale/provider/LocaleResources
instanceKlass java/util/ResourceBundle
instanceKlass java/util/ResourceBundle$Control
instanceKlass sun/util/locale/provider/CalendarDataUtility$CalendarWeekParameterGetter
instanceKlass sun/util/locale/provider/LocaleServiceProviderPool$LocalizedObjectGetter
instanceKlass sun/util/locale/provider/LocaleServiceProviderPool
instanceKlass java/util/Locale$Builder
instanceKlass sun/util/locale/provider/CalendarDataUtility
instanceKlass java/util/Calendar$Builder
instanceKlass sun/util/locale/provider/AvailableLanguageTags
instanceKlass sun/util/resources/cldr/provider/CLDRLocaleDataMetaInfo
instanceKlass sun/util/locale/InternalLocaleBuilder$CaseInsensitiveChar
instanceKlass sun/util/locale/InternalLocaleBuilder
instanceKlass sun/util/locale/StringTokenIterator
instanceKlass sun/util/locale/ParseStatus
instanceKlass sun/util/locale/LanguageTag
instanceKlass sun/util/cldr/CLDRBaseLocaleDataMetaInfo
instanceKlass sun/util/locale/provider/LocaleDataMetaInfo
instanceKlass sun/util/locale/provider/ResourceBundleBasedAdapter
instanceKlass sun/util/locale/provider/LocaleProviderAdapter$1
instanceKlass sun/util/locale/provider/LocaleProviderAdapter
instanceKlass java/util/spi/LocaleServiceProvider
instanceKlass java/util/Calendar
instanceKlass org/apache/logging/log4j/core/util/datetime/FixedDateFormat
instanceKlass org/apache/logging/log4j/core/time/MutableInstant
instanceKlass org/apache/logging/log4j/core/pattern/DatePatternConverter$CachedTime
instanceKlass org/apache/logging/log4j/core/pattern/DatePatternConverter$Formatter
instanceKlass org/apache/logging/log4j/core/time/Instant
instanceKlass org/apache/logging/log4j/core/pattern/PatternParser$1
instanceKlass org/apache/logging/log4j/core/pattern/FormattingInfo
instanceKlass jdk/internal/reflect/ClassDefiner$1
instanceKlass jdk/internal/reflect/ClassDefiner
instanceKlass jdk/internal/reflect/MethodAccessorGenerator$1
instanceKlass jdk/internal/reflect/Label$PatchInfo
instanceKlass jdk/internal/reflect/Label
instanceKlass jdk/internal/reflect/UTF8
instanceKlass jdk/internal/reflect/ClassFileAssembler
instanceKlass jdk/internal/reflect/ByteVectorImpl
instanceKlass jdk/internal/reflect/ByteVector
instanceKlass jdk/internal/reflect/ByteVectorFactory
instanceKlass jdk/internal/reflect/AccessorGenerator
instanceKlass jdk/internal/reflect/ClassFileConstants
instanceKlass jdk/internal/misc/ScopedMemoryAccess$Scope
instanceKlass java/lang/Class$AnnotationData
instanceKlass java/lang/annotation/Target
instanceKlass java/lang/reflect/Proxy$ProxyBuilder$1
instanceKlass jdk/internal/org/objectweb/asm/Edge
instanceKlass java/lang/reflect/ProxyGenerator$PrimitiveTypeInfo
instanceKlass java/lang/reflect/ProxyGenerator$ProxyMethod
instanceKlass java/lang/reflect/Proxy$ProxyBuilder
instanceKlass java/lang/reflect/Proxy
instanceKlass sun/reflect/annotation/AnnotationInvocationHandler
instanceKlass java/lang/reflect/InvocationHandler
instanceKlass sun/reflect/annotation/AnnotationParser$1
instanceKlass java/lang/annotation/Documented
instanceKlass java/lang/annotation/Inherited
instanceKlass java/lang/annotation/Retention
instanceKlass sun/reflect/annotation/ExceptionProxy
instanceKlass sun/reflect/annotation/AnnotationType$1
instanceKlass sun/reflect/annotation/AnnotationType
instanceKlass java/lang/reflect/GenericArrayType
instanceKlass org/apache/logging/log4j/core/config/plugins/Plugin
instanceKlass sun/reflect/generics/visitor/Reifier
instanceKlass sun/reflect/generics/visitor/TypeTreeVisitor
instanceKlass sun/reflect/generics/factory/CoreReflectionFactory
instanceKlass sun/reflect/generics/factory/GenericsFactory
instanceKlass sun/reflect/generics/scope/AbstractScope
instanceKlass sun/reflect/generics/scope/Scope
instanceKlass sun/reflect/generics/tree/ClassTypeSignature
instanceKlass sun/reflect/generics/tree/SimpleClassTypeSignature
instanceKlass sun/reflect/generics/tree/FieldTypeSignature
instanceKlass sun/reflect/generics/tree/BaseType
instanceKlass sun/reflect/generics/tree/TypeSignature
instanceKlass sun/reflect/generics/tree/ReturnType
instanceKlass sun/reflect/generics/tree/TypeArgument
instanceKlass sun/reflect/generics/tree/TypeTree
instanceKlass sun/reflect/generics/tree/Tree
instanceKlass sun/reflect/generics/parser/SignatureParser
instanceKlass org/apache/logging/log4j/core/pattern/ConverterKeys
instanceKlass org/apache/logging/log4j/core/pattern/PatternParser
instanceKlass org/apache/logging/log4j/core/layout/StringBuilderEncoder
instanceKlass org/apache/logging/log4j/core/layout/PatternLayout$PatternSerializer
instanceKlass org/apache/logging/log4j/core/layout/AbstractStringLayout$Serializer
instanceKlass org/apache/logging/log4j/core/layout/PatternLayout$SerializerBuilder
instanceKlass org/apache/logging/log4j/core/layout/PatternLayout$Builder
instanceKlass org/apache/logging/log4j/core/layout/AbstractStringLayout$Serializer2
instanceKlass org/apache/logging/log4j/spi/LoggerRegistry$ConcurrentMapFactory
instanceKlass org/apache/logging/log4j/spi/LoggerRegistry$MapFactory
instanceKlass org/apache/logging/log4j/spi/LoggerRegistry
instanceKlass org/apache/logging/log4j/core/config/Node
instanceKlass org/apache/logging/log4j/core/util/DummyNanoClock
instanceKlass org/apache/logging/log4j/core/util/WatchEventService
instanceKlass java/util/UUID
instanceKlass org/apache/logging/log4j/core/util/WatchManager$LocalUUID
instanceKlass java/util/concurrent/Future
instanceKlass java/util/concurrent/ScheduledExecutorService
instanceKlass org/apache/logging/log4j/core/config/DefaultReliabilityStrategy
instanceKlass org/apache/logging/log4j/core/config/LocationAwareReliabilityStrategy
instanceKlass sun/reflect/misc/ReflectUtil
instanceKlass java/util/concurrent/atomic/AtomicReferenceFieldUpdater$AtomicReferenceFieldUpdaterImpl$1
instanceKlass java/util/concurrent/atomic/AtomicReferenceFieldUpdater
instanceKlass org/apache/logging/log4j/core/config/AppenderControlArraySet
instanceKlass org/apache/logging/log4j/core/util/SystemClock
instanceKlass org/apache/logging/log4j/core/time/PreciseClock
instanceKlass org/apache/logging/log4j/core/util/Clock
instanceKlass org/apache/logging/log4j/core/util/ClockFactory
instanceKlass org/apache/logging/log4j/core/impl/ReusableLogEventFactory
instanceKlass org/apache/logging/log4j/core/LogEvent
instanceKlass org/apache/logging/log4j/core/impl/LogEventFactory
instanceKlass org/apache/logging/log4j/core/impl/LocationAwareLogEventFactory
instanceKlass org/apache/logging/log4j/core/config/ReliabilityStrategy
instanceKlass java/util/DualPivotQuicksort
instanceKlass org/apache/logging/log4j/core/lookup/StrMatcher
instanceKlass sun/management/Util
instanceKlass java/util/Collections$2
instanceKlass sun/management/RuntimeImpl
instanceKlass jdk/management/jfr/internal/FlightRecorderMXBeanProvider$SingleMBeanComponent
instanceKlass jdk/management/jfr/FlightRecorderMXBean
instanceKlass java/lang/management/DefaultPlatformMBeanProvider$11
instanceKlass java/lang/management/DefaultPlatformMBeanProvider$10
instanceKlass java/lang/management/DefaultPlatformMBeanProvider$9
instanceKlass java/util/logging/LogManager
instanceKlass sun/management/ManagementFactoryHelper$LoggingMXBeanAccess$1
instanceKlass sun/management/ManagementFactoryHelper$LoggingMXBeanAccess
instanceKlass java/lang/management/DefaultPlatformMBeanProvider$8
instanceKlass java/lang/management/DefaultPlatformMBeanProvider$7
instanceKlass java/lang/management/DefaultPlatformMBeanProvider$6
instanceKlass java/lang/management/DefaultPlatformMBeanProvider$5
instanceKlass java/lang/management/DefaultPlatformMBeanProvider$4
instanceKlass java/lang/management/DefaultPlatformMBeanProvider$3
instanceKlass java/lang/management/DefaultPlatformMBeanProvider$2
instanceKlass java/lang/management/DefaultPlatformMBeanProvider$1
instanceKlass com/sun/management/internal/PlatformMBeanProviderImpl$5
instanceKlass sun/management/VMManagementImpl
instanceKlass sun/management/VMManagement
instanceKlass sun/management/ManagementFactoryHelper
instanceKlass sun/management/NotificationEmitterSupport
instanceKlass javax/management/NotificationEmitter
instanceKlass javax/management/NotificationBroadcaster
instanceKlass com/sun/management/DiagnosticCommandMBean
instanceKlass javax/management/DynamicMBean
instanceKlass com/sun/management/internal/PlatformMBeanProviderImpl$4
instanceKlass com/sun/management/internal/PlatformMBeanProviderImpl$3
instanceKlass com/sun/management/internal/PlatformMBeanProviderImpl$2
instanceKlass com/sun/management/internal/PlatformMBeanProviderImpl$1
instanceKlass sun/management/spi/PlatformMBeanProvider$PlatformComponent
instanceKlass java/util/concurrent/Callable
instanceKlass sun/management/spi/PlatformMBeanProvider
instanceKlass sun/security/util/SecurityProperties
instanceKlass sun/security/util/FilePermCompat
instanceKlass java/io/FilePermission$1
instanceKlass jdk/internal/access/JavaIOFilePermissionAccess
instanceKlass java/lang/management/ManagementFactory$PlatformMBeanFinder$1
instanceKlass java/lang/management/ManagementFactory$PlatformMBeanFinder
instanceKlass java/lang/management/RuntimeMXBean
instanceKlass java/lang/management/PlatformManagedObject
instanceKlass java/lang/management/ManagementFactory
instanceKlass org/apache/logging/log4j/core/net/JndiManager$JndiManagerFactory
instanceKlass org/apache/logging/log4j/core/appender/ManagerFactory
instanceKlass javax/naming/Context
instanceKlass org/apache/logging/log4j/core/appender/AbstractManager
instanceKlass org/apache/logging/log4j/core/impl/ThreadContextDataProvider
instanceKlass org/apache/logging/log4j/core/util/ContextDataProvider
instanceKlass java/util/concurrent/ConcurrentLinkedDeque$Node
instanceKlass org/apache/logging/log4j/core/impl/ThreadContextDataInjector
instanceKlass org/apache/logging/log4j/core/impl/ThreadContextDataInjector$ForCopyOnWriteThreadContextMap
instanceKlass org/apache/logging/log4j/spi/DefaultThreadContextStack
instanceKlass org/apache/logging/log4j/spi/DefaultThreadContextMap
instanceKlass org/apache/logging/log4j/spi/GarbageFreeSortedArrayThreadContextMap
instanceKlass java/io/ObjectInputFilter
instanceKlass java/io/ObjectInputValidation
instanceKlass java/io/ObjectInputStream$GetField
instanceKlass java/lang/PublicMethods
instanceKlass org/apache/logging/log4j/util/TriConsumer
instanceKlass java/io/ObjectStreamConstants
instanceKlass java/io/ObjectInput
instanceKlass org/apache/logging/log4j/util/SortedArrayStringMap
instanceKlass org/apache/logging/log4j/util/IndexedStringMap
instanceKlass org/apache/logging/log4j/util/IndexedReadOnlyStringMap
instanceKlass org/apache/logging/log4j/util/StringMap
instanceKlass org/apache/logging/log4j/util/ReadOnlyStringMap
instanceKlass org/apache/logging/log4j/spi/CopyOnWriteSortedArrayThreadContextMap
instanceKlass org/apache/logging/log4j/spi/CopyOnWrite
instanceKlass org/apache/logging/log4j/spi/ObjectThreadContextMap
instanceKlass org/apache/logging/log4j/spi/CleanableThreadContextMap
instanceKlass org/apache/logging/log4j/spi/ThreadContextMap2
instanceKlass org/apache/logging/log4j/spi/ReadOnlyThreadContextMap
instanceKlass org/apache/logging/log4j/spi/ThreadContextMapFactory
instanceKlass org/apache/logging/log4j/ThreadContext$EmptyIterator
instanceKlass org/apache/logging/log4j/spi/ThreadContextMap
instanceKlass org/apache/logging/log4j/spi/ThreadContextStack
instanceKlass org/apache/logging/log4j/ThreadContext$ContextStack
instanceKlass org/apache/logging/log4j/ThreadContext
instanceKlass org/apache/logging/log4j/core/ContextDataInjector
instanceKlass org/apache/logging/log4j/core/impl/ContextDataInjectorFactory
instanceKlass org/apache/logging/log4j/core/util/ReflectionUtil
instanceKlass org/apache/logging/log4j/util/Supplier
instanceKlass org/apache/logging/log4j/core/util/AbstractWatcher
instanceKlass org/apache/logging/log4j/core/config/plugins/convert/TypeConverters$UuidConverter
instanceKlass org/apache/logging/log4j/core/config/plugins/convert/TypeConverters$UrlConverter
instanceKlass org/apache/logging/log4j/core/config/plugins/convert/TypeConverters$UriConverter
instanceKlass org/apache/logging/log4j/core/config/plugins/convert/TypeConverters$StringConverter
instanceKlass org/apache/logging/log4j/core/config/plugins/convert/TypeConverters$ShortConverter
instanceKlass org/apache/logging/log4j/core/config/plugins/convert/TypeConverters$SecurityProviderConverter
instanceKlass org/apache/logging/log4j/core/config/plugins/convert/TypeConverters$PatternConverter
instanceKlass org/apache/logging/log4j/core/config/plugins/convert/TypeConverters$PathConverter
instanceKlass org/apache/logging/log4j/core/config/plugins/convert/TypeConverters$LongConverter
instanceKlass org/apache/logging/log4j/core/config/plugins/convert/TypeConverters$LevelConverter
instanceKlass org/apache/logging/log4j/core/config/plugins/convert/TypeConverters$IntegerConverter
instanceKlass org/apache/logging/log4j/core/config/plugins/convert/TypeConverters$InetAddressConverter
instanceKlass org/apache/logging/log4j/core/config/plugins/convert/TypeConverters$FloatConverter
instanceKlass org/apache/logging/log4j/core/config/plugins/convert/TypeConverters$FileConverter
instanceKlass org/apache/logging/log4j/core/config/plugins/convert/TypeConverters$DurationConverter
instanceKlass org/apache/logging/log4j/core/config/plugins/convert/TypeConverters$DoubleConverter
instanceKlass org/apache/logging/log4j/core/config/plugins/convert/TypeConverters$CronExpressionConverter
instanceKlass org/apache/logging/log4j/core/config/plugins/convert/TypeConverters$ClassConverter
instanceKlass org/apache/logging/log4j/core/config/plugins/convert/TypeConverters$CharsetConverter
instanceKlass org/apache/logging/log4j/core/config/plugins/convert/TypeConverters$CharArrayConverter
instanceKlass org/apache/logging/log4j/core/config/plugins/convert/TypeConverters$CharacterConverter
instanceKlass org/apache/logging/log4j/core/config/plugins/convert/TypeConverters$ByteArrayConverter
instanceKlass org/apache/logging/log4j/core/config/plugins/convert/TypeConverters$ByteConverter
instanceKlass org/apache/logging/log4j/core/config/plugins/convert/TypeConverters$BooleanConverter
instanceKlass org/apache/logging/log4j/core/config/plugins/convert/TypeConverters$BigIntegerConverter
instanceKlass org/apache/logging/log4j/core/config/plugins/convert/TypeConverters$BigDecimalConverter
instanceKlass org/apache/logging/log4j/core/config/plugins/convert/TypeConverter
instanceKlass org/apache/logging/log4j/core/lookup/UpperLookup
instanceKlass org/apache/logging/log4j/core/lookup/StructuredDataLookup
instanceKlass org/apache/logging/log4j/core/lookup/LowerLookup
instanceKlass org/apache/logging/log4j/core/lookup/MapLookup
instanceKlass org/apache/logging/log4j/core/lookup/DateLookup
instanceKlass org/apache/logging/log4j/core/lookup/ContextMapLookup
instanceKlass org/apache/logging/log4j/core/pattern/FileDatePatternConverter
instanceKlass org/apache/logging/log4j/core/config/arbiters/SystemPropertyArbiter
instanceKlass org/apache/logging/log4j/core/net/ssl/SslConfiguration
instanceKlass org/apache/logging/log4j/core/appender/rolling/action/PathSortByModificationTime
instanceKlass org/apache/logging/log4j/core/appender/rolling/action/PathSorter
instanceKlass org/apache/logging/log4j/core/net/SocketPerformancePreferences
instanceKlass org/apache/logging/log4j/core/net/SocketOptions
instanceKlass org/apache/logging/log4j/core/util/Builder
instanceKlass org/apache/logging/log4j/core/net/SocketAddress
instanceKlass org/apache/logging/log4j/core/config/arbiters/SelectArbiter
instanceKlass org/apache/logging/log4j/core/config/ScriptsPlugin
instanceKlass org/apache/logging/log4j/core/layout/ScriptPatternSelector
instanceKlass org/apache/logging/log4j/core/appender/rolling/action/ScriptCondition
instanceKlass org/apache/logging/log4j/core/config/arbiters/ScriptArbiter
instanceKlass org/apache/logging/log4j/core/script/AbstractScript
instanceKlass org/apache/logging/log4j/core/appender/routing/Routes
instanceKlass org/apache/logging/log4j/core/appender/routing/Route
instanceKlass org/apache/logging/log4j/core/pattern/RegexReplacement
instanceKlass org/apache/logging/log4j/core/appender/rewrite/PropertiesRewritePolicy
instanceKlass org/apache/logging/log4j/core/config/PropertiesPlugin
instanceKlass org/apache/logging/log4j/core/layout/PatternMatch
instanceKlass org/apache/logging/log4j/core/net/MulticastDnsAdvertiser
instanceKlass org/apache/logging/log4j/core/layout/MarkerPatternSelector
instanceKlass org/apache/logging/log4j/core/appender/rewrite/MapRewritePolicy
instanceKlass org/apache/logging/log4j/core/config/LoggersPlugin
instanceKlass net/minecrell/terminalconsole/util/LoggerNamePatternSelector
instanceKlass org/apache/logging/log4j/core/appender/rewrite/LoggerNameLevelRewritePolicy
instanceKlass org/apache/logging/log4j/core/appender/rewrite/RewritePolicy
instanceKlass org/apache/logging/log4j/core/layout/LoggerFields
instanceKlass org/apache/logging/log4j/core/async/LinkedTransferQueueFactory
instanceKlass jdk/internal/access/foreign/MemorySegmentProxy
instanceKlass org/apache/logging/log4j/core/layout/LevelPatternSelector
instanceKlass org/apache/logging/log4j/core/layout/PatternSelector
instanceKlass org/apache/logging/log4j/core/util/KeyValuePair
instanceKlass org/apache/logging/log4j/core/net/ssl/StoreConfiguration
instanceKlass org/apache/logging/log4j/core/async/JCToolsBlockingQueueFactory
instanceKlass org/apache/logging/log4j/core/appender/rolling/action/IfNot
instanceKlass org/apache/logging/log4j/core/appender/rolling/action/IfLastModified
instanceKlass org/apache/logging/log4j/core/appender/rolling/action/IfFileName
instanceKlass org/apache/logging/log4j/core/appender/rolling/action/IfAny
instanceKlass org/apache/logging/log4j/core/appender/rolling/action/IfAll
instanceKlass org/apache/logging/log4j/core/appender/rolling/action/IfAccumulatedFileSize
instanceKlass org/apache/logging/log4j/core/appender/rolling/action/IfAccumulatedFileCount
instanceKlass org/apache/logging/log4j/core/appender/rolling/action/PathCondition
instanceKlass org/apache/logging/log4j/core/appender/routing/PurgePolicy
instanceKlass org/apache/logging/log4j/core/appender/FailoversPlugin
instanceKlass org/apache/logging/log4j/core/async/DisruptorBlockingQueueFactory
instanceKlass org/apache/logging/log4j/core/appender/rolling/DirectFileRolloverStrategy
instanceKlass org/apache/logging/log4j/core/appender/rolling/action/AbstractAction
instanceKlass org/apache/logging/log4j/core/appender/rolling/action/Action
instanceKlass org/apache/logging/log4j/core/appender/rolling/AbstractRolloverStrategy
instanceKlass org/apache/logging/log4j/core/appender/rolling/RolloverStrategy
instanceKlass org/apache/logging/log4j/core/config/arbiters/DefaultArbiter
instanceKlass org/apache/logging/log4j/core/config/CustomLevels
instanceKlass org/apache/logging/log4j/core/config/CustomLevelConfig
instanceKlass org/apache/logging/log4j/core/layout/AbstractLayout
instanceKlass org/apache/logging/log4j/core/StringLayout
instanceKlass org/apache/logging/log4j/core/appender/rolling/TriggeringPolicy
instanceKlass org/apache/logging/log4j/core/appender/db/jdbc/ConnectionSource
instanceKlass org/apache/logging/log4j/core/appender/db/ColumnMapping
instanceKlass org/apache/logging/log4j/core/appender/db/jdbc/ColumnConfig
instanceKlass org/apache/logging/log4j/core/config/arbiters/ClassArbiter
instanceKlass org/apache/logging/log4j/core/config/arbiters/Arbiter
instanceKlass org/apache/logging/log4j/core/async/AsyncWaitStrategyFactoryConfig
instanceKlass org/apache/logging/log4j/core/async/ArrayBlockingQueueFactory
instanceKlass org/apache/logging/log4j/core/async/BlockingQueueFactory
instanceKlass org/apache/logging/log4j/core/appender/AppenderSet
instanceKlass org/apache/logging/log4j/core/config/AppendersPlugin
instanceKlass org/apache/logging/log4j/core/config/AppenderRef
instanceKlass net/minecraftforge/fml/loading/log4j/ForgeHighlight
instanceKlass org/apache/logging/log4j/core/pattern/AnsiConverter
instanceKlass org/apache/logging/log4j/core/pattern/ArrayPatternConverter
instanceKlass org/apache/logging/log4j/core/impl/LocationAware
instanceKlass org/apache/logging/log4j/core/pattern/AbstractPatternConverter
instanceKlass org/apache/logging/log4j/core/pattern/PatternConverter
instanceKlass org/apache/logging/log4j/core/config/plugins/util/PluginType
instanceKlass org/apache/logging/log4j/core/config/builder/api/ConfigurationBuilderFactory
instanceKlass org/apache/logging/log4j/core/config/plugins/processor/PluginEntry
instanceKlass org/apache/logging/log4j/core/config/plugins/processor/PluginCache
instanceKlass org/apache/logging/log4j/core/config/plugins/util/ResolverUtil$Test
instanceKlass org/apache/logging/log4j/core/config/plugins/util/PluginRegistry
instanceKlass org/apache/logging/log4j/core/config/plugins/util/PluginManager
instanceKlass org/apache/logging/log4j/core/lookup/PropertiesLookup
instanceKlass org/apache/logging/log4j/core/lookup/LookupResult
instanceKlass org/apache/logging/log4j/core/lookup/AbstractLookup
instanceKlass org/apache/logging/log4j/core/config/LoggerContextAware
instanceKlass org/apache/logging/log4j/core/config/DefaultAdvertiser
instanceKlass org/apache/logging/log4j/core/config/Property
instanceKlass org/apache/logging/log4j/core/config/ConfigurationSource
instanceKlass org/apache/logging/log4j/core/Appender
instanceKlass org/apache/logging/log4j/core/Layout
instanceKlass org/apache/logging/log4j/core/layout/Encoder
instanceKlass org/apache/logging/log4j/core/util/Watcher
instanceKlass org/apache/logging/log4j/core/async/AsyncLoggerConfigDelegate
instanceKlass org/apache/logging/log4j/core/util/NanoClock
instanceKlass org/apache/logging/log4j/core/lookup/StrLookup
instanceKlass org/apache/logging/log4j/core/net/Advertiser
instanceKlass org/apache/logging/log4j/core/lookup/StrSubstitutor
instanceKlass org/apache/logging/log4j/core/config/ConfigurationAware
instanceKlass org/apache/logging/log4j/core/Filter
instanceKlass org/apache/logging/log4j/core/AbstractLifeCycle
instanceKlass org/apache/logging/log4j/spi/LoggerContextShutdownEnabled
instanceKlass org/apache/logging/log4j/core/config/ConfigurationListener
instanceKlass org/apache/logging/log4j/spi/Terminable
instanceKlass java/lang/StackStreamFactory$FrameBuffer
instanceKlass java/lang/StackStreamFactory$1
instanceKlass java/lang/StackStreamFactory
instanceKlass org/apache/logging/log4j/util/StackLocator
instanceKlass org/apache/logging/log4j/util/StackLocatorUtil
instanceKlass org/apache/logging/log4j/internal/LogManagerStatus
instanceKlass java/lang/Shutdown$Lock
instanceKlass java/lang/Shutdown
instanceKlass java/lang/ApplicationShutdownHooks$1
instanceKlass java/lang/ApplicationShutdownHooks
instanceKlass java/util/concurrent/Executors$DefaultThreadFactory
instanceKlass java/util/concurrent/Executors
instanceKlass org/apache/logging/log4j/core/util/Cancellable
instanceKlass org/apache/logging/log4j/core/util/DefaultShutdownCallbackRegistry
instanceKlass org/apache/logging/log4j/core/LifeCycle2
instanceKlass java/util/concurrent/atomic/AtomicReference
instanceKlass org/apache/logging/log4j/core/selector/ClassLoaderContextSelector
instanceKlass org/apache/logging/log4j/spi/LoggerContextShutdownAware
instanceKlass org/apache/logging/log4j/core/util/Loader
instanceKlass org/apache/logging/log4j/core/util/Constants
instanceKlass org/apache/logging/log4j/core/selector/ContextSelector
instanceKlass org/apache/logging/log4j/core/config/Configuration
instanceKlass org/apache/logging/log4j/core/filter/Filterable
instanceKlass org/apache/logging/log4j/core/LifeCycle
instanceKlass org/apache/logging/log4j/spi/LoggerContext
instanceKlass jdk/internal/loader/URLClassPath$JarLoader$3
instanceKlass java/util/zip/ZipFile$ZipEntryIterator
instanceKlass org/apache/logging/log4j/core/impl/Log4jContextFactory
instanceKlass org/apache/logging/log4j/core/util/ShutdownCallbackRegistry
instanceKlass org/apache/logging/log4j/spi/Provider
instanceKlass org/apache/logging/log4j/util/ProviderUtil
instanceKlass java/text/Format
instanceKlass java/util/RegularEnumSet$EnumSetIterator
instanceKlass org/apache/logging/log4j/Level
instanceKlass org/apache/logging/log4j/util/Strings
instanceKlass java/util/concurrent/ConcurrentLinkedQueue$Node
instanceKlass org/apache/logging/log4j/message/ExitMessage
instanceKlass org/apache/logging/log4j/message/EntryMessage
instanceKlass org/apache/logging/log4j/message/FlowMessage
instanceKlass org/apache/logging/log4j/message/DefaultFlowMessageFactory
instanceKlass org/apache/logging/log4j/message/FlowMessageFactory
instanceKlass java/util/regex/Pattern$1
instanceKlass java/util/concurrent/ConcurrentSkipListMap$Iter
instanceKlass org/apache/logging/log4j/util/PropertySource$Util
instanceKlass java/lang/ProcessEnvironment$CheckedEntry
instanceKlass java/lang/ProcessEnvironment$CheckedEntrySet$1
instanceKlass java/lang/ProcessEnvironment$EntryComparator
instanceKlass java/lang/ProcessEnvironment$NameComparator
instanceKlass java/util/concurrent/ConcurrentSkipListMap$CSLMSpliterator
instanceKlass org/apache/logging/log4j/util/SystemPropertiesPropertySource
instanceKlass org/apache/logging/log4j/util/EnvironmentPropertySource
instanceKlass java/lang/invoke/MethodHandleImpl$ArrayAccessor
instanceKlass java/lang/invoke/MethodHandleImpl$2
instanceKlass java/lang/invoke/MethodHandleImpl$LoopClauses
instanceKlass java/lang/invoke/MethodHandleImpl$CasesHolder
instanceKlass java/lang/ClassValue$Version
instanceKlass java/lang/ClassValue$Identity
instanceKlass java/lang/ClassValue
instanceKlass java/lang/invoke/MethodHandleImpl$BindCaller
instanceKlass org/apache/logging/log4j/util/ServiceLoaderUtil
instanceKlass java/util/concurrent/atomic/Striped64$1
instanceKlass jdk/internal/util/random/RandomSupport
instanceKlass java/util/Random
instanceKlass java/util/random/RandomGenerator
instanceKlass java/util/Properties$EntrySet
instanceKlass org/apache/logging/log4j/util/BiConsumer
instanceKlass java/util/concurrent/ConcurrentSkipListMap$Node
instanceKlass java/util/concurrent/ConcurrentSkipListMap$Index
instanceKlass java/util/concurrent/ConcurrentNavigableMap
instanceKlass org/apache/logging/log4j/util/PropertySource$Comparator
instanceKlass org/apache/logging/log4j/util/PropertiesUtil$Environment
instanceKlass org/apache/logging/log4j/util/LoaderUtil$UrlResource
instanceKlass java/util/Collections$3
instanceKlass org/apache/logging/log4j/util/LoaderUtil$ThreadContextClassLoaderGetter
instanceKlass org/apache/logging/log4j/util/LoaderUtil
instanceKlass org/apache/logging/log4j/util/PropertiesPropertySource
instanceKlass org/apache/logging/log4j/util/PropertySource
instanceKlass org/apache/logging/log4j/util/PropertiesUtil
instanceKlass org/apache/logging/log4j/util/Constants
instanceKlass org/apache/logging/log4j/message/AbstractMessageFactory
instanceKlass org/apache/logging/log4j/message/ReusableMessageFactory
instanceKlass org/apache/logging/log4j/MarkerManager$Log4jMarker
instanceKlass org/apache/logging/log4j/util/StringBuilderFormattable
instanceKlass org/apache/logging/log4j/Marker
instanceKlass org/apache/logging/log4j/MarkerManager
instanceKlass org/apache/logging/log4j/LogBuilder
instanceKlass org/apache/logging/log4j/message/Message
instanceKlass org/apache/logging/log4j/message/MessageFactory2
instanceKlass org/apache/logging/log4j/spi/AbstractLogger
instanceKlass org/apache/logging/log4j/spi/LocationAwareLogger
instanceKlass org/apache/logging/log4j/spi/ExtendedLogger
instanceKlass org/apache/logging/log4j/message/MessageFactory
instanceKlass org/apache/logging/log4j/spi/LoggerContextFactory
instanceKlass org/apache/logging/log4j/Logger
instanceKlass org/apache/logging/log4j/LogManager
instanceKlass cpw/mods/modlauncher/api/IModuleLayerManager
instanceKlass cpw/mods/modlauncher/Launcher
instanceKlass cpw/mods/modlauncher/BootstrapLaunchConsumer
instanceKlass java/lang/Package$VersionInfo
instanceKlass cpw/mods/cl/ProtectionDomainHelper
instanceKlass cpw/mods/util/LambdaExceptionUtils$Consumer_WithExceptions
instanceKlass cpw/mods/util/LambdaExceptionUtils
instanceKlass cpw/mods/util/LambdaExceptionUtils$Function_WithExceptions
instanceKlass cpw/mods/cl/JarModuleFinder$JarModuleReader
instanceKlass java/util/AbstractMap$2$1
instanceKlass cpw/mods/cl/UnionURLStreamHandler
instanceKlass java/util/ServiceLoader$ProviderSpliterator
instanceKlass java/util/ServiceLoader$LayerLookupIterator
instanceKlass cpw/mods/cl/ModularURLHandler$IURLProvider
instanceKlass cpw/mods/cl/ModularURLHandler
instanceKlass java/util/stream/SliceOps
instanceKlass java/util/Collections$1
instanceKlass cpw/mods/cl/JarModuleFinder
instanceKlass java/util/stream/SortedOps
instanceKlass java/util/function/ToIntFunction
instanceKlass java/util/Hashtable$Enumerator
instanceKlass sun/security/util/ManifestEntryVerifier$SunProviderHolder
instanceKlass javax/crypto/SecretKey
instanceKlass sun/security/util/Length
instanceKlass sun/security/util/KeyUtil
instanceKlass java/security/interfaces/XECKey
instanceKlass java/security/interfaces/ECKey
instanceKlass sun/security/util/JarConstraintsParameters
instanceKlass sun/security/util/ConstraintsParameters
instanceKlass java/security/Timestamp
instanceKlass sun/security/timestamp/TimestampToken
instanceKlass java/security/cert/CertPath
instanceKlass java/math/MutableBigInteger
instanceKlass sun/security/rsa/RSAPadding
instanceKlass sun/security/rsa/RSACore
instanceKlass java/security/interfaces/RSAPrivateCrtKey
instanceKlass sun/security/pkcs/PKCS8Key
instanceKlass java/security/interfaces/RSAPrivateKey
instanceKlass java/security/PrivateKey
instanceKlass javax/security/auth/Destroyable
instanceKlass sun/security/jca/ServiceId
instanceKlass java/security/Signature$1
instanceKlass jdk/internal/access/JavaSecuritySignatureAccess
instanceKlass java/security/SignatureSpi
instanceKlass jdk/internal/icu/util/CodePointTrie$Data
instanceKlass jdk/internal/icu/util/CodePointTrie$1
instanceKlass jdk/internal/icu/util/CodePointMap
instanceKlass jdk/internal/icu/util/VersionInfo
instanceKlass jdk/internal/icu/impl/ICUBinary$1
instanceKlass jdk/internal/icu/impl/ICUBinary
instanceKlass jdk/internal/icu/impl/NormalizerImpl$IsAcceptable
instanceKlass jdk/internal/icu/impl/ICUBinary$Authenticate
instanceKlass jdk/internal/icu/impl/NormalizerImpl
instanceKlass jdk/internal/icu/impl/Norm2AllModes$Norm2AllModesSingleton
instanceKlass jdk/internal/icu/impl/Norm2AllModes$NFKCSingleton
instanceKlass jdk/internal/icu/impl/Norm2AllModes
instanceKlass jdk/internal/icu/text/Normalizer2
instanceKlass jdk/internal/icu/text/NormalizerBase$ModeImpl
instanceKlass jdk/internal/icu/text/NormalizerBase$NFKDModeImpl
instanceKlass jdk/internal/icu/text/NormalizerBase$1
instanceKlass jdk/internal/icu/text/NormalizerBase$Mode
instanceKlass jdk/internal/icu/text/NormalizerBase
instanceKlass java/text/Normalizer
instanceKlass sun/security/x509/AVAKeyword
instanceKlass java/util/StringJoiner
instanceKlass sun/security/util/SignatureUtil
instanceKlass java/lang/constant/DynamicConstantDesc
instanceKlass java/lang/constant/DirectMethodHandleDesc$1
instanceKlass java/lang/constant/DirectMethodHandleDescImpl$1
instanceKlass java/lang/constant/DirectMethodHandleDescImpl
instanceKlass java/lang/constant/DirectMethodHandleDesc
instanceKlass java/lang/constant/MethodHandleDesc$1
instanceKlass java/lang/constant/MethodHandleDesc
instanceKlass java/lang/constant/MethodTypeDescImpl
instanceKlass java/lang/constant/MethodTypeDesc
instanceKlass java/lang/constant/ReferenceClassDescImpl
instanceKlass java/lang/constant/ConstantUtils
instanceKlass java/lang/constant/ClassDesc
instanceKlass java/lang/constant/ConstantDescs
instanceKlass java/lang/invoke/VarHandle$2
instanceKlass java/lang/invoke/VarHandle$TypesAndInvokers
instanceKlass java/lang/invoke/VarHandleByteArrayBase
instanceKlass sun/security/provider/ByteArrayAccess$BE
instanceKlass sun/security/provider/ByteArrayAccess
instanceKlass sun/security/util/MessageDigestSpi2
instanceKlass java/security/MessageDigestSpi
instanceKlass sun/security/pkcs/ESSCertId
instanceKlass sun/security/pkcs/SigningCertificateInfo
instanceKlass java/lang/Byte$ByteCache
instanceKlass sun/security/pkcs/PKCS9Attribute
instanceKlass sun/security/pkcs/PKCS9Attributes
instanceKlass java/time/Instant
instanceKlass java/time/ZonedDateTime
instanceKlass java/time/chrono/ChronoZonedDateTime
instanceKlass sun/security/util/DisabledAlgorithmConstraints$Constraints$Holder
instanceKlass sun/security/util/DisabledAlgorithmConstraints$1
instanceKlass sun/security/util/DisabledAlgorithmConstraints$Constraint
instanceKlass java/util/StringTokenizer
instanceKlass java/security/spec/ECFieldF2m
instanceKlass java/security/spec/ECParameterSpec
instanceKlass java/security/spec/ECPoint
instanceKlass java/security/spec/EllipticCurve
instanceKlass java/security/spec/ECFieldFp
instanceKlass java/security/spec/ECField
instanceKlass sun/security/util/CurveDB
instanceKlass sun/security/util/DisabledAlgorithmConstraints$Constraints
instanceKlass sun/security/util/AbstractAlgorithmConstraints$1
instanceKlass sun/security/util/AlgorithmDecomposer
instanceKlass sun/security/util/DisabledAlgorithmConstraints$JarHolder
instanceKlass sun/security/util/AbstractAlgorithmConstraints
instanceKlass java/security/AlgorithmConstraints
instanceKlass sun/security/pkcs/SignerInfo
instanceKlass sun/util/logging/PlatformLogger
instanceKlass sun/util/logging/PlatformLogger$ConfigurableBridge$LoggerConfiguration
instanceKlass jdk/internal/logger/BootstrapLogger$RedirectedLoggers
instanceKlass java/lang/invoke/VarHandle$AccessDescriptor
instanceKlass jdk/internal/logger/LazyLoggers$LazyLoggerAccessor
instanceKlass jdk/internal/logger/LazyLoggers$LoggerAccessor
instanceKlass jdk/internal/logger/AbstractLoggerWrapper
instanceKlass sun/util/logging/internal/LoggingProviderImpl$LogManagerAccess
instanceKlass jdk/internal/logger/BootstrapLogger$DetectBackend$1
instanceKlass jdk/internal/logger/BootstrapLogger$DetectBackend
instanceKlass jdk/internal/logger/BootstrapLogger
instanceKlass sun/util/logging/PlatformLogger$ConfigurableBridge
instanceKlass sun/util/logging/PlatformLogger$Bridge
instanceKlass jdk/internal/logger/DefaultLoggerFinder$1
instanceKlass java/lang/System$LoggerFinder
instanceKlass jdk/internal/logger/LazyLoggers$LazyLoggerFactories
instanceKlass jdk/internal/logger/LazyLoggers$1
instanceKlass jdk/internal/logger/LazyLoggers
instanceKlass jdk/internal/misc/ThreadTracker
instanceKlass jdk/internal/event/EventHelper$ThreadTrackHolder
instanceKlass java/lang/invoke/VarForm
instanceKlass java/lang/invoke/VarHandleGuards
instanceKlass jdk/internal/util/Preconditions$1
instanceKlass java/lang/invoke/VarHandle$1
instanceKlass java/lang/invoke/VarHandles
instanceKlass java/lang/System$Logger
instanceKlass jdk/internal/event/EventHelper
instanceKlass sun/security/jca/JCAUtil
instanceKlass sun/security/util/MemoryCache$CacheEntry
instanceKlass sun/security/x509/X509AttributeName
instanceKlass sun/security/x509/RFC822Name
instanceKlass sun/security/x509/AccessDescription
instanceKlass sun/security/x509/DNSName
instanceKlass sun/security/x509/URIName
instanceKlass sun/security/x509/GeneralName
instanceKlass sun/security/x509/DistributionPoint
instanceKlass java/security/cert/PolicyQualifierInfo
instanceKlass sun/security/x509/CertificatePolicyId
instanceKlass sun/security/x509/PolicyInformation
instanceKlass sun/security/x509/NetscapeCertTypeExtension$MapEntry
instanceKlass sun/security/x509/GeneralNames
instanceKlass sun/security/x509/KeyIdentifier
instanceKlass sun/security/x509/OIDMap$OIDInfo
instanceKlass sun/security/x509/PKIXExtensions
instanceKlass sun/security/x509/OIDMap
instanceKlass sun/security/x509/Extension
instanceKlass java/security/cert/Extension
instanceKlass java/util/Collections$SynchronizedMap
instanceKlass sun/security/x509/CertificateExtensions
instanceKlass sun/security/rsa/RSAUtil
instanceKlass sun/security/util/IOUtils
instanceKlass java/security/interfaces/RSAPublicKey
instanceKlass java/security/interfaces/RSAKey
instanceKlass java/security/spec/PSSParameterSpec
instanceKlass java/security/spec/AlgorithmParameterSpec
instanceKlass java/security/spec/RSAPrivateKeySpec
instanceKlass java/security/spec/RSAPublicKeySpec
instanceKlass java/security/KeyFactorySpi
instanceKlass sun/security/rsa/SunRsaSignEntries
instanceKlass sun/security/jca/ProviderList$ServiceList$1
instanceKlass java/security/KeyFactory
instanceKlass java/security/spec/EncodedKeySpec$1
instanceKlass jdk/internal/access/JavaSecuritySpecAccess
instanceKlass java/security/spec/EncodedKeySpec
instanceKlass java/security/spec/KeySpec
instanceKlass sun/security/util/BitArray
instanceKlass sun/security/x509/X509Key
instanceKlass java/security/PublicKey
instanceKlass java/security/Key
instanceKlass sun/security/x509/CertificateX509Key
instanceKlass java/util/Date
instanceKlass sun/util/calendar/CalendarUtils
instanceKlass sun/util/calendar/CalendarDate
instanceKlass sun/util/calendar/CalendarSystem$GregorianHolder
instanceKlass sun/util/calendar/CalendarSystem
instanceKlass sun/security/x509/CertificateValidity
instanceKlass sun/security/x509/AVA
instanceKlass sun/security/x509/RDN
instanceKlass javax/security/auth/x500/X500Principal
instanceKlass sun/security/x509/X500Name$1
instanceKlass sun/security/x509/X500Name
instanceKlass sun/security/x509/GeneralNameInterface
instanceKlass sun/security/x509/CertificateAlgorithmId
instanceKlass sun/security/x509/SerialNumber
instanceKlass sun/security/x509/CertificateSerialNumber
instanceKlass sun/security/x509/CertificateVersion
instanceKlass sun/security/x509/X509CertInfo
instanceKlass sun/security/x509/CertAttrSet
instanceKlass sun/security/util/Cache$EqualByteArray
instanceKlass java/security/cert/X509Extension
instanceKlass sun/security/jca/GetInstance$Instance
instanceKlass sun/security/util/Cache
instanceKlass jdk/internal/event/Event
instanceKlass sun/security/jca/GetInstance
instanceKlass java/security/cert/CertificateFactorySpi
instanceKlass java/security/cert/CertificateFactory
instanceKlass sun/security/x509/AlgorithmId
instanceKlass sun/security/util/ByteArrayTagOrder
instanceKlass sun/security/util/ByteArrayLexOrder
instanceKlass sun/security/util/DerEncoder
instanceKlass sun/security/util/DerValue
instanceKlass sun/security/util/ObjectIdentifier
instanceKlass sun/security/pkcs/ContentInfo
instanceKlass sun/security/util/DerInputStream
instanceKlass sun/security/pkcs/PKCS7
instanceKlass sun/security/util/SecurityProviderConstants
instanceKlass java/security/Provider$UString
instanceKlass java/security/Provider$Service
instanceKlass sun/security/provider/NativePRNG$NonBlocking
instanceKlass sun/security/provider/NativePRNG$Blocking
instanceKlass sun/security/provider/NativePRNG
instanceKlass sun/security/provider/SunEntries$1
instanceKlass sun/security/provider/SunEntries
instanceKlass sun/security/util/SecurityConstants
instanceKlass java/security/Security$2
instanceKlass jdk/internal/access/JavaSecurityPropertiesAccess
instanceKlass java/util/concurrent/ConcurrentHashMap$MapEntry
instanceKlass java/util/Properties$LineReader
instanceKlass java/security/Security$1
instanceKlass java/security/Security
instanceKlass sun/security/jca/ProviderList$2
instanceKlass jdk/internal/math/FloatingDecimal$ASCIIToBinaryBuffer
instanceKlass jdk/internal/math/FloatingDecimal$PreparedASCIIToBinaryBuffer
instanceKlass jdk/internal/math/FloatingDecimal$ASCIIToBinaryConverter
instanceKlass jdk/internal/math/FloatingDecimal$BinaryToASCIIBuffer
instanceKlass jdk/internal/math/FloatingDecimal$ExceptionalBinaryToASCIIBuffer
instanceKlass jdk/internal/math/FloatingDecimal$BinaryToASCIIConverter
instanceKlass jdk/internal/math/FloatingDecimal
instanceKlass javax/security/auth/login/Configuration$Parameters
instanceKlass java/security/Policy$Parameters
instanceKlass java/security/cert/CertStoreParameters
instanceKlass java/security/SecureRandomParameters
instanceKlass java/security/Provider$EngineDescription
instanceKlass java/security/Provider$ServiceKey
instanceKlass sun/security/jca/ProviderConfig
instanceKlass sun/security/jca/ProviderList
instanceKlass sun/security/jca/Providers
instanceKlass sun/security/util/ManifestDigester$Section
instanceKlass sun/security/util/ManifestDigester$Entry
instanceKlass sun/security/util/ManifestDigester$Position
instanceKlass java/util/concurrent/locks/AbstractQueuedSynchronizer$Node
instanceKlass org/objectweb/asm/Context
instanceKlass org/objectweb/asm/Attribute
instanceKlass org/objectweb/asm/ModuleVisitor
instanceKlass org/objectweb/asm/ClassReader
instanceKlass org/objectweb/asm/ClassVisitor
instanceKlass cpw/mods/jarhandling/impl/ModuleJarMetadata
instanceKlass java/util/stream/ReduceOps$2ReducingSink
instanceKlass java/lang/invoke/MethodHandle$1
instanceKlass java/lang/invoke/LambdaFormEditor$1
instanceKlass jdk/nio/zipfs/ByteArrayChannel
instanceKlass java/util/concurrent/TimeUnit$1
instanceKlass java/time/zone/ZoneOffsetTransitionRule$1
instanceKlass java/time/chrono/AbstractChronology
instanceKlass java/time/chrono/Chronology
instanceKlass java/time/LocalDate$1
instanceKlass java/time/temporal/TemporalAdjusters
instanceKlass java/time/zone/ZoneOffsetTransition
instanceKlass java/time/zone/ZoneOffsetTransitionRule
instanceKlass java/time/zone/ZoneRules
instanceKlass java/time/zone/Ser
instanceKlass java/io/Externalizable
instanceKlass java/time/zone/ZoneRulesProvider$1
instanceKlass java/time/zone/ZoneRulesProvider
instanceKlass sun/util/calendar/ZoneInfoFile$ZoneOffsetTransitionRule
instanceKlass java/io/FileInputStream$1
instanceKlass sun/util/calendar/ZoneInfoFile$1
instanceKlass sun/util/calendar/ZoneInfoFile
instanceKlass java/util/TimeZone
instanceKlass java/time/ZoneId
instanceKlass java/time/LocalTime
instanceKlass java/time/temporal/ValueRange
instanceKlass java/time/Duration
instanceKlass java/time/temporal/TemporalAmount
instanceKlass java/time/temporal/TemporalUnit
instanceKlass java/time/temporal/TemporalField
instanceKlass java/time/LocalDate
instanceKlass java/time/chrono/ChronoLocalDate
instanceKlass java/time/LocalDateTime
instanceKlass java/time/chrono/ChronoLocalDateTime
instanceKlass java/time/temporal/TemporalAdjuster
instanceKlass java/time/temporal/Temporal
instanceKlass java/time/temporal/TemporalAccessor
instanceKlass jdk/nio/zipfs/ZipUtils
instanceKlass sun/nio/fs/BasicFileAttributesHolder
instanceKlass java/nio/file/FileTreeWalker$Event
instanceKlass java/nio/file/FileTreeWalker$DirectoryNode
instanceKlass cpw/mods/niofs/union/UnionFileSystem$1
instanceKlass jdk/nio/zipfs/ZipPath$1
instanceKlass jdk/nio/zipfs/ZipDirectoryStream$1
instanceKlass jdk/nio/zipfs/ZipDirectoryStream
instanceKlass java/nio/file/Files$AcceptAllFilter
instanceKlass java/nio/file/FileTreeWalker
instanceKlass java/nio/file/FileTreeIterator
instanceKlass sun/security/util/ManifestDigester
instanceKlass sun/misc/Unsafe
instanceKlass cpw/mods/jarhandling/impl/SecureJarVerifier$UnsafeAccessor
instanceKlass cpw/mods/jarhandling/impl/SecureJarVerifier$IAccessor
instanceKlass cpw/mods/jarhandling/impl/SecureJarVerifier
instanceKlass java/util/zip/Checksum$1
instanceKlass java/util/zip/CRC32
instanceKlass java/util/zip/Checksum
instanceKlass jdk/nio/zipfs/ZipFileSystem$END
instanceKlass jdk/nio/zipfs/ZipConstants
instanceKlass java/nio/channels/spi/AbstractInterruptibleChannel$1
instanceKlass sun/nio/ch/Interruptible
instanceKlass sun/nio/fs/WindowsChannelFactory$2
instanceKlass jdk/nio/zipfs/ZipCoder
instanceKlass sun/nio/fs/WindowsSecurity
instanceKlass sun/nio/fs/AbstractAclFileAttributeView
instanceKlass java/nio/file/attribute/AclFileAttributeView
instanceKlass sun/nio/fs/WindowsLinkSupport
instanceKlass sun/nio/fs/WindowsFileSystemProvider$1
instanceKlass java/util/Collections$SynchronizedCollection
instanceKlass java/util/stream/Sink$ChainedInt
instanceKlass java/util/stream/Sink$OfInt
instanceKlass java/util/function/IntConsumer
instanceKlass java/util/ImmutableCollections$Access$1
instanceKlass jdk/internal/access/JavaUtilCollectionAccess
instanceKlass java/util/ImmutableCollections$Access
instanceKlass java/util/stream/Streams$RangeIntSpliterator
instanceKlass java/util/stream/IntStream
instanceKlass java/nio/file/attribute/PosixFilePermissions
instanceKlass java/nio/file/attribute/PosixFileAttributes
instanceKlass jdk/nio/zipfs/ZipFileSystem$IndexNode
instanceKlass jdk/nio/zipfs/ZipFileAttributes
instanceKlass java/nio/file/attribute/PosixFileAttributeView
instanceKlass java/nio/file/attribute/FileOwnerAttributeView
instanceKlass jdk/nio/zipfs/ZipFileAttributeView
instanceKlass jdk/nio/zipfs/ZipPath
instanceKlass jdk/internal/reflect/UnsafeFieldAccessorFactory
instanceKlass java/util/stream/Nodes$ArrayNode
instanceKlass java/lang/invoke/MethodHandles$1
instanceKlass java/lang/Long$LongCache
instanceKlass cpw/mods/niofs/union/UnionPath
instanceKlass java/util/stream/AbstractSpinedBuffer
instanceKlass java/util/stream/Node$Builder
instanceKlass java/util/stream/Node$OfDouble
instanceKlass java/util/stream/Node$OfLong
instanceKlass java/util/stream/Node$OfInt
instanceKlass java/util/stream/Node$OfPrimitive
instanceKlass java/util/stream/Nodes$EmptyNode
instanceKlass java/util/stream/Node
instanceKlass java/util/stream/Nodes
instanceKlass java/util/Base64$Encoder
instanceKlass java/util/Base64$Decoder
instanceKlass java/util/Base64
instanceKlass cpw/mods/jarhandling/impl/ManifestVerifier
instanceKlass java/util/LinkedList$Node
instanceKlass java/util/TreeMap$PrivateEntryIterator
instanceKlass java/util/TreeMap$Entry
instanceKlass java/util/NavigableMap
instanceKlass java/util/SortedMap
instanceKlass java/util/NavigableSet
instanceKlass java/util/SortedSet
instanceKlass jdk/internal/util/jar/JarIndex
instanceKlass jdk/internal/loader/FileURLMapper
instanceKlass jdk/internal/loader/URLClassPath$JarLoader$1
instanceKlass jdk/internal/loader/URLClassPath$Loader
instanceKlass jdk/internal/loader/URLClassPath$3
instanceKlass sun/net/www/protocol/jar/JarFileFactory
instanceKlass sun/net/www/protocol/jar/URLJarFile$URLJarFileCloseController
instanceKlass java/util/LinkedHashMap$LinkedHashIterator
instanceKlass java/util/TimSort
instanceKlass java/util/Arrays$LegacyMergeSort
instanceKlass java/util/AbstractMap$SimpleEntry
instanceKlass jdk/internal/jimage/ImageBufferCache$2
instanceKlass jdk/internal/jimage/ImageBufferCache
instanceKlass jdk/internal/loader/Resource
instanceKlass sun/net/www/MessageHeader
instanceKlass java/net/URLConnection
instanceKlass jdk/internal/loader/URLClassPath$1
instanceKlass java/lang/CompoundEnumeration
instanceKlass jdk/internal/loader/BuiltinClassLoader$1
instanceKlass java/util/Collections$EmptyEnumeration
instanceKlass jdk/internal/loader/BuiltinClassLoader$2
instanceKlass jdk/internal/module/Resources
instanceKlass java/nio/channels/AsynchronousFileChannel
instanceKlass java/nio/channels/AsynchronousChannel
instanceKlass java/util/concurrent/ExecutorService
instanceKlass java/util/concurrent/Executor
instanceKlass jdk/internal/jimage/ImageLocation
instanceKlass jdk/internal/jimage/decompressor/Decompressor
instanceKlass jdk/internal/jimage/ImageStringsReader
instanceKlass jdk/internal/jimage/ImageStrings
instanceKlass jdk/internal/jimage/ImageHeader
instanceKlass jdk/internal/jimage/NativeImageBuffer$1
instanceKlass jdk/internal/jimage/NativeImageBuffer
instanceKlass jdk/internal/jimage/BasicImageReader$1
instanceKlass jdk/internal/jimage/BasicImageReader
instanceKlass jdk/internal/jimage/ImageReader
instanceKlass jdk/internal/jimage/ImageReaderFactory$1
instanceKlass jdk/internal/jimage/ImageReaderFactory
instanceKlass jdk/internal/module/SystemModuleFinders$SystemImage
instanceKlass jdk/internal/module/SystemModuleFinders$SystemModuleReader
instanceKlass java/util/ServiceLoader$ProviderImpl
instanceKlass java/util/ServiceLoader$Provider
instanceKlass java/util/ServiceLoader$1
instanceKlass java/security/PrivilegedExceptionAction
instanceKlass java/nio/file/FileStore
instanceKlass java/nio/file/DirectoryStream
instanceKlass java/nio/file/DirectoryStream$Filter
instanceKlass java/util/ServiceLoader$3
instanceKlass java/util/ServiceLoader$2
instanceKlass java/util/ServiceLoader$LazyClassPathLookupIterator
instanceKlass java/util/concurrent/CopyOnWriteArrayList$COWIterator
instanceKlass java/util/Spliterators$1Adapter
instanceKlass java/util/Spliterators$ArraySpliterator
instanceKlass java/util/ServiceLoader$ModuleServicesLookupIterator
instanceKlass java/util/ServiceLoader
instanceKlass java/nio/file/spi/FileSystemProvider$1
instanceKlass cpw/mods/jarhandling/SecureJar$ModuleDataProvider
instanceKlass cpw/mods/jarhandling/impl/Jar
instanceKlass cpw/mods/jarhandling/JarMetadata
instanceKlass cpw/mods/jarhandling/SecureJar
instanceKlass sun/nio/ch/IOStatus
instanceKlass java/nio/DirectByteBuffer$Deallocator
instanceKlass sun/nio/ch/Util$BufferCache
instanceKlass sun/nio/ch/Util
instanceKlass sun/nio/ch/NativeThread
instanceKlass java/nio/channels/Channels
instanceKlass sun/nio/ch/FileChannelImpl$Closer
instanceKlass sun/nio/ch/NativeDispatcher
instanceKlass sun/nio/ch/NativeThreadSet
instanceKlass sun/nio/ch/IOUtil
instanceKlass java/nio/channels/spi/AbstractInterruptibleChannel
instanceKlass java/nio/channels/InterruptibleChannel
instanceKlass java/nio/channels/ScatteringByteChannel
instanceKlass java/nio/channels/GatheringByteChannel
instanceKlass java/nio/channels/SeekableByteChannel
instanceKlass java/nio/channels/ByteChannel
instanceKlass java/nio/channels/WritableByteChannel
instanceKlass java/nio/channels/ReadableByteChannel
instanceKlass java/nio/channels/Channel
instanceKlass java/util/Collections$EmptyIterator
instanceKlass sun/nio/fs/WindowsChannelFactory$Flags
instanceKlass sun/nio/fs/WindowsChannelFactory$1
instanceKlass sun/nio/fs/WindowsChannelFactory
instanceKlass sun/nio/fs/WindowsSecurityDescriptor
instanceKlass java/nio/file/attribute/FileAttribute
instanceKlass java/nio/file/FileSystems$DefaultFileSystemHolder$1
instanceKlass java/nio/file/FileSystems$DefaultFileSystemHolder
instanceKlass java/nio/file/Paths
instanceKlass java/util/function/BiPredicate
instanceKlass java/lang/NamedPackage
instanceKlass cpw/mods/bootstraplauncher/BootstrapLauncher
instanceKlass java/security/SecureClassLoader$DebugHolder
instanceKlass java/security/PermissionCollection
instanceKlass java/security/SecureClassLoader$1
instanceKlass java/security/SecureClassLoader$CodeSourceKey
instanceKlass sun/net/util/URLUtil
instanceKlass jdk/internal/module/ModulePatcher$PatchedModuleReader
instanceKlass java/util/concurrent/locks/ReentrantReadWriteLock$WriteLock
instanceKlass java/util/concurrent/locks/ReentrantReadWriteLock$ReadLock
instanceKlass java/util/concurrent/locks/ReentrantReadWriteLock
instanceKlass java/util/concurrent/locks/ReadWriteLock
instanceKlass jdk/internal/module/ModuleReferences$SafeCloseModuleReader
instanceKlass jdk/internal/loader/BuiltinClassLoader$5
instanceKlass sun/nio/cs/ArrayDecoder
instanceKlass sun/launcher/LauncherHelper
instanceKlass java/lang/invoke/StringConcatFactory$3
instanceKlass java/lang/invoke/StringConcatFactory$2
instanceKlass java/lang/invoke/StringConcatFactory$1
instanceKlass java/lang/invoke/StringConcatFactory
instanceKlass jdk/internal/module/ModuleBootstrap$SafeModuleFinder
instanceKlass java/lang/ModuleLayer$Controller
instanceKlass java/util/concurrent/CopyOnWriteArrayList
instanceKlass jdk/internal/module/ServicesCatalog$ServiceProvider
instanceKlass jdk/internal/loader/AbstractClassLoaderValue$Memoizer
instanceKlass jdk/internal/module/ModuleLoaderMap$Modules
instanceKlass jdk/internal/module/ModuleLoaderMap$Mapper
instanceKlass jdk/internal/module/ModuleLoaderMap
instanceKlass java/util/ArrayList$ArrayListSpliterator
instanceKlass java/lang/module/ResolvedModule
instanceKlass java/lang/ModuleLayer
instanceKlass java/lang/module/ModuleFinder$1
instanceKlass java/lang/module/Resolver
instanceKlass java/lang/module/Configuration
instanceKlass java/util/stream/ForEachOps$ForEachOp
instanceKlass java/util/stream/ForEachOps
instanceKlass java/nio/charset/CoderResult
instanceKlass java/nio/charset/CharsetDecoder
instanceKlass java/io/Reader
instanceKlass java/lang/Readable
instanceKlass sun/security/util/ManifestEntryVerifier
instanceKlass java/util/stream/DistinctOps
instanceKlass java/util/HashMap$HashMapSpliterator
instanceKlass java/util/AbstractMap$SimpleImmutableEntry
instanceKlass java/util/regex/ASCII
instanceKlass java/util/regex/IntHashSet
instanceKlass java/util/regex/Matcher
instanceKlass java/util/regex/MatchResult
instanceKlass java/util/regex/Pattern$BitClass
instanceKlass java/util/regex/Pattern$TreeInfo
instanceKlass java/util/regex/CharPredicates
instanceKlass java/util/regex/Pattern$BmpCharPredicate
instanceKlass java/util/regex/Pattern$CharPredicate
instanceKlass java/util/regex/Pattern$Node
instanceKlass java/util/regex/Pattern
instanceKlass jdk/internal/module/ModulePath$Patterns
instanceKlass java/util/jar/Attributes
instanceKlass java/security/CodeSigner
instanceKlass java/util/jar/JarVerifier
instanceKlass java/util/ImmutableCollections$ListItr
instanceKlass java/util/ListIterator
instanceKlass java/io/RandomAccessFile$1
instanceKlass java/util/WeakHashMap$HashIterator
instanceKlass java/lang/module/ModuleReader
instanceKlass java/net/URI$Parser
instanceKlass sun/nio/fs/WindowsUriSupport
instanceKlass jdk/internal/module/ModuleReferences
instanceKlass jdk/internal/module/ModuleInfo$Attributes
instanceKlass java/util/Collections$UnmodifiableCollection$1
instanceKlass java/util/function/IntFunction
instanceKlass java/util/Spliterators$AbstractSpliterator
instanceKlass jdk/internal/module/Checks
instanceKlass java/lang/module/ModuleDescriptor$Builder
instanceKlass jdk/internal/module/ModuleInfo$ConstantPool$Entry
instanceKlass jdk/internal/module/ModuleInfo$ConstantPool
instanceKlass jdk/internal/module/ModuleInfo$CountingDataInput
instanceKlass jdk/internal/module/ModuleInfo
instanceKlass jdk/internal/org/objectweb/asm/ClassReader
instanceKlass sun/security/action/GetIntegerAction
instanceKlass sun/security/util/Debug
instanceKlass sun/security/util/SignatureFileVerifier
instanceKlass java/util/zip/ZipFile$InflaterCleanupAction
instanceKlass java/util/zip/Inflater$InflaterZStreamRef
instanceKlass java/util/zip/Inflater
instanceKlass java/util/zip/ZipEntry
instanceKlass java/lang/StringCoding
instanceKlass jdk/internal/perf/PerfCounter$CoreCounters
instanceKlass sun/util/locale/LocaleObjectCache
instanceKlass sun/util/locale/BaseLocale$Key
instanceKlass sun/util/locale/LocaleUtils
instanceKlass sun/util/locale/BaseLocale
instanceKlass java/util/Locale
instanceKlass java/nio/file/attribute/FileTime
instanceKlass java/util/zip/ZipUtils
instanceKlass java/util/zip/ZipFile$Source$End
instanceKlass java/io/RandomAccessFile$2
instanceKlass jdk/internal/access/JavaIORandomAccessFileAccess
instanceKlass java/io/RandomAccessFile
instanceKlass java/io/DataInput
instanceKlass java/io/DataOutput
instanceKlass java/util/zip/ZipFile$Source$Key
instanceKlass java/util/zip/ZipFile$Source
instanceKlass java/util/zip/ZipCoder
instanceKlass java/util/zip/ZipFile$CleanableResource
instanceKlass sun/nio/fs/WindowsNativeDispatcher$CompletionStatus
instanceKlass sun/nio/fs/WindowsNativeDispatcher$AclInformation
instanceKlass sun/nio/fs/WindowsNativeDispatcher$Account
instanceKlass sun/nio/fs/WindowsNativeDispatcher$DiskFreeSpace
instanceKlass sun/nio/fs/WindowsNativeDispatcher$VolumeInformation
instanceKlass sun/nio/fs/WindowsNativeDispatcher$FirstStream
instanceKlass sun/nio/fs/WindowsNativeDispatcher$FirstFile
instanceKlass java/util/Enumeration
instanceKlass java/util/concurrent/ConcurrentHashMap$Traverser
instanceKlass java/util/concurrent/ConcurrentHashMap$CollectionView
instanceKlass jdk/internal/loader/NativeLibraries$NativeLibraryImpl
instanceKlass jdk/internal/loader/NativeLibrary
instanceKlass java/util/ArrayDeque$DeqIterator
instanceKlass jdk/internal/loader/NativeLibraries$1
instanceKlass jdk/internal/loader/NativeLibraries$LibraryPaths
instanceKlass sun/nio/fs/WindowsNativeDispatcher
instanceKlass sun/nio/fs/NativeBuffer$Deallocator
instanceKlass sun/nio/fs/NativeBuffer
instanceKlass java/lang/ThreadLocal$ThreadLocalMap
instanceKlass sun/nio/fs/NativeBuffers
instanceKlass sun/nio/fs/WindowsFileAttributes
instanceKlass java/nio/file/attribute/DosFileAttributes
instanceKlass sun/nio/fs/AbstractBasicFileAttributeView
instanceKlass sun/nio/fs/DynamicFileAttributeView
instanceKlass sun/nio/fs/WindowsFileAttributeViews
instanceKlass sun/nio/fs/Util
instanceKlass java/nio/file/attribute/BasicFileAttributeView
instanceKlass java/nio/file/attribute/FileAttributeView
instanceKlass java/nio/file/attribute/AttributeView
instanceKlass java/nio/file/Files
instanceKlass java/nio/file/CopyOption
instanceKlass java/nio/file/attribute/BasicFileAttributes
instanceKlass java/util/stream/Streams
instanceKlass java/util/stream/Stream$Builder
instanceKlass java/util/stream/Streams$AbstractStreamBuilderImpl
instanceKlass java/util/stream/FindOps$FindOp
instanceKlass java/util/stream/FindOps$FindSink
instanceKlass java/util/stream/FindOps
instanceKlass java/util/AbstractList$RandomAccessSpliterator
instanceKlass java/util/stream/Sink$ChainedReference
instanceKlass java/util/stream/ReduceOps$AccumulatingSink
instanceKlass java/util/stream/TerminalSink
instanceKlass java/util/stream/Sink
instanceKlass java/util/function/Consumer
instanceKlass java/util/stream/ReduceOps$Box
instanceKlass java/util/stream/ReduceOps$ReduceOp
instanceKlass java/util/stream/TerminalOp
instanceKlass java/util/stream/ReduceOps
instanceKlass java/util/function/BinaryOperator
instanceKlass java/util/function/BiFunction
instanceKlass java/util/function/BiConsumer
instanceKlass java/util/stream/Collectors$CollectorImpl
instanceKlass java/util/stream/Collector
instanceKlass java/util/stream/Collectors
instanceKlass java/lang/ref/Cleaner$Cleanable
instanceKlass jdk/internal/ref/CleanerImpl
instanceKlass java/lang/ref/Cleaner$1
instanceKlass java/lang/ref/Cleaner
instanceKlass jdk/internal/ref/CleanerFactory$1
instanceKlass java/util/concurrent/ThreadFactory
instanceKlass jdk/internal/ref/CleanerFactory
instanceKlass java/lang/invoke/MethodHandles$Lookup$ClassDefiner
instanceKlass java/lang/invoke/MethodHandles$Lookup$ClassFile
instanceKlass jdk/internal/org/objectweb/asm/Handler
instanceKlass jdk/internal/org/objectweb/asm/Attribute
instanceKlass jdk/internal/org/objectweb/asm/FieldVisitor
instanceKlass java/util/ArrayList$Itr
instanceKlass java/lang/invoke/InvokerBytecodeGenerator$ClassData
instanceKlass jdk/internal/org/objectweb/asm/AnnotationVisitor
instanceKlass jdk/internal/org/objectweb/asm/Frame
instanceKlass jdk/internal/org/objectweb/asm/Label
instanceKlass jdk/internal/org/objectweb/asm/MethodVisitor
instanceKlass java/lang/invoke/LambdaFormBuffer
instanceKlass java/lang/invoke/LambdaFormEditor$TransformKey
instanceKlass java/lang/invoke/LambdaFormEditor
instanceKlass sun/invoke/util/Wrapper$1
instanceKlass java/lang/invoke/DelegatingMethodHandle$Holder
instanceKlass java/lang/invoke/DirectMethodHandle$2
instanceKlass sun/invoke/empty/Empty
instanceKlass sun/invoke/util/VerifyType
instanceKlass java/lang/invoke/ClassSpecializer$Factory
instanceKlass java/lang/invoke/ClassSpecializer$SpeciesData
instanceKlass java/lang/invoke/ClassSpecializer$1
instanceKlass java/util/function/Function
instanceKlass java/lang/invoke/ClassSpecializer
instanceKlass java/lang/invoke/InnerClassLambdaMetafactory$1
instanceKlass java/lang/invoke/LambdaProxyClassArchive
instanceKlass jdk/internal/org/objectweb/asm/ByteVector
instanceKlass jdk/internal/org/objectweb/asm/Symbol
instanceKlass jdk/internal/org/objectweb/asm/SymbolTable
instanceKlass jdk/internal/org/objectweb/asm/ClassVisitor
instanceKlass java/lang/invoke/InfoFromMemberName
instanceKlass java/lang/invoke/MethodHandleInfo
instanceKlass jdk/internal/org/objectweb/asm/ConstantDynamic
instanceKlass sun/invoke/util/BytecodeDescriptor
instanceKlass jdk/internal/org/objectweb/asm/Handle
instanceKlass sun/security/action/GetBooleanAction
instanceKlass jdk/internal/org/objectweb/asm/Type
instanceKlass java/lang/invoke/AbstractValidatingLambdaMetafactory
instanceKlass java/lang/invoke/MethodHandleImpl$1
instanceKlass jdk/internal/access/JavaLangInvokeAccess
instanceKlass java/lang/invoke/Invokers$Holder
instanceKlass java/lang/invoke/BootstrapMethodInvoker
instanceKlass java/util/function/Predicate
instanceKlass java/lang/WeakPairMap$Pair$Lookup
instanceKlass java/lang/WeakPairMap$Pair
instanceKlass java/lang/WeakPairMap
instanceKlass java/lang/Module$ReflectionData
instanceKlass java/lang/invoke/InvokerBytecodeGenerator$2
instanceKlass java/lang/invoke/InvokerBytecodeGenerator
instanceKlass java/lang/invoke/LambdaForm$Holder
instanceKlass java/lang/invoke/LambdaForm$Name
instanceKlass java/lang/invoke/Invokers
instanceKlass java/lang/invoke/MethodHandleImpl
instanceKlass sun/invoke/util/ValueConversions
instanceKlass java/lang/invoke/DirectMethodHandle$Holder
instanceKlass java/lang/invoke/LambdaForm$NamedFunction
instanceKlass sun/invoke/util/Wrapper$Format
instanceKlass java/lang/invoke/MethodTypeForm
instanceKlass java/lang/Void
instanceKlass java/lang/invoke/MethodType$ConcurrentWeakInternSet
instanceKlass java/lang/invoke/LambdaMetafactory
instanceKlass sun/reflect/annotation/AnnotationParser
instanceKlass java/lang/Class$3
instanceKlass java/lang/PublicMethods$Key
instanceKlass java/lang/PublicMethods$MethodList
instanceKlass java/util/EnumMap$1
instanceKlass java/util/stream/StreamOpFlag$MaskBuilder
instanceKlass java/util/stream/Stream
instanceKlass java/util/stream/BaseStream
instanceKlass java/util/stream/PipelineHelper
instanceKlass java/util/stream/StreamSupport
instanceKlass java/util/Spliterators$IteratorSpliterator
instanceKlass java/util/Spliterator$OfDouble
instanceKlass java/util/Spliterator$OfLong
instanceKlass java/util/Spliterator$OfInt
instanceKlass java/util/Spliterator$OfPrimitive
instanceKlass java/util/Spliterator
instanceKlass java/util/Spliterators$EmptySpliterator
instanceKlass java/util/Spliterators
instanceKlass jdk/internal/module/DefaultRoots
instanceKlass java/lang/module/ModuleFinder$2
instanceKlass jdk/internal/loader/BuiltinClassLoader$LoadedModule
instanceKlass jdk/internal/loader/AbstractClassLoaderValue
instanceKlass jdk/internal/module/ServicesCatalog
instanceKlass sun/net/util/IPAddressUtil
instanceKlass java/net/URLStreamHandler
instanceKlass java/util/HexFormat
instanceKlass sun/net/www/ParseUtil
instanceKlass java/net/URL$3
instanceKlass jdk/internal/access/JavaNetURLAccess
instanceKlass java/net/URL$DefaultFactory
instanceKlass java/net/URLStreamHandlerFactory
instanceKlass jdk/internal/loader/URLClassPath
instanceKlass java/security/Principal
instanceKlass java/security/ProtectionDomain$Key
instanceKlass java/security/ProtectionDomain$JavaSecurityAccessImpl
instanceKlass jdk/internal/access/JavaSecurityAccess
instanceKlass java/lang/ClassLoader$ParallelLoaders
instanceKlass java/security/cert/Certificate
instanceKlass jdk/internal/loader/ArchivedClassLoaders
instanceKlass java/util/Deque
instanceKlass java/util/Queue
instanceKlass jdk/internal/loader/ClassLoaderHelper
instanceKlass jdk/internal/loader/NativeLibraries
instanceKlass jdk/internal/loader/BootLoader
instanceKlass jdk/internal/module/SystemModuleFinders$SystemModuleFinder
instanceKlass jdk/internal/module/SystemModuleFinders$3
instanceKlass jdk/internal/module/ModuleHashes$HashSupplier
instanceKlass jdk/internal/module/SystemModuleFinders$2
instanceKlass java/util/function/Supplier
instanceKlass java/lang/module/ModuleReference
instanceKlass jdk/internal/module/ModuleResolution
instanceKlass java/util/Collections$UnmodifiableMap
instanceKlass jdk/internal/module/ModuleHashes$Builder
instanceKlass jdk/internal/module/ModuleHashes
instanceKlass jdk/internal/module/ModuleTarget
instanceKlass java/util/ImmutableCollections$Set12$1
instanceKlass java/lang/module/ModuleDescriptor$Version
instanceKlass java/lang/module/ModuleDescriptor$Provides
instanceKlass java/lang/module/ModuleDescriptor$Opens
instanceKlass java/util/ImmutableCollections$SetN$SetNIterator
instanceKlass java/lang/module/ModuleDescriptor$Exports
instanceKlass java/lang/module/ModuleDescriptor$Requires
instanceKlass jdk/internal/module/Builder
instanceKlass jdk/internal/module/SystemModules$all
instanceKlass jdk/internal/module/SystemModules
instanceKlass jdk/internal/module/SystemModulesMap
instanceKlass java/net/URI$1
instanceKlass jdk/internal/access/JavaNetUriAccess
instanceKlass java/net/URI
instanceKlass jdk/internal/module/SystemModuleFinders
instanceKlass jdk/internal/module/ArchivedModuleGraph
instanceKlass java/util/Optional
instanceKlass java/lang/Runtime$Version
instanceKlass java/util/jar/JavaUtilJarAccessImpl
instanceKlass jdk/internal/access/JavaUtilJarAccess
instanceKlass java/util/zip/ZipFile$1
instanceKlass jdk/internal/access/JavaUtilZipFileAccess
instanceKlass java/util/zip/ZipFile
instanceKlass java/util/zip/ZipConstants
instanceKlass java/nio/Bits$1
instanceKlass jdk/internal/misc/VM$BufferPool
instanceKlass java/nio/Bits
instanceKlass sun/nio/ch/DirectBuffer
instanceKlass jdk/internal/perf/Perf
instanceKlass jdk/internal/perf/Perf$GetPerfAction
instanceKlass jdk/internal/perf/PerfCounter
instanceKlass java/lang/reflect/Array
instanceKlass java/util/jar/Attributes$Name
instanceKlass jdk/internal/module/ModulePath
instanceKlass java/lang/module/ModuleFinder
instanceKlass sun/nio/fs/WindowsPath
instanceKlass sun/nio/fs/WindowsPathParser$Result
instanceKlass sun/nio/fs/WindowsPathParser
instanceKlass java/util/Collections$UnmodifiableCollection
instanceKlass java/util/Arrays$ArrayItr
instanceKlass java/nio/file/FileSystem
instanceKlass java/nio/file/OpenOption
instanceKlass java/lang/Enum
instanceKlass java/nio/file/spi/FileSystemProvider
instanceKlass sun/nio/fs/DefaultFileSystemProvider
instanceKlass java/nio/file/FileSystems
instanceKlass java/nio/file/Path
instanceKlass java/nio/file/Watchable
instanceKlass jdk/internal/util/Preconditions
instanceKlass jdk/internal/module/ArchivedBootLayer
instanceKlass jdk/internal/module/ModuleBootstrap$Counters
instanceKlass jdk/internal/module/ModulePatcher
instanceKlass java/io/FileSystem
instanceKlass java/io/DefaultFileSystem
instanceKlass java/io/File
instanceKlass java/lang/module/ModuleDescriptor$1
instanceKlass jdk/internal/access/JavaLangModuleAccess
instanceKlass sun/invoke/util/VerifyAccess
instanceKlass java/lang/module/ModuleDescriptor
instanceKlass jdk/internal/module/ModuleBootstrap
instanceKlass java/lang/invoke/MethodHandleStatics
instanceKlass java/util/Collections
instanceKlass sun/io/Win32ErrorMode
instanceKlass jdk/internal/misc/OSEnvironment
instanceKlass jdk/internal/misc/Signal$NativeHandler
instanceKlass java/util/Hashtable$Entry
instanceKlass jdk/internal/misc/Signal
instanceKlass java/lang/Terminator$1
instanceKlass jdk/internal/misc/Signal$Handler
instanceKlass java/lang/Terminator
instanceKlass java/nio/ByteOrder
instanceKlass java/nio/Buffer$1
instanceKlass jdk/internal/access/JavaNioAccess
instanceKlass jdk/internal/misc/ScopedMemoryAccess
instanceKlass java/nio/charset/CodingErrorAction
instanceKlass sun/nio/cs/SingleByte
instanceKlass java/lang/StringUTF16
instanceKlass sun/nio/cs/MS1252$Holder
instanceKlass sun/nio/cs/ArrayEncoder
instanceKlass java/nio/charset/CharsetEncoder
instanceKlass java/lang/reflect/Modifier
instanceKlass java/lang/Class$1
instanceKlass java/lang/Class$Atomic
instanceKlass java/lang/Class$ReflectionData
instanceKlass jdk/internal/util/ArraysSupport
instanceKlass java/nio/charset/StandardCharsets
instanceKlass sun/nio/cs/HistoricallyNamedCharset
instanceKlass sun/security/action/GetPropertyAction
instanceKlass java/lang/ThreadLocal
instanceKlass java/nio/charset/spi/CharsetProvider
instanceKlass java/nio/charset/Charset
instanceKlass java/io/Writer
instanceKlass java/io/OutputStream
instanceKlass java/io/Flushable
instanceKlass java/io/FileDescriptor$1
instanceKlass jdk/internal/access/JavaIOFileDescriptorAccess
instanceKlass java/io/FileDescriptor
instanceKlass jdk/internal/util/StaticProperty
instanceKlass java/util/HashMap$HashIterator
instanceKlass java/lang/Integer$IntegerCache
instanceKlass java/lang/CharacterData
instanceKlass java/util/Arrays
instanceKlass java/lang/VersionProps
instanceKlass java/lang/StringConcatHelper
instanceKlass jdk/internal/misc/VM
instanceKlass jdk/internal/util/SystemProps$Raw
instanceKlass jdk/internal/util/SystemProps
instanceKlass java/lang/System$2
instanceKlass jdk/internal/access/JavaLangAccess
instanceKlass java/lang/ref/Reference$1
instanceKlass jdk/internal/access/JavaLangRefAccess
instanceKlass java/lang/ref/ReferenceQueue$Lock
instanceKlass java/lang/ref/ReferenceQueue
instanceKlass jdk/internal/reflect/ReflectionFactory
instanceKlass jdk/internal/reflect/ReflectionFactory$GetReflectionFactoryAction
instanceKlass java/security/PrivilegedAction
instanceKlass java/util/concurrent/locks/LockSupport
instanceKlass java/util/concurrent/ConcurrentHashMap$Node
instanceKlass java/util/concurrent/ConcurrentHashMap$CounterCell
instanceKlass java/util/concurrent/locks/ReentrantLock
instanceKlass java/util/concurrent/locks/Lock
instanceKlass java/lang/Runtime
instanceKlass java/util/HashMap$Node
instanceKlass java/util/KeyValueHolder
instanceKlass java/util/Map$Entry
instanceKlass java/util/ImmutableCollections$MapN$MapNIterator
instanceKlass java/lang/Math
instanceKlass jdk/internal/reflect/Reflection
instanceKlass java/lang/invoke/MethodHandles$Lookup
instanceKlass java/lang/StringLatin1
instanceKlass java/security/Permission
instanceKlass java/security/Guard
instanceKlass java/lang/invoke/MemberName$Factory
instanceKlass java/lang/invoke/MethodHandles
instanceKlass jdk/internal/access/SharedSecrets
instanceKlass java/lang/reflect/ReflectAccess
instanceKlass jdk/internal/access/JavaLangReflectAccess
instanceKlass java/util/ImmutableCollections
instanceKlass java/util/Objects
instanceKlass java/util/Set
instanceKlass jdk/internal/misc/CDS
instanceKlass java/lang/Module$ArchivedData
instanceKlass java/lang/String$CaseInsensitiveComparator
instanceKlass java/util/Comparator
instanceKlass java/io/ObjectStreamField
instanceKlass jdk/internal/vm/vector/VectorSupport$VectorPayload
instanceKlass jdk/internal/vm/vector/VectorSupport
instanceKlass java/lang/reflect/RecordComponent
instanceKlass java/util/Iterator
instanceKlass java/lang/Number
instanceKlass java/lang/Character
instanceKlass java/lang/Boolean
instanceKlass java/util/concurrent/locks/AbstractOwnableSynchronizer
instanceKlass java/lang/LiveStackFrame
instanceKlass java/lang/StackFrameInfo
instanceKlass java/lang/StackWalker$StackFrame
instanceKlass java/lang/StackStreamFactory$AbstractStackWalker
instanceKlass java/lang/StackWalker
instanceKlass java/nio/Buffer
instanceKlass java/lang/StackTraceElement
instanceKlass java/util/RandomAccess
instanceKlass java/util/List
instanceKlass java/util/AbstractCollection
instanceKlass java/util/Collection
instanceKlass java/lang/Iterable
instanceKlass java/util/concurrent/ConcurrentMap
instanceKlass java/util/AbstractMap
instanceKlass java/security/CodeSource
instanceKlass jdk/internal/loader/ClassLoaders
instanceKlass java/util/jar/Manifest
instanceKlass java/net/URL
instanceKlass java/io/InputStream
instanceKlass java/io/Closeable
instanceKlass java/lang/AutoCloseable
instanceKlass jdk/internal/module/Modules
instanceKlass jdk/internal/misc/Unsafe
instanceKlass jdk/internal/misc/UnsafeConstants
instanceKlass java/lang/AbstractStringBuilder
instanceKlass java/lang/Appendable
instanceKlass java/lang/AssertionStatusDirectives
instanceKlass java/lang/invoke/MethodHandleNatives$CallSiteContext
instanceKlass jdk/internal/invoke/NativeEntryPoint
instanceKlass java/lang/invoke/CallSite
instanceKlass java/lang/invoke/MethodType
instanceKlass java/lang/invoke/TypeDescriptor$OfMethod
instanceKlass java/lang/invoke/LambdaForm
instanceKlass java/lang/invoke/MethodHandleNatives
instanceKlass java/lang/invoke/ResolvedMethodName
instanceKlass java/lang/invoke/MemberName
instanceKlass java/lang/invoke/VarHandle
instanceKlass java/lang/invoke/MethodHandle
instanceKlass jdk/internal/reflect/CallerSensitive
instanceKlass java/lang/annotation/Annotation
instanceKlass jdk/internal/reflect/FieldAccessor
instanceKlass jdk/internal/reflect/ConstantPool
instanceKlass jdk/internal/reflect/ConstructorAccessor
instanceKlass jdk/internal/reflect/MethodAccessor
instanceKlass jdk/internal/reflect/MagicAccessorImpl
instanceKlass java/lang/reflect/Parameter
instanceKlass java/lang/reflect/Member
instanceKlass java/lang/reflect/AccessibleObject
instanceKlass java/lang/Module
instanceKlass java/util/Map
instanceKlass java/util/Dictionary
instanceKlass java/lang/ThreadGroup
instanceKlass java/lang/Thread$UncaughtExceptionHandler
instanceKlass java/lang/Thread
instanceKlass java/lang/Runnable
instanceKlass java/lang/ref/Reference
instanceKlass java/lang/Record
instanceKlass java/security/AccessController
instanceKlass java/security/AccessControlContext
instanceKlass java/security/ProtectionDomain
instanceKlass java/lang/SecurityManager
instanceKlass java/lang/Throwable
instanceKlass java/lang/System
instanceKlass java/lang/ClassLoader
instanceKlass java/lang/Cloneable
instanceKlass java/lang/Class
instanceKlass java/lang/invoke/TypeDescriptor$OfField
instanceKlass java/lang/invoke/TypeDescriptor
instanceKlass java/lang/reflect/Type
instanceKlass java/lang/reflect/GenericDeclaration
instanceKlass java/lang/reflect/AnnotatedElement
instanceKlass java/lang/String
instanceKlass java/lang/constant/ConstantDesc
instanceKlass java/lang/constant/Constable
instanceKlass java/lang/CharSequence
instanceKlass java/lang/Comparable
instanceKlass java/io/Serializable
ciInstanceKlass java/lang/Object 1 1 92 7 1 10 12 1 1 10 7 12 1 1 1 10 7 12 1 1 1 10 12 1 1 8 1 10 12 1 1 10 7 12 1 1 1 10 12 1 10 12 1 1 100 1 8 1 10 12 1 3 8 1 100 1 5 0 1 1 1 1 1 1 1 1 1 1 1 1 1 1 1 1 100 1 1 1 7 1 1 1 1 1 1 1 100 1 1 1 1 1 1 1
ciInstanceKlass java/lang/Class 1 1 1611 10 7 12 1 1 1 9 7 12 1 1 1 9 12 1 1 7 1 10 10 12 1 1 8 1 10 12 1 8 1 8 1 10 12 1 1 10 12 1 1 10 12 1 10 10 12 1 10 12 1 1 10 12 1 1 10 7 12 1 1 10 12 1 10 12 1 10 12 1 8 1 10 12 1 8 1 10 12 1 8 1 8 1 10 12 1 1 10 7 12 1 1 1 18 12 1 1 11 7 12 1 1 1 8 1 8 1 8 1 10 7 12 1 1 1 11 12 1 1 7 1 8 1 10 12 1 11 100 12 1 1 1 10 12 1 1 11 8 1 18 8 1 10 12 1 10 7 12 1 1 10 7 12 1 1 1 10 12 1 1 10 7 12 1 1 1 9 100 12 1 1 1 10 100 12 1 1 1 10 7 12 1 1 1 10 12 1 1 18 12 1 1 10 7 12 1 1 1 10 7 12 1 1 10 12 1 1 10 7 1 100 1 10 12 1 1 9 12 1 1 100 1 8 1 10 12 1 10 12 1 1 10 12 1 1 10 7 12 1 1 1 7 1 10 12 1 7 1 100 1 10 10 12 1 1 10 12 1 1 100 1 10 100 12 1 1 1 10 12 1 1 10 12 1 1 9 12 1 1 10 12 1 10 12 1 10 12 1 1 9 12 1 1 9 12 1 1 10 12 1 1 10 7 1 10 12 1 10 12 1 10 12 1 1 10 9 12 1 10 12 1 8 1 10 12 1 1 10 12 1 1 10 12 1 10 12 1 1 10 12 1 1 10 12 1 1 9 7 12 1 1 1 10 7 12 1 1 10 12 10 12 1 10 12 1 1 10 100 12 1 1 10 12 1 10 12 1 1 10 100 12 1 1 1 10 12 1 10 12 1 1 10 12 1 10 12 1 10 12 1 1 10 7 1 10 10 10 12 1 1 10 12 1 1 10 12 10 12 1 1 100 1 8 1 10 10 12 1 1 10 12 1 100 1 11 12 1 10 100 12 1 1 10 12 1 10 12 1 10 100 12 1 1 10 10 12 1 1 8 1 10 12 1 10 12 1 1 8 1 9 12 1 10 12 1 10 12 1 10 12 1 10 12 100 1 9 12 1 10 12 1 9 12 1 10 12 1 10 12 1 10 12 1 10 10 12 1 10 12 1 10 12 1 10 12 1 10 12 1 10 12 1 7 1 10 12 1 10 12 1 1 10 12 1 1 10 12 1 1 10 12 1 1 10 12 1 1 10 12 1 1 7 1 10 10 12 1 1 10 12 1 1 10 12 1 1 10 10 12 1 10 12 1 1 10 12 1 1 10 12 1 1 10 12 1 1 7 1 10 10 12 11 100 12 1 1 10 12 1 1 10 12 1 10 7 12 1 1 1 10 12 1 1 10 10 12 1 1 7 1 10 10 12 1 1 10 7 12 1 1 1 100 1 100 1 10 12 1 1 10 12 1 10 10 12 1 1 10 12 1 10 12 1 10 12 1 10 100 12 1 1 1 11 7 12 1 1 10 12 1 10 12 1 9 12 1 10 12 1 1 10 12 1 9 12 1 1 100 1 10 9 12 1 1 10 12 100 1 10 12 1 9 12 1 10 100 12 1 1 1 10 12 1 10 12 1 10 100 12 1 1 1 10 12 1 10 12 10 12 1 1 100 1 10 8 1 10 12 1 11 11 12 1 1 11 7 12 1 1 11 12 1 8 1 10 12 1 10 12 1 1 9 12 1 9 12 1 1 10 7 12 1 1 9 12 1 10 12 1 1 10 10 12 1 10 7 12 1 1 1 10 7 12 1 1 10 7 12 1 1 9 12 1 1 10 12 1 9 12 1 10 12 1 10 12 1 1 9 12 1 1 9 12 1 10 12 1 10 12 1 1 9 12 1 7 1 10 10 12 1 1 7 1 10 12 1 1 7 11 7 1 9 12 1 1 9 12 1 100 1 10 12 1 9 12 1 1 9 12 1 10 12 1 10 12 1 1 9 12 1 7 1 10 10 12 1 1 10 10 12 1 1 10 12 10 10 12 1 9 12 1 10 12 1 1 10 7 12 1 1 1 10 12 1 1 10 12 1 8 10 7 8 1 18 8 1 8 1 10 12 1 9 12 1 9 12 1 1 10 12 1 7 1 7 1 10 12 1 9 12 1 1 7 1 10 10 12 1 10 7 1 9 12 1 8 1 10 12 1 7 1 10 12 1 10 12 1 1 9 12 1 7 1 8 1 10 7 1 4 10 10 12 11 7 12 1 1 1 10 12 1 100 1 10 12 1 1 10 8 1 8 1 10 12 1 1 9 7 12 1 1 11 12 7 1 11 7 12 1 1 9 12 1 10 100 12 1 1 1 10 7 12 1 1 10 12 1 1 9 12 1 9 10 12 1 1 10 12 1 1 10 12 1 1 10 12 1 1 10 12 1 1 11 12 1 7 1 11 12 1 10 7 12 1 1 1 10 12 1 100 1 11 12 1 10 100 12 1 1 1 10 12 1 10 11 12 1 11 12 1 1 10 12 1 10 12 1 1 9 12 1 1 9 100 12 1 1 10 12 1 10 100 12 1 1 1 10 12 1 1 10 12 1 10 12 1 10 12 1 10 7 12 1 1 1 10 12 1 8 1 10 12 1 10 12 1 10 12 1 10 100 12 1 1 1 11 100 12 1 1 1 10 12 1 1 10 12 1 18 12 1 1 11 12 1 1 18 11 12 1 18 12 1 11 12 1 10 12 1 1 10 12 1 10 12 1 10 12 10 12 1 8 1 10 12 1 7 1 9 12 1 1 100 1 100 1 100 1 100 1 100 1 1 1 3 1 3 1 3 1 1 1 1 1 1 1 5 0 1 1 1 1 1 1 1 1 1 1 1 1 1 1 1 1 1 1 1 1 1 1 1 100 1 1 1 1 1 1 1 100 1 1 1 1 1 1 100 1 1 1 1 1 1 1 1 1 1 1 1 1 1 1 1 1 1 1 1 1 1 1 1 1 1 1 1 1 1 1 1 1 1 1 1 1 1 100 1 1 1 1 1 1 1 1 1 1 1 1 1 1 1 1 1 1 1 1 1 1 1 1 1 1 1 1 100 1 1 1 1 1 1 1 1 1 1 1 1 1 1 1 1 1 1 1 1 1 1 1 1 1 1 1 1 1 1 1 1 1 1 1 1 1 1 1 1 1 1 1 1 1 1 1 1 1 1 1 1 1 100 1 100 1 1 1 1 1 1 1 1 1 1 1 1 1 1 1 1 1 1 1 1 1 1 1 1 1 1 1 1 1 1 1 1 1 1 1 1 1 1 1 1 1 1 1 1 1 1 1 1 1 1 1 1 1 1 1 1 1 1 1 1 1 1 1 100 1 1 1 1 1 1 1 1 1 1 1 1 1 1 1 1 1 1 1 1 1 1 1 1 1 1 1 1 1 1 1 1 1 1 1 1 1 1 1 1 1 1 1 1 1 1 1 1 1 1 1 1 1 1 1 1 1 1 1 1 1 1 1 1 1 1 1 1 15 10 7 12 1 1 1 16 15 10 12 16 15 11 12 16 1 16 15 16 15 10 12 16 16 15 10 12 16 15 16 1 15 10 12 16 1 1 1 1 1 1 1 1 100 1 1 100 1 100 1 1 100 1 100 1 1
staticfield java/lang/Class EMPTY_CLASS_ARRAY [Ljava/lang/Class; 0 [Ljava/lang/Class;
staticfield java/lang/Class serialPersistentFields [Ljava/io/ObjectStreamField; 0 [Ljava/io/ObjectStreamField;
ciInstanceKlass java/io/Serializable 1 0 7 100 1 100 1 1 1
instanceKlass jdk/internal/vm/vector/VectorSupport$VectorShuffle
instanceKlass jdk/internal/vm/vector/VectorSupport$VectorMask
instanceKlass jdk/internal/vm/vector/VectorSupport$Vector
ciInstanceKlass jdk/internal/vm/vector/VectorSupport$VectorPayload 0 0 32 10 100 12 1 1 1 9 100 12 1 1 1 10 100 12 1 1 1 1 1 1 1 1 1 1 1 1 1 1 1 1
ciInstanceKlass jdk/internal/vm/vector/VectorSupport$VectorShuffle 0 0 28 10 100 12 1 1 1 100 1 1 1 1 1 1 1 1 1 1 1 1 1 1 1 100 1 1 1 1
ciInstanceKlass jdk/internal/vm/vector/VectorSupport$VectorMask 0 0 28 10 100 12 1 1 1 100 1 1 1 1 1 1 1 1 1 1 1 1 1 1 1 100 1 1 1 1
ciInstanceKlass jdk/internal/vm/vector/VectorSupport$Vector 0 0 28 10 100 12 1 1 1 100 1 1 1 1 1 1 1 1 1 1 1 1 1 1 1 100 1 1 1 1
ciInstanceKlass jdk/internal/vm/vector/VectorSupport 0 0 487 100 1 10 100 12 1 1 1 9 12 1 1 10 12 1 1 100 1 10 12 1 11 100 12 1 1 1 11 100 12 1 1 1 11 100 12 1 1 11 100 12 1 1 1 11 100 1 100 1 10 12 1 1 11 100 12 1 1 11 100 12 1 1 100 1 11 100 12 1 1 11 100 12 1 1 11 100 12 1 1 1 11 100 12 1 1 1 11 100 12 1 1 1 11 100 12 1 1 1 100 1 10 12 1 1 11 100 12 1 1 100 1 11 100 12 1 1 11 100 12 1 1 11 100 12 1 1 11 100 1 100 1 9 12 1 1 10 100 12 1 1 11 100 12 1 1 10 12 1 1 10 100 12 1 1 1 10 12 1 10 12 1 1 10 12 1 1 1 1 1 3 1 3 1 3 1 3 1 3 1 3 1 3 1 3 1 3 1 3 1 3 1 3 1 3 1 3 1 3 1 3 1 3 1 3 1 3 1 3 1 3 1 3 1 3 1 3 1 3 1 3 1 3 1 3 1 3 1 3 1 3 1 3 1 3 1 3 1 3 1 3 1 3 1 3 1 3 1 1 1 1 1 3 1 1 1 1 1 1 3 1 1 1 1 1 1 1 1 1 1 1 1 1 1 1 1 1 1 1 1 1 1 1 1 1 1 1 1 1 1 1 1 1 1 1 1 1 1 1 1 1 1 1 1 1 1 1 1 1 1 1 1 1 1 1 1 1 1 1 1 1 1 1 1 1 1 1 1 1 1 1 1 1 1 1 1 1 1 1 1 1 1 1 1 1 1 1 1 1 1 1 1 1 1 1 1 1 1 1 1 1 1 1 1 1 1 1 1 1 1 1 1 1 1 1 1 1 1 1 1 1 1 1 1 1 1 1 1 1 1 1 1 1 1 1 1 1 1 1 1 1 1 1 1 1 1 1 1 1 1 1 1 1 1 1 1 1 1 1 1 1 1 1 1 1 1 1 1 1 1 1 1 1 1 1 1 1 1 1 1 1 1 1 1 1 1 1 1 1 1 1 1 1 1 1 1 1 1 1 100 1 100 1 1 1 1 1 1 1 1 1 1 1 1 1 1 1 1 1 1 1 1 1 1 1 1
ciInstanceKlass java/lang/reflect/RecordComponent 0 0 196 10 100 12 1 1 1 9 100 12 1 1 1 9 12 1 1 9 12 1 10 12 1 1 10 12 1 1 10 100 12 1 1 1 10 12 1 1 9 12 1 1 10 12 1 1 10 12 1 1 10 12 1 10 100 12 1 1 10 100 12 1 1 9 12 1 1 10 100 12 1 1 1 11 100 12 1 1 1 10 9 100 12 1 1 1 10 100 12 1 1 1 9 12 1 1 10 100 12 1 1 1 10 12 1 1 11 100 12 1 1 10 100 12 1 1 100 1 9 12 1 9 12 1 1 9 12 1 10 100 12 1 1 1 10 12 1 1 10 12 1 1 100 1 10 10 12 1 10 12 1 1 8 1 10 12 1 10 12 1 9 12 1 100 1 1 1 1 1 1 1 1 1 1 1 1 1 1 1 1 1 1 1 1 1 1 100 1 1 1 1 1 1 100 1 1
ciInstanceKlass java/util/Iterator 1 1 53 100 1 8 1 10 12 1 1 10 7 12 1 1 1 11 7 12 1 1 1 11 12 1 1 11 7 12 1 1 1 100 1 1 1 1 1 1 1 1 1 1 1 1 1 1 1 1 1 1 1 1 1
ciInstanceKlass java/lang/System 1 1 803 10 100 12 1 1 1 9 7 12 1 1 1 10 12 1 10 12 1 1 10 12 1 1 10 12 1 9 12 1 1 10 7 12 1 1 1 11 100 12 1 1 1 10 100 12 1 1 1 10 12 1 1 10 12 1 1 100 1 8 1 10 12 1 10 100 12 1 1 1 10 7 12 1 1 1 18 12 1 1 10 100 12 1 1 1 100 1 10 12 1 1 10 100 12 1 1 1 10 12 1 10 7 12 1 1 1 9 100 12 1 1 1 10 100 12 1 1 1 11 7 12 1 1 1 10 12 1 1 10 7 12 1 1 1 100 1 10 10 12 1 1 8 1 10 12 1 8 1 10 12 1 9 12 1 1 8 1 10 7 12 1 1 1 10 12 1 1 100 1 8 1 10 9 12 1 1 8 1 10 12 1 1 10 100 12 1 1 1 8 1 10 12 1 100 1 10 12 1 8 1 10 12 1 10 12 1 1 100 1 10 12 10 12 1 9 12 1 1 9 12 1 1 10 7 12 1 1 1 10 7 12 1 1 1 10 12 1 1 10 12 1 10 12 1 10 7 12 1 1 1 10 12 1 100 1 100 1 8 1 10 12 1 10 12 1 1 7 1 10 12 1 100 1 8 1 10 10 12 1 100 1 8 1 10 8 1 10 7 12 1 1 8 1 10 12 100 1 8 1 10 10 12 1 1 10 7 12 1 1 1 100 1 18 12 1 100 1 9 100 12 1 1 1 10 12 1 100 1 10 12 1 1 10 12 1 1 10 7 12 1 1 1 10 12 1 1 10 12 1 10 12 1 10 12 1 1 10 12 1 7 1 10 12 1 10 12 1 100 1 10 12 1 10 7 12 1 1 1 100 1 8 1 10 9 12 1 9 12 1 10 12 1 10 100 12 1 1 10 12 1 10 12 1 1 8 1 10 12 1 1 8 1 11 12 1 10 12 11 12 1 1 11 7 12 1 1 1 11 7 12 1 1 11 12 1 1 7 1 11 12 1 10 12 1 8 1 10 12 1 1 8 1 8 1 8 1 8 1 11 12 1 10 12 1 10 12 1 10 12 1 10 7 12 1 1 8 1 7 1 9 7 12 1 1 1 10 12 1 7 1 9 12 10 9 12 7 1 10 12 8 1 10 12 1 1 8 1 10 7 12 1 1 10 12 1 10 7 12 1 1 1 10 12 1 1 10 7 12 1 1 1 10 12 10 7 12 1 1 1 9 12 1 1 100 1 8 1 10 12 1 1 10 7 12 1 1 1 7 1 10 12 1 1 8 1 10 8 1 8 1 8 1 8 1 10 10 7 12 1 1 10 12 1 1 10 12 1 1 10 12 1 1 10 12 1 10 100 12 1 1 1 10 100 1 8 1 10 10 10 12 1 1 10 12 1 1 8 1 10 12 1 8 1 10 12 1 10 12 1 1 7 1 10 10 12 1 10 12 1 9 12 1 1 1 3 1 3 1 1 1 1 1 1 1 1 1 1 1 1 100 1 1 100 1 1 1 1 1 1 1 1 1 1 1 100 1 100 1 1 1 1 1 1 1 1 1 1 1 1 1 1 1 1 1 1 1 1 1 1 1 1 1 1 1 1 1 1 1 1 1 1 1 1 1 1 1 1 1 1 1 1 1 1 1 1 1 1 1 1 1 1 1 1 1 1 100 1 1 1 1 1 1 1 1 1 1 1 1 1 1 1 1 1 1 1 1 1 1 1 1 1 1 1 1 1 1 1 1 1 100 1 1 15 10 100 12 1 1 1 16 15 10 12 1 1 16 15 10 12 16 1 1 1 1 1 1 1 100 1 100 1 1
staticfield java/lang/System in Ljava/io/InputStream; java/io/BufferedInputStream
staticfield java/lang/System out Ljava/io/PrintStream; java/io/PrintStream
staticfield java/lang/System err Ljava/io/PrintStream; java/io/PrintStream
instanceKlass net/minecraftforge/eventbus/ClassLoaderFactory$ASMClassLoader
instanceKlass cpw/mods/cl/ModuleClassLoader
instanceKlass jdk/internal/reflect/DelegatingClassLoader
instanceKlass java/security/SecureClassLoader
ciInstanceKlass java/lang/ClassLoader 1 1 1098 9 7 12 1 1 1 10 7 12 1 1 1 9 12 1 1 10 7 12 1 1 1 7 1 10 12 1 1 10 12 1 1 9 12 1 1 10 12 1 1 100 1 10 12 1 10 12 1 1 10 7 12 1 1 1 100 1 8 1 10 12 1 10 7 12 1 1 1 10 100 12 1 10 7 1 10 7 1 7 1 7 1 10 12 1 10 12 1 9 12 1 1 10 10 7 12 1 1 1 9 12 1 1 9 12 1 9 12 1 1 9 12 1 9 12 1 1 9 12 1 1 7 1 10 12 1 9 12 1 1 10 12 1 1 10 7 12 1 1 1 9 12 1 9 12 1 1 9 12 1 10 12 1 1 9 12 10 12 1 1 7 1 10 8 1 10 12 1 1 10 12 1 10 7 1 7 1 10 12 1 1 10 7 12 1 1 1 8 1 10 12 1 10 12 1 10 12 1 1 10 12 1 1 10 12 1 1 10 12 1 1 10 12 1 1 10 12 1 7 1 10 12 1 10 7 12 1 1 1 10 12 1 1 10 12 1 10 12 1 10 12 1 10 12 1 10 12 1 1 10 10 12 1 10 12 1 10 100 12 1 1 10 12 1 1 10 12 1 1 10 12 1 100 1 10 12 1 100 1 10 12 1 10 100 12 1 1 1 10 10 12 1 1 10 12 1 1 100 1 8 1 10 8 1 10 12 1 10 12 1 100 1 8 1 10 12 1 1 10 12 1 1 10 10 12 1 1 10 12 1 1 10 12 1 1 10 7 1 10 12 1 1 10 12 1 1 10 12 1 1 10 12 1 1 10 12 1 1 10 12 1 1 10 12 1 10 7 12 1 1 1 10 12 1 10 12 1 10 12 1 1 10 12 1 10 12 1 10 12 1 10 12 1 1 10 12 1 10 12 1 1 8 1 9 12 1 10 12 1 1 8 1 8 1 10 7 12 1 1 100 1 10 10 12 10 12 1 10 12 1 10 12 1 10 12 1 1 10 7 12 1 1 10 12 1 10 7 1 7 1 10 12 1 1 10 12 1 10 7 1 10 12 1 100 1 18 12 1 10 100 12 1 1 1 10 100 12 1 1 1 10 7 12 1 1 10 12 1 1 10 12 1 10 12 1 1 100 1 10 12 1 10 12 1 1 10 7 12 1 1 10 12 1 8 1 100 1 10 10 12 1 9 12 1 10 7 12 1 1 10 12 1 100 1 8 1 10 12 1 10 8 1 8 1 10 12 1 1 10 12 1 1 10 12 1 1 10 100 12 1 1 1 100 1 100 1 10 12 1 1 100 1 100 1 10 100 12 1 1 10 12 1 10 12 1 1 10 12 1 10 12 1 1 10 12 1 1 9 100 12 1 1 1 10 12 1 1 10 12 1 10 12 1 10 12 1 1 10 12 1 8 1 10 12 1 7 1 18 12 1 1 10 12 1 1 10 12 1 10 12 1 10 12 1 8 1 10 12 1 10 12 1 18 12 1 11 100 12 1 1 1 100 1 10 12 1 1 10 12 1 10 11 12 1 1 10 18 10 12 1 1 11 100 12 1 18 12 1 11 12 1 1 10 12 10 12 1 1 10 12 1 1 100 1 8 1 10 10 12 1 8 1 8 1 10 100 12 1 1 10 12 1 100 1 10 10 12 1 8 1 8 1 8 1 10 12 1 10 12 1 1 10 12 1 10 100 12 1 1 1 11 100 12 1 1 100 1 10 11 10 12 1 10 12 1 10 12 1 1 9 100 12 1 1 9 12 1 1 9 12 9 12 1 9 12 1 9 12 1 8 10 12 1 1 10 7 12 1 1 1 10 12 1 1 10 12 1 1 10 12 1 10 10 12 1 11 12 1 1 10 100 12 1 1 1 100 1 10 12 1 10 12 1 10 12 1 1 1 1 1 1 1 1 1 1 1 1 1 1 1 1 1 1 1 1 1 1 1 1 1 1 1 1 100 1 1 1 1 1 1 1 1 1 1 1 1 1 1 1 1 1 1 1 1 1 100 1 1 1 1 1 1 1 1 1 1 100 1 1 1 1 1 1 1 1 1 1 1 1 1 1 1 1 1 1 1 1 1 1 1 1 1 1 1 1 1 1 1 1 1 1 1 1 1 1 1 1 1 100 1 1 1 1 1 1 1 1 1 1 1 1 1 1 1 1 1 1 100 1 1 1 1 1 1 1 1 1 1 1 1 1 1 1 1 1 1 1 1 1 1 1 1 1 1 1 1 1 1 1 1 1 1 1 1 1 1 1 1 1 1 1 1 1 1 1 1 1 1 1 100 1 1 1 1 1 1 1 1 1 1 1 1 1 1 1 1 1 1 1 1 1 1 1 1 1 1 1 1 1 1 1 1 1 1 1 1 1 1 1 1 1 1 1 1 1 1 15 10 100 12 1 1 1 16 1 15 10 12 16 1 16 15 10 12 16 1 16 1 15 10 12 16 15 10 12 16 15 10 12 16 1 1 100 1 100 1 1
staticfield java/lang/ClassLoader nocerts [Ljava/security/cert/Certificate; 0 [Ljava/security/cert/Certificate;
staticfield java/lang/ClassLoader $assertionsDisabled Z 1
ciInstanceKlass jdk/internal/reflect/DelegatingClassLoader 1 1 18 10 7 12 1 1 1 100 1 1 1 1 1 1 1 1 1 1
instanceKlass java/net/URLClassLoader
instanceKlass org/openjdk/nashorn/internal/runtime/NashornLoader
instanceKlass jdk/internal/loader/BuiltinClassLoader
ciInstanceKlass java/security/SecureClassLoader 1 1 102 10 7 12 1 1 1 7 1 10 12 1 9 7 12 1 1 1 10 12 1 10 12 1 10 12 1 1 10 12 1 1 10 12 1 7 1 10 7 1 10 12 1 7 1 10 12 1 11 7 12 1 1 1 7 1 11 12 1 10 12 1 1 1 1 1 1 1 1 1 1 1 1 1 1 1 1 1 1 1 1 1 1 1 1 1 1 1 1 1 1 1 1 1 1 1 1 100 1 1 1 1
instanceKlass jdk/internal/loader/ClassLoaders$BootClassLoader
instanceKlass jdk/internal/loader/ClassLoaders$PlatformClassLoader
instanceKlass jdk/internal/loader/ClassLoaders$AppClassLoader
ciInstanceKlass jdk/internal/loader/BuiltinClassLoader 1 1 737 9 7 12 1 1 1 10 7 12 1 1 1 10 7 12 1 1 1 9 12 1 1 9 12 1 1 7 1 10 12 1 9 12 1 10 12 1 9 12 1 10 7 12 1 1 1 10 7 12 1 1 1 10 7 12 1 1 1 11 7 12 1 1 1 100 1 100 1 10 10 12 1 1 8 1 10 12 1 10 12 7 1 10 12 1 10 12 1 1 11 7 12 1 1 1 11 7 12 1 1 1 11 12 1 1 7 1 8 1 8 1 10 9 12 1 1 10 7 12 1 1 11 12 1 1 10 12 1 1 10 12 1 1 10 12 1 1 10 7 12 1 1 1 10 12 1 10 7 12 1 1 1 10 12 1 1 11 7 12 1 1 1 10 7 12 1 1 7 1 10 7 12 1 1 1 10 12 1 100 1 8 1 10 12 1 1 10 8 1 10 12 1 1 10 12 1 1 10 12 1 1 11 7 12 1 1 11 12 1 7 1 10 11 12 1 1 11 10 12 1 1 7 1 10 12 1 10 7 12 1 10 12 1 7 1 10 12 1 10 7 12 1 1 1 100 1 10 12 1 1 11 12 1 100 1 100 1 10 12 1 10 12 1 1 100 1 100 1 10 12 1 10 12 1 18 12 1 1 10 12 1 10 12 1 1 18 100 1 10 7 12 1 1 1 7 1 10 10 12 1 1 10 12 1 1 10 12 1 1 10 12 1 9 12 1 1 100 1 10 10 12 1 1 10 12 1 1 10 12 1 10 12 10 12 1 1 10 12 1 1 10 12 1 1 10 12 1 10 12 1 1 18 12 1 7 1 10 12 1 1 10 12 1 10 12 1 1 10 12 1 100 1 10 12 1 7 1 10 12 1 10 100 12 1 1 1 10 12 1 11 12 1 7 1 10 12 1 7 1 100 1 10 12 1 10 12 1 11 12 1 1 10 12 1 1 10 12 1 1 10 12 1 1 10 12 1 1 10 12 1 10 12 1 10 12 1 10 12 1 8 1 10 12 1 1 10 100 12 1 1 10 12 1 100 1 8 1 8 1 10 10 12 1 8 1 8 1 10 100 12 1 1 1 11 100 12 1 1 1 9 100 12 1 1 1 10 100 12 1 1 1 9 12 1 9 12 1 9 12 1 9 12 1 9 12 1 9 12 1 10 100 12 1 1 1 8 1 10 12 1 7 1 10 12 1 1 10 12 1 7 1 10 11 12 1 1 10 12 10 12 1 10 12 1 100 1 10 12 1 10 12 1 10 10 12 1 10 7 12 1 1 8 1 10 7 12 1 1 10 12 1 1 1 1 1 1 1 1 1 1 1 1 1 1 1 1 1 1 1 1 1 1 1 1 1 1 1 1 1 1 1 1 1 1 1 1 1 1 1 1 1 1 1 1 1 1 1 1 1 1 1 1 1 1 1 1 100 1 1 1 1 1 1 1 1 1 1 1 1 1 1 1 1 1 1 100 1 100 1 1 1 1 1 1 1 1 1 1 1 1 1 1 1 1 1 1 1 1 1 1 1 1 1 1 1 1 1 1 1 1 1 1 1 1 1 1 1 1 1 1 1 1 1 1 1 1 1 1 1 100 1 1 15 10 100 12 1 1 1 16 15 10 12 16 15 10 12 16 15 10 12 16 1 1 1 100 1 1 1 1 1 100 1 100 1 1
staticfield jdk/internal/loader/BuiltinClassLoader packageToModule Ljava/util/Map; java/util/concurrent/ConcurrentHashMap
staticfield jdk/internal/loader/BuiltinClassLoader $assertionsDisabled Z 1
ciInstanceKlass java/security/AccessController 1 1 295 10 100 12 1 1 1 10 7 12 1 1 1 10 7 12 1 1 1 10 12 1 1 10 12 1 1 10 7 12 1 1 1 10 12 1 1 10 12 1 10 12 1 1 10 12 1 100 1 8 1 10 12 1 10 12 1 10 12 1 1 10 12 1 7 1 7 1 10 12 1 1 10 12 1 10 12 1 10 12 1 1 10 7 12 1 1 1 10 12 1 1 9 100 12 1 1 1 10 100 12 1 1 1 10 12 1 10 12 1 9 100 12 1 1 1 10 12 1 10 12 1 1 9 12 1 1 10 100 1 10 11 7 12 1 1 1 10 7 12 1 1 11 7 1 7 1 10 12 1 10 12 1 10 12 1 8 1 10 12 1 1 8 1 10 100 12 1 1 1 8 1 100 1 10 10 12 1 1 10 12 1 10 7 12 1 1 1 10 12 1 8 1 10 100 12 1 1 8 1 8 1 10 12 1 8 1 10 12 1 10 12 1 1 10 12 1 1 1 1 1 1 1 1 1 1 1 1 1 1 1 1 1 1 1 1 1 1 1 1 1 1 1 1 100 1 1 1 1 1 1 1 1 1 1 1 1 1 1 1 1 1 1 1 1 1 1 1 1 1 1 1 1 1 1 1 1 1 1 100 1 100 1 1 1 1 1 1 1 1 1 3 1 1 1
staticfield java/security/AccessController $assertionsDisabled Z 1
instanceKlass jdk/internal/reflect/GeneratedConstructorAccessor16
instanceKlass jdk/internal/reflect/GeneratedConstructorAccessor15
instanceKlass jdk/internal/reflect/GeneratedConstructorAccessor14
instanceKlass jdk/internal/reflect/GeneratedConstructorAccessor13
instanceKlass jdk/internal/reflect/GeneratedConstructorAccessor12
instanceKlass jdk/internal/reflect/GeneratedConstructorAccessor11
instanceKlass jdk/internal/reflect/GeneratedConstructorAccessor10
instanceKlass jdk/internal/reflect/GeneratedConstructorAccessor9
instanceKlass jdk/internal/reflect/GeneratedConstructorAccessor8
instanceKlass jdk/internal/reflect/GeneratedConstructorAccessor7
instanceKlass jdk/internal/reflect/GeneratedConstructorAccessor6
instanceKlass jdk/internal/reflect/GeneratedConstructorAccessor5
instanceKlass jdk/internal/reflect/GeneratedConstructorAccessor4
instanceKlass jdk/internal/reflect/GeneratedConstructorAccessor3
instanceKlass jdk/internal/reflect/GeneratedConstructorAccessor2
instanceKlass jdk/internal/reflect/BootstrapConstructorAccessorImpl
instanceKlass jdk/internal/reflect/GeneratedConstructorAccessor1
instanceKlass jdk/internal/reflect/DelegatingConstructorAccessorImpl
instanceKlass jdk/internal/reflect/NativeConstructorAccessorImpl
ciInstanceKlass jdk/internal/reflect/ConstructorAccessorImpl 1 1 27 10 7 12 1 1 1 100 1 100 1 1 1 1 1 1 1 1 1 100 1 100 1 100 1 1 1
instanceKlass jdk/internal/reflect/FieldAccessorImpl
instanceKlass jdk/internal/reflect/ConstructorAccessorImpl
instanceKlass jdk/internal/reflect/MethodAccessorImpl
ciInstanceKlass jdk/internal/reflect/MagicAccessorImpl 1 1 16 10 7 12 1 1 1 100 1 1 1 1 1 1 1 1
instanceKlass jdk/internal/reflect/GeneratedMethodAccessor8
instanceKlass jdk/internal/reflect/GeneratedMethodAccessor7
instanceKlass jdk/internal/reflect/GeneratedMethodAccessor6
instanceKlass jdk/internal/reflect/GeneratedMethodAccessor5
instanceKlass jdk/internal/reflect/GeneratedMethodAccessor4
instanceKlass jdk/internal/reflect/GeneratedMethodAccessor3
instanceKlass jdk/internal/reflect/GeneratedMethodAccessor2
instanceKlass jdk/internal/reflect/GeneratedMethodAccessor1
instanceKlass jdk/internal/reflect/DelegatingMethodAccessorImpl
instanceKlass jdk/internal/reflect/NativeMethodAccessorImpl
ciInstanceKlass jdk/internal/reflect/MethodAccessorImpl 1 1 25 10 7 12 1 1 1 100 1 100 1 1 1 1 1 1 1 1 1 100 1 100 1 1 1
ciInstanceKlass java/lang/Module 1 1 959 10 7 12 1 1 1 9 7 12 1 1 1 10 7 12 1 1 1 9 12 1 9 12 1 1 9 12 1 1 10 12 1 1 10 12 1 10 12 1 1 10 7 12 1 1 1 7 1 10 7 12 1 1 1 10 12 1 1 11 7 12 1 1 1 10 12 1 1 10 7 12 1 1 1 10 12 1 1 10 7 12 1 1 1 9 100 12 1 1 1 10 100 12 1 1 1 10 12 1 8 1 10 7 12 1 1 1 10 7 12 1 1 1 9 12 1 1 9 12 1 1 10 12 1 9 12 1 1 11 12 1 9 7 12 1 1 10 7 12 1 1 1 10 7 12 1 1 1 10 12 1 1 100 1 100 1 10 10 12 1 1 8 1 10 12 1 10 12 10 12 1 10 12 1 1 10 12 1 1 10 12 1 1 9 7 12 1 1 1 10 12 1 1 10 12 1 1 9 12 1 10 12 1 10 12 1 9 12 1 1 11 7 12 1 1 10 12 1 1 9 12 1 9 12 1 10 12 1 10 12 1 100 1 8 1 10 10 12 1 1 10 12 1 8 1 10 12 1 1 8 1 8 1 10 12 1 1 10 12 1 10 12 1 1 18 12 1 1 10 12 1 1 11 12 1 9 12 1 11 12 10 100 12 1 1 100 1 8 1 10 7 1 11 12 1 1 10 12 1 10 12 1 10 12 1 1 11 12 1 1 11 7 12 1 1 11 12 1 1 9 12 1 11 12 1 10 12 1 1 10 12 1 1 9 12 1 10 12 10 7 12 1 1 10 7 12 1 1 10 7 1 18 12 1 1 11 7 12 1 1 1 18 12 1 11 12 1 1 10 100 12 1 1 1 11 12 1 1 10 7 12 1 1 4 7 1 11 12 1 7 1 7 1 10 10 7 12 1 1 1 10 11 7 12 1 8 1 10 10 12 1 1 10 7 12 1 1 10 12 1 10 12 1 7 1 10 12 1 10 11 12 1 1 10 12 10 12 1 1 9 12 1 100 1 10 10 12 1 1 11 7 1 10 12 1 1 11 12 1 10 10 12 1 11 10 12 1 1 10 12 1 1 10 12 1 1 10 7 12 1 1 10 12 1 10 12 1 1 10 10 12 1 1 10 12 1 18 12 1 11 12 1 18 12 1 10 12 1 10 12 1 10 12 7 1 10 12 1 10 12 1 10 12 1 9 12 1 7 1 10 10 10 10 12 1 10 12 1 10 12 1 10 12 1 1 10 12 1 1 10 12 1 9 12 1 18 12 1 1 10 100 12 1 1 1 100 1 8 1 10 12 1 1 10 12 1 1 10 100 12 1 1 100 1 10 12 1 1 100 1 8 1 100 1 10 100 1 100 1 3 10 12 1 100 1 10 12 1 10 12 1 1 10 12 1 1 100 1 10 12 1 10 12 1 1 100 1 100 1 10 12 8 1 10 12 1 1 10 12 1 1 10 7 12 1 1 10 12 1 1 10 12 1 10 12 10 12 1 1 7 1 10 10 12 1 1 10 7 12 1 1 1 100 1 8 1 10 12 1 1 10 100 12 1 1 8 1 10 12 1 8 1 10 12 1 10 12 10 12 1 8 1 10 10 100 12 1 1 7 1 10 10 12 1 10 7 12 1 1 9 12 1 9 12 1 9 12 1 9 12 1 10 12 11 12 1 10 12 1 100 1 1 1 1 1 1 1 1 1 1 1 1 1 1 1 1 100 1 1 1 1 1 1 1 1 1 1 1 1 1 1 1 1 1 1 1 1 1 1 1 1 1 1 1 1 1 1 1 1 1 1 1 1 1 1 1 1 1 1 1 1 1 1 1 1 1 1 1 1 1 1 1 1 1 1 1 1 1 1 1 1 1 1 1 1 1 1 1 1 1 1 1 1 1 1 1 1 1 1 1 100 100 1 1 1 1 1 1 1 1 1 1 1 1 1 1 1 1 1 1 1 1 1 1 1 1 1 1 1 1 1 1 1 1 1 1 100 1 100 1 100 1 1 1 1 1 1 1 1 1 1 1 1 1 1 1 1 1 1 1 1 1 1 1 1 1 1 1 1 15 10 7 12 1 1 1 16 15 10 12 16 16 15 10 12 16 16 15 10 16 1 15 10 12 16 1 15 10 12 16 1 16 15 10 12 16 1 1 1 1 1 1 1 100 1 100 1 1
staticfield java/lang/Module ALL_UNNAMED_MODULE Ljava/lang/Module; java/lang/Module
staticfield java/lang/Module ALL_UNNAMED_MODULE_SET Ljava/util/Set; java/util/ImmutableCollections$Set12
staticfield java/lang/Module EVERYONE_MODULE Ljava/lang/Module; java/lang/Module
staticfield java/lang/Module EVERYONE_SET Ljava/util/Set; java/util/ImmutableCollections$Set12
staticfield java/lang/Module $assertionsDisabled Z 1
instanceKlass org/spongepowered/asm/mixin/transformer/MixinCoprocessors
instanceKlass org/apache/maven/artifact/versioning/ComparableVersion$ListItem
ciInstanceKlass java/util/ArrayList 1 1 492 10 7 12 1 1 1 7 1 9 7 12 1 1 1 9 12 1 100 1 100 1 10 8 1 10 12 1 1 10 12 1 10 12 1 1 10 12 1 9 12 1 11 7 12 1 1 1 9 12 1 1 10 12 1 1 7 10 7 12 1 1 1 9 12 1 10 12 1 10 12 1 1 10 7 12 1 1 1 10 7 12 1 1 1 10 12 1 1 10 12 1 1 10 12 1 1 10 12 1 10 12 1 1 100 1 100 1 10 12 1 10 7 12 1 1 1 10 7 12 1 1 10 12 1 10 12 10 12 1 1 10 12 1 1 10 12 1 1 7 1 10 12 1 1 10 12 1 1 10 12 1 100 1 10 11 12 1 1 11 100 12 1 1 1 11 12 1 10 12 1 10 12 1 10 12 1 1 100 1 10 12 1 1 10 10 12 1 1 10 12 1 8 1 8 1 8 1 8 1 10 12 1 1 10 12 1 1 11 12 1 100 1 10 100 12 1 1 10 12 1 10 12 1 1 10 100 12 1 1 10 12 1 10 100 12 1 1 1 11 100 12 1 1 1 10 12 1 100 1 8 1 10 7 1 10 12 1 7 1 10 12 1 10 12 1 1 7 1 10 12 1 10 12 1 1 11 7 12 1 1 7 1 10 12 1 10 12 1 1 11 100 12 1 1 10 12 1 1 10 12 1 1 10 12 1 1 10 12 1 1 11 100 12 1 1 10 12 1 1 100 1 100 1 100 1 1 1 1 5 0 1 3 1 1 1 1 1 1 1 1 1 1 1 1 1 1 1 1 1 1 1 1 1 1 1 1 1 1 1 1 1 1 1 1 1 1 1 1 1 1 1 1 1 1 1 1 1 1 1 1 1 1 1 1 1 1 1 1 1 1 1 1 1 1 1 1 1 1 1 1 1 1 1 1 1 1 1 1 1 1 1 1 1 1 1 1 1 1 1 1 1 1 1 1 1 1 1 1 100 1 1 1 1 100 1 1 1 1 1 1 1 1 1 1 1 1 1 1 1 1 1 1 1 1 1 1 1 1 1 1 1 1 1 100 1 1 1 1 1 1 1 1 1 1 1 1 1 1 1 1 1 1 100 1 100 1 1 1 1 1 1
staticfield java/util/ArrayList EMPTY_ELEMENTDATA [Ljava/lang/Object; 0 [Ljava/lang/Object;
staticfield java/util/ArrayList DEFAULTCAPACITY_EMPTY_ELEMENTDATA [Ljava/lang/Object; 0 [Ljava/lang/Object;
ciInstanceKlass java/util/concurrent/ConcurrentHashMap 1 1 1210 7 1 7 1 3 10 12 1 1 3 100 1 10 7 12 1 1 1 100 1 10 100 12 1 1 1 100 1 11 12 1 1 11 12 1 11 12 1 1 9 12 1 1 9 12 1 1 9 12 1 10 7 12 1 1 1 7 1 10 12 1 1 10 12 1 1 10 7 12 1 1 1 4 10 12 1 9 12 1 10 12 1 1 100 1 10 5 0 10 12 1 10 12 1 1 5 0 10 12 1 1 10 12 1 9 12 1 1 10 12 1 1 9 12 1 9 12 1 1 10 12 1 1 9 12 1 10 12 1 1 9 12 1 1 10 12 1 1 100 1 10 100 1 10 12 1 10 12 1 1 10 12 1 1 10 12 1 1 10 12 1 10 12 1 1 10 12 1 1 100 1 10 12 1 1 7 1 100 1 8 1 10 12 1 10 12 1 1 10 12 1 1 11 7 12 1 1 10 12 1 1 11 12 1 1 11 7 12 1 1 1 11 7 12 1 1 1 11 12 1 7 1 11 12 1 11 12 1 10 12 1 1 10 12 1 1 9 12 1 1 10 100 12 1 1 1 9 10 12 1 1 9 12 1 10 12 1 1 5 0 9 12 1 1 7 1 10 12 1 9 12 1 1 7 1 10 12 1 9 12 1 7 1 10 100 1 10 10 12 1 1 8 1 10 12 1 10 12 1 1 11 100 1 10 12 1 10 100 12 1 1 1 8 1 10 100 12 1 1 1 8 1 10 12 1 8 1 10 12 1 10 12 1 1 10 100 12 1 1 10 12 1 10 12 1 10 12 1 9 12 1 9 10 12 1 9 12 1 1 11 100 12 1 1 1 11 7 12 1 1 1 100 1 10 12 11 100 12 1 1 10 11 7 12 1 10 12 1 100 1 10 12 1 100 1 10 10 9 7 12 1 1 1 10 12 3 10 100 12 1 1 9 12 1 10 12 1 1 9 12 1 1 9 12 1 10 12 1 1 10 100 12 1 1 9 12 1 9 7 12 1 1 10 12 1 1 10 12 1 3 9 12 1 9 12 1 10 12 1 1 7 1 9 3 9 12 1 100 1 10 12 1 9 12 1 10 12 1 9 12 1 10 12 1 9 12 1 10 100 12 1 1 1 100 10 12 1 100 1 5 0 10 100 12 1 1 100 1 10 12 1 1 10 12 1 10 12 1 100 1 10 12 1 10 100 1 100 1 10 10 12 1 10 100 1 10 12 1 10 100 1 10 12 1 10 100 1 10 12 1 1 100 1 10 12 1 10 10 12 1 100 1 10 12 1 10 10 12 1 100 1 10 12 1 10 100 1 10 12 1 10 100 1 10 12 1 10 100 1 10 12 1 10 100 1 10 12 1 10 100 1 10 12 1 10 100 1 10 12 1 10 100 1 10 12 1 10 100 1 10 10 100 1 10 10 100 1 10 10 100 1 10 12 1 10 100 1 10 12 1 10 100 1 10 12 1 10 100 1 10 12 1 10 100 1 10 12 1 10 100 1 10 10 100 1 10 10 100 1 10 10 100 1 10 12 1 10 100 1 10 12 1 10 100 1 10 12 1 10 100 1 10 12 1 10 100 1 10 12 1 10 10 12 1 10 7 12 1 1 1 10 12 1 7 1 7 1 10 12 1 9 12 1 1 9 12 1 1 10 12 1 1 8 10 12 1 1 8 8 8 8 7 10 12 1 1 10 12 1 100 1 8 1 10 7 1 100 1 100 1 1 1 5 0 1 1 3 1 3 1 1 1 1 3 1 3 1 3 1 1 1 1 1 3 1 3 1 3 1 1 1 1 1 1 1 1 1 1 1 1 1 1 1 1 1 1 1 1 1 1 1 1 1 100 1 1 1 1 1 1 1 1 1 1 1 1 1 1 1 1 1 1 1 1 1 1 1 1 1 1 1 1 1 1 1 1 1 1 1 1 1 1 1 1 1 1 1 1 1 1 1 1 1 1 1 1 1 1 1 1 1 1 1 1 1 1 1 1 1 1 1 1 1 1 1 1 1 1 1 1 1 1 1 1 1 1 1 1 100 1 1 1 1 1 1 1 1 1 1 1 100 1 1 1 1 1 1 1 1 1 1 1 1 1 1 1 1 1 1 1 1 1 1 1 1 1 1 1 1 1 1 1 1 1 1 1 1 1 1 1 1 1 1 1 1 1 1 1 1 1 1 1 1 1 1 1 1 1 1 1 1 1 1 1 1 1 1 1 1 1 1 1 1 1 1 1 1 1 1 1 1 1 1 1 1 1 1 1 1 1 1 1 1 1 1 1 1 1 1 1 1 1 1 1 1 1 1 1 1 1 1 1 1 1 1 1 1 1 1 1 1 1 1 1 1 1 1 1 1 1 1 1 1 1 1 1 1 1 1 1 1 1 1 1 1 1 1 1 1 1 1 1 1 1 1 1 1 1 1 1 1 1 1 1 1 1 1 1 1 1 1 1 1 1 1 1 1 1 1 1 1 1 1 1 1 1 1 1 1 1 1 1 1 1 1 1 1 1 1 1 1 1 1 1 1 1 1 1 1 1 1 1 1 1 1 1 1 1 1 1 1 1 1 1 100 1 100 1 100 1 100 1 100 1 100 1 100 1 100 1 100 1 1 1 1 1 1 1 1 1 1 1 1 1 1 1 1 1 1 1 1 1 1 1 1 1 1 1 1 1 1 1 1 1 1 1 1 1 1 1 1 1 1 1 1 1 1 1 1 1 1 1 1 1 1 1 1 1 1
staticfield java/util/concurrent/ConcurrentHashMap NCPU I 12
staticfield java/util/concurrent/ConcurrentHashMap serialPersistentFields [Ljava/io/ObjectStreamField; 3 [Ljava/io/ObjectStreamField;
staticfield java/util/concurrent/ConcurrentHashMap U Ljdk/internal/misc/Unsafe; jdk/internal/misc/Unsafe
staticfield java/util/concurrent/ConcurrentHashMap SIZECTL J 20
staticfield java/util/concurrent/ConcurrentHashMap TRANSFERINDEX J 32
staticfield java/util/concurrent/ConcurrentHashMap BASECOUNT J 24
staticfield java/util/concurrent/ConcurrentHashMap CELLSBUSY J 36
staticfield java/util/concurrent/ConcurrentHashMap CELLVALUE J 144
staticfield java/util/concurrent/ConcurrentHashMap ABASE I 16
staticfield java/util/concurrent/ConcurrentHashMap ASHIFT I 2
ciInstanceKlass java/lang/String 1 1 1396 10 7 12 1 1 1 8 1 9 7 12 1 1 1 9 12 1 1 9 12 1 1 10 12 1 10 12 1 1 10 12 1 1 9 12 1 1 10 7 12 1 1 1 10 7 1 10 7 12 1 1 1 10 12 1 1 10 12 1 1 10 12 1 10 12 1 1 10 12 1 10 7 12 1 1 1 9 7 12 1 1 1 10 7 12 1 1 1 10 12 1 1 10 12 1 1 10 12 1 1 10 12 1 1 10 12 1 1 9 7 12 1 1 10 12 9 7 12 1 1 3 10 7 12 1 1 1 7 1 11 12 1 1 11 12 1 11 12 1 1 10 100 12 1 1 1 10 12 1 1 9 100 12 1 1 1 10 12 1 1 10 12 1 11 12 1 1 10 12 1 1 10 12 10 12 1 1 10 100 12 1 1 1 10 7 12 1 1 1 10 12 1 1 100 1 100 1 10 12 1 10 12 1 10 12 1 1 100 1 10 12 1 1 100 1 10 12 1 1 10 12 1 1 10 10 12 1 100 1 100 1 7 1 10 12 1 10 12 1 1 10 12 1 1 10 12 1 10 12 1 1 10 12 1 1 10 7 12 1 1 7 1 11 11 12 1 11 12 1 10 12 1 1 10 12 1 10 12 10 12 1 1 10 10 100 12 1 1 1 10 100 12 1 1 10 12 1 1 10 100 12 1 1 10 12 1 10 12 1 1 10 12 1 1 10 12 1 10 12 1 10 12 1 1 100 1 10 12 1 1 10 12 10 12 1 10 12 1 1 10 100 12 1 1 1 10 12 1 10 12 1 1 10 12 1 10 12 1 3 3 10 12 1 10 12 1 1 10 12 1 1 10 12 1 1 10 12 1 10 12 1 1 10 12 1 1 10 12 1 10 12 1 10 12 1 10 12 1 1 10 12 1 10 12 1 10 12 1 10 12 1 10 12 1 10 12 1 10 100 1 10 8 1 10 12 1 1 10 12 1 8 1 10 12 1 1 10 12 10 12 1 8 1 10 10 12 1 1 10 12 1 1 10 12 1 10 12 1 1 10 12 10 100 1 10 10 12 1 10 12 1 10 12 1 10 10 12 1 10 12 1 1 10 12 1 100 1 10 10 12 1 100 1 10 10 12 1 10 12 1 1 10 12 1 10 12 1 1 10 10 12 1 1 10 100 1 10 10 12 1 10 12 1 1 10 12 1 1 10 100 1 10 12 1 10 12 1 10 12 1 10 12 1 1 10 12 1 11 7 1 11 12 10 12 1 10 12 1 1 10 12 1 1 10 10 12 1 10 12 1 9 12 1 1 11 7 12 1 1 1 10 10 12 1 10 12 1 1 10 10 12 1 10 12 1 10 12 1 1 9 12 1 10 12 1 1 10 10 12 1 1 10 12 10 10 12 1 10 12 10 10 12 10 10 12 1 10 12 1 10 12 10 10 12 10 12 1 10 12 10 12 10 10 12 1 10 12 1 1 10 12 1 10 10 12 1 10 7 12 1 1 1 10 12 1 1 10 10 7 12 1 1 1 11 10 12 1 10 12 1 1 10 12 1 1 10 7 12 1 1 1 10 12 1 10 10 12 1 10 12 1 10 12 1 10 7 12 1 1 10 12 1 100 1 100 1 8 1 10 10 10 12 1 8 1 10 12 1 3 3 7 1 10 10 12 1 10 12 1 10 12 1 1 10 12 1 1 11 7 12 1 1 1 7 1 10 12 1 1 10 12 1 10 12 1 1 10 12 1 1 8 1 10 12 1 1 10 12 1 11 7 12 1 1 1 11 7 12 1 1 11 12 1 1 10 12 1 10 12 1 1 10 10 7 12 1 1 1 10 12 1 10 12 1 10 10 12 10 12 1 1 10 10 12 1 10 10 12 1 10 10 12 1 10 10 12 1 10 12 1 1 10 10 12 1 8 1 10 12 1 1 18 12 1 1 11 7 12 1 1 1 7 1 3 18 12 1 18 12 1 8 1 10 7 12 1 1 1 11 12 1 1 10 12 10 10 12 1 10 11 12 1 1 10 12 1 1 11 12 1 18 3 11 10 12 1 11 11 10 12 1 10 12 1 1 8 1 10 12 1 10 12 1 10 12 1 1 10 10 12 1 11 100 12 1 7 1 100 1 10 12 1 7 1 10 10 7 12 1 1 1 100 1 10 7 1 10 10 12 1 10 10 12 1 8 1 10 10 12 1 8 1 8 1 10 12 1 10 12 1 10 10 12 10 100 12 1 1 10 100 12 1 1 10 100 12 1 1 8 1 10 12 1 10 12 1 1 10 10 12 8 1 8 1 10 8 1 8 1 8 1 8 1 10 12 1 10 12 1 8 1 10 100 12 1 1 1 10 12 10 12 1 1 10 12 10 10 12 10 12 7 1 9 12 1 1 7 1 10 100 1 100 1 100 1 100 1 1 1 1 1 1 5 0 1 1 1 1 1 3 1 3 1 1 1 1 1 1 1 1 1 1 1 1 1 1 1 100 1 1 1 100 1 1 1 1 1 1 1 1 1 1 1 1 1 1 1 1 1 1 1 1 1 1 1 1 1 1 1 100 1 1 1 1 1 1 1 1 1 100 1 1 1 1 1 1 1 1 1 1 1 1 1 1 1 1 1 1 1 1 1 1 1 1 1 1 1 1 1 1 1 1 1 1 1 1 1 1 1 1 1 1 1 1 1 1 1 1 1 1 1 1 1 1 1 1 1 1 1 1 1 1 1 1 1 1 1 1 1 1 1 1 1 1 1 1 1 1 1 1 1 1 1 1 1 1 1 1 1 1 1 1 1 1 1 1 1 1 1 1 1 1 1 1 1 1 1 1 1 1 1 1 1 1 1 1 1 1 1 1 1 1 1 1 1 1 1 1 1 1 1 1 1 1 1 1 1 1 1 1 1 1 1 1 1 1 1 1 1 1 1 1 1 1 1 1 1 1 1 1 1 1 1 1 1 1 1 1 1 100 1 1 1 1 1 1 1 1 1 1 1 1 1 1 1 1 1 1 1 1 1 1 1 1 100 1 1 1 1 1 1 1 1 1 1 1 1 1 7 1 1 1 1 1 1 1 1 1 1 1 1 1 1 1 15 10 7 12 1 1 1 16 15 10 12 16 15 10 12 15 10 12 15 10 12 1 1 1 1 100 1 100 1 1 1
staticfield java/lang/String COMPACT_STRINGS Z 1
staticfield java/lang/String serialPersistentFields [Ljava/io/ObjectStreamField; 0 [Ljava/io/ObjectStreamField;
staticfield java/lang/String CASE_INSENSITIVE_ORDER Ljava/util/Comparator; java/lang/String$CaseInsensitiveComparator
ciInstanceKlass java/security/ProtectionDomain 1 1 324 10 7 12 1 1 1 9 7 12 1 1 1 7 1 10 9 12 1 1 9 12 1 1 9 12 1 1 10 7 12 1 1 7 1 9 12 1 9 12 1 1 7 1 9 12 1 1 9 12 1 10 100 12 1 1 10 100 12 1 1 1 10 12 1 1 10 12 1 9 12 1 9 100 12 1 1 10 12 1 1 10 100 1 10 12 1 1 8 1 100 1 8 1 10 12 1 10 10 100 12 1 1 1 10 12 1 1 8 1 11 8 1 10 12 1 8 1 8 1 10 12 1 1 10 12 1 10 12 1 1 10 12 1 8 1 10 12 1 8 1 8 1 10 100 12 1 1 1 9 100 12 1 1 1 10 12 1 1 9 100 12 1 1 1 10 100 12 1 1 1 100 1 100 1 10 12 1 10 100 12 1 1 1 10 100 1 10 12 1 10 12 1 1 11 100 12 1 1 11 12 1 100 1 11 100 12 1 1 1 10 12 1 10 11 12 1 1 11 12 1 1 10 12 1 10 7 12 1 1 10 100 12 1 1 11 12 1 10 12 8 1 8 1 10 7 12 1 1 1 7 1 10 10 7 12 1 1 1 1 1 1 1 1 1 1 100 1 1 100 1 1 1 1 1 1 1 1 1 1 1 1 1 1 1 1 1 1 1 1 1 1 1 1 1 1 1 1 1 1 1 1 1 1 1 1 1 1 1 1 1 1 100 1 1 1 1 1 100 1 1 1 1 1
staticfield java/security/ProtectionDomain filePermCompatInPD Z 0
ciInstanceKlass java/security/CodeSource 1 1 395 10 7 12 1 1 1 9 7 12 1 1 1 9 12 1 1 9 12 1 1 9 12 1 1 10 7 12 1 1 1 9 12 1 1 10 7 12 1 1 10 7 10 7 12 1 1 1 10 100 12 1 1 1 10 12 1 1 7 1 10 10 100 12 1 1 1 10 100 12 1 1 1 10 12 1 1 10 12 1 100 1 10 12 1 1 10 12 1 1 10 12 1 1 10 12 1 10 10 10 12 1 1 10 100 12 1 1 1 10 12 1 10 12 1 10 12 1 8 1 10 12 1 10 12 1 10 12 1 1 10 12 1 8 1 10 12 1 1 10 100 1 10 10 12 1 1 8 1 10 12 1 10 12 1 10 12 1 8 1 8 1 9 12 1 1 100 1 8 1 10 12 1 10 12 1 1 8 1 10 12 1 8 1 8 1 8 1 10 100 12 1 1 10 12 1 1 10 12 1 10 12 1 1 10 12 1 1 10 12 1 1 100 1 100 1 10 12 1 10 12 10 12 1 1 10 100 12 1 1 10 12 1 100 1 10 12 10 8 1 10 12 1 10 12 1 10 12 1 1 100 1 10 12 1 1 100 1 100 1 8 1 8 1 10 10 12 1 1 10 100 12 1 1 1 100 1 10 12 10 12 1 1 11 100 12 1 1 10 10 12 1 11 10 12 1 8 1 100 1 10 12 1 10 12 1 1 10 12 1 11 12 1 1 11 100 1 1 1 1 5 0 1 1 1 1 1 1 1 1 1 1 1 1 1 1 1 1 1 1 1 1 1 1 1 1 1 1 1 1 1 1 1 1 1 1 1 1 1 1 1 1 1 1 1 1 1 1 1 1 1 1 1 1 1 1 1 1 1 1 1 1 1 1 1 1 1 100 1 1 1 1 1 1 1
ciInstanceKlass java/lang/StringBuilder 1 1 409 10 7 12 1 1 1 10 12 1 10 12 1 10 12 1 1 10 7 12 1 1 1 10 7 12 1 1 1 10 12 1 10 12 1 10 12 1 10 12 1 10 12 1 10 12 1 10 12 1 10 12 1 10 12 1 10 12 1 10 12 1 10 12 1 10 12 1 10 12 1 1 10 12 1 10 12 1 1 10 12 1 1 10 12 1 10 12 1 10 12 1 10 12 1 10 12 1 10 12 1 10 12 1 10 12 10 12 1 10 12 1 10 12 1 10 12 1 1 10 12 1 10 12 1 10 12 10 12 1 1 10 12 1 1 9 12 1 1 9 12 1 1 10 7 12 1 1 1 10 100 1 10 100 12 1 1 1 10 12 1 10 12 1 1 10 12 1 1 10 10 12 1 1 10 100 12 1 1 10 12 1 10 12 1 1 100 1 100 1 8 1 10 10 12 1 1 10 12 1 1 10 12 1 10 12 1 10 12 1 10 12 1 10 12 1 10 12 1 10 12 1 10 12 1 10 12 1 10 12 1 10 12 1 10 12 1 10 12 1 10 12 1 10 12 1 1 10 12 1 1 10 12 1 10 12 1 10 12 1 10 12 10 12 10 12 1 10 12 1 10 12 1 10 12 10 12 1 10 12 1 10 12 1 10 12 1 10 12 1 10 12 1 10 12 1 10 12 1 10 12 1 1 10 12 1 10 12 1 1 10 12 1 10 12 1 1 10 12 1 10 12 1 1 10 12 1 10 12 1 10 12 1 10 10 12 1 10 12 1 100 1 100 1 100 1 1 1 1 5 0 1 1 1 1 1 1 1 1 1 1 1 1 1 1 1 1 1 1 1 1 1 1 1 1 1 1 1 1 1 1 1 1 1 1 1 1 1 1 1 1 1 1 1 100 1 1 1 100 1 1 1 1 1 1 1 1 1 1
ciInstanceKlass jdk/internal/loader/ClassLoaders 1 1 183 10 100 12 1 1 1 10 7 12 1 1 1 10 12 1 1 10 100 12 1 1 1 9 7 12 1 1 1 9 12 1 1 9 12 1 1 7 1 11 100 12 1 1 1 100 1 11 12 1 1 11 12 1 1 10 100 12 1 1 1 10 100 12 1 1 1 100 1 100 1 10 7 12 1 1 1 9 12 1 1 10 12 1 1 7 1 10 12 1 1 10 12 1 7 1 8 1 10 7 12 1 1 1 10 12 1 1 7 1 10 12 1 10 12 1 10 12 1 8 1 10 7 12 1 1 8 1 8 1 10 12 1 7 1 10 12 1 10 12 1 10 12 1 1 1 1 1 1 1 1 1 1 1 1 1 1 1 1 1 1 1 1 100 1 1 1 1 1 1 1 1 1 1 1 1 1 1 1 1 1 1 1
staticfield jdk/internal/loader/ClassLoaders JLA Ljdk/internal/access/JavaLangAccess; java/lang/System$2
staticfield jdk/internal/loader/ClassLoaders BOOT_LOADER Ljdk/internal/loader/ClassLoaders$BootClassLoader; jdk/internal/loader/ClassLoaders$BootClassLoader
staticfield jdk/internal/loader/ClassLoaders PLATFORM_LOADER Ljdk/internal/loader/ClassLoaders$PlatformClassLoader; jdk/internal/loader/ClassLoaders$PlatformClassLoader
staticfield jdk/internal/loader/ClassLoaders APP_LOADER Ljdk/internal/loader/ClassLoaders$AppClassLoader; jdk/internal/loader/ClassLoaders$AppClassLoader
ciInstanceKlass jdk/internal/misc/Unsafe 1 1 1285 10 7 12 1 1 1 9 7 12 1 1 1 9 12 1 1 10 12 1 1 10 7 12 1 1 1 10 12 1 1 10 12 1 1 10 12 1 1 10 12 1 1 10 12 1 1 10 12 1 1 10 12 1 1 10 12 1 1 10 12 1 1 10 12 1 1 10 12 1 1 10 12 1 1 10 12 1 1 10 12 1 10 12 1 100 1 10 10 12 1 1 10 12 1 1 5 0 10 12 1 1 10 12 1 1 10 7 12 1 1 1 10 12 1 1 10 12 1 10 12 1 10 12 1 1 10 12 1 1 10 12 1 10 12 1 100 1 100 1 10 8 1 10 12 1 1 10 12 1 8 1 10 12 1 1 10 12 1 10 12 1 10 12 1 1 10 12 1 10 12 1 1 10 12 1 1 10 12 1 10 12 1 10 12 1 10 12 1 1 10 12 1 10 12 1 10 12 1 1 10 12 1 5 0 5 0 5 0 10 12 1 10 12 1 10 12 1 10 12 1 10 12 1 10 12 1 10 12 1 10 12 1 10 12 1 1 10 12 1 10 12 1 100 1 8 1 10 100 1 10 10 12 1 1 10 12 1 1 10 12 1 10 12 1 1 10 12 1 1 10 12 1 10 12 1 1 10 12 1 9 7 12 1 1 9 12 1 100 1 10 10 12 1 1 8 1 10 8 1 8 1 10 12 1 1 9 7 12 1 1 1 9 100 1 9 7 1 9 7 1 9 9 100 1 9 7 1 9 100 1 10 12 1 1 10 12 1 1 10 12 1 1 10 12 1 1 5 0 5 0 9 12 1 1 10 12 1 10 12 1 10 12 1 1 10 12 1 1 10 12 1 8 1 3 10 12 1 1 10 12 1 1 10 12 1 10 12 1 1 10 12 1 1 10 12 1 10 12 1 10 12 1 10 12 1 10 12 1 10 12 1 1 10 12 1 1 10 12 1 10 12 1 10 12 1 10 12 1 10 12 1 10 12 1 1 10 12 1 1 10 12 1 10 12 1 10 12 1 10 12 1 10 12 1 10 12 1 1 10 12 1 1 10 12 1 1 10 12 1 1 10 12 1 10 12 1 10 12 1 10 12 1 10 12 1 10 12 1 10 12 1 1 10 12 1 1 10 12 1 10 12 1 10 12 1 10 12 1 10 12 1 10 12 1 10 12 1 1 10 12 1 1 10 12 1 10 12 1 10 12 1 10 12 1 10 12 1 10 12 1 10 12 1 10 12 1 1 10 12 1 10 12 1 10 12 1 10 12 1 10 12 1 1 10 12 1 10 12 1 10 12 1 10 12 1 10 12 1 10 12 1 10 12 1 10 12 1 1 10 12 1 10 12 1 10 12 1 10 12 1 10 12 1 10 12 1 1 10 12 1 10 12 1 10 12 1 1 10 12 1 10 12 1 10 12 1 10 12 1 10 12 1 10 12 1 10 12 1 10 12 1 10 12 1 10 12 1 10 12 1 10 12 1 10 12 1 10 12 1 10 12 1 10 12 1 10 12 1 10 12 1 10 12 1 10 12 1 10 12 1 10 12 1 100 1 10 100 1 10 9 12 1 5 0 10 12 1 1 5 0 10 12 1 5 0 10 12 1 10 12 1 10 12 1 1 10 12 1 1 10 12 1 10 12 1 10 12 1 10 12 1 1 10 12 1 10 12 1 10 12 1 10 12 1 10 12 1 1 10 12 1 10 12 1 10 12 1 10 12 1 1 10 12 1 10 12 1 10 12 1 1 10 12 1 10 12 1 10 12 1 10 12 1 1 10 12 1 10 10 12 1 1 10 12 1 10 12 1 1 10 12 1 10 12 5 0 5 0 5 0 10 12 1 1 10 12 1 10 12 1 10 12 10 100 12 1 1 8 1 100 1 11 12 1 1 8 1 11 12 1 1 10 100 12 1 1 10 12 1 10 12 1 10 12 1 10 12 1 10 12 1 1 10 12 1 10 12 1 10 12 1 10 12 1 10 12 1 10 12 1 10 7 1 10 12 1 9 12 1 7 1 9 12 1 7 1 9 12 1 7 1 9 12 1 7 1 9 12 1 7 1 9 12 1 7 1 9 12 1 7 1 9 12 1 7 1 9 12 1 10 12 1 9 12 1 9 12 1 9 12 1 9 12 1 9 12 1 9 12 1 9 12 1 9 12 1 9 12 1 9 12 1 1 1 3 1 1 1 1 1 1 1 1 1 1 1 1 1 1 1 1 1 1 1 1 1 1 1 1 1 1 1 1 1 1 1 1 1 1 1 1 1 1 1 1 1 1 1 1 1 1 1 1 1 1 1 1 1 1 1 1 1 1 1 1 1 1 1 1 1 1 1 1 1 1 1 1 1 1 1 1 1 1 1 1 1 1 1 1 1 1 1 1 1 100 1 1 1 1 1 1 1 1 1 1 1 1 1 1 1 1 1 1 1 1 1 1 1 1 1 1 1 1 1 1 1 1 1 1 1 1 1 1 1 1 1 1 1 1 1 1 1 1 1 1 1 1 1 1 1 1 1 1 1 1 1 1 1 1 1 1 1 1 1 1 1 1 1 1 1 1 1 1 1 1 1 1 1 1 1 1 1 1 1 1 1 1 1 1 1 1 1 1 1 1 1 1 1 1 1 1 1 1 1 1 1 1 1 1 1 1 1 1 1 1 1 1 1 1 1 1 1 1 1 1 1 1 1 1 1 1 1 1 1 1 1 1 1 1 1 1 1 1 1 1 1 1 1 1 1 1 1 1 1 1 1 1 1 1 1 1 1 1 1 1 1 1 1 1 1 1 1 1 1 1 1 1 1 1 1 1 1 1 1 1 1 1 1 1 1 1 1 1 1 1 1 1 1 1 1 1 1 3 1 1 1 1 1 1 1 1 1 1 1 1 1 1 1 1 1 1 1 1 1
staticfield jdk/internal/misc/Unsafe theUnsafe Ljdk/internal/misc/Unsafe; jdk/internal/misc/Unsafe
staticfield jdk/internal/misc/Unsafe ARRAY_BOOLEAN_BASE_OFFSET I 16
staticfield jdk/internal/misc/Unsafe ARRAY_BYTE_BASE_OFFSET I 16
staticfield jdk/internal/misc/Unsafe ARRAY_SHORT_BASE_OFFSET I 16
staticfield jdk/internal/misc/Unsafe ARRAY_CHAR_BASE_OFFSET I 16
staticfield jdk/internal/misc/Unsafe ARRAY_INT_BASE_OFFSET I 16
staticfield jdk/internal/misc/Unsafe ARRAY_LONG_BASE_OFFSET I 16
staticfield jdk/internal/misc/Unsafe ARRAY_FLOAT_BASE_OFFSET I 16
staticfield jdk/internal/misc/Unsafe ARRAY_DOUBLE_BASE_OFFSET I 16
staticfield jdk/internal/misc/Unsafe ARRAY_OBJECT_BASE_OFFSET I 16
staticfield jdk/internal/misc/Unsafe ARRAY_BOOLEAN_INDEX_SCALE I 1
staticfield jdk/internal/misc/Unsafe ARRAY_BYTE_INDEX_SCALE I 1
staticfield jdk/internal/misc/Unsafe ARRAY_SHORT_INDEX_SCALE I 2
staticfield jdk/internal/misc/Unsafe ARRAY_CHAR_INDEX_SCALE I 2
staticfield jdk/internal/misc/Unsafe ARRAY_INT_INDEX_SCALE I 4
staticfield jdk/internal/misc/Unsafe ARRAY_LONG_INDEX_SCALE I 8
staticfield jdk/internal/misc/Unsafe ARRAY_FLOAT_INDEX_SCALE I 4
staticfield jdk/internal/misc/Unsafe ARRAY_DOUBLE_INDEX_SCALE I 8
staticfield jdk/internal/misc/Unsafe ARRAY_OBJECT_INDEX_SCALE I 4
staticfield jdk/internal/misc/Unsafe ADDRESS_SIZE I 8
ciInstanceKlass java/lang/ThreadGroup 1 1 293 10 7 12 1 1 1 9 7 12 1 1 1 8 1 9 12 1 1 7 1 9 12 1 9 12 1 1 10 12 1 1 10 12 1 1 10 12 1 10 12 1 1 10 12 1 9 12 1 1 10 12 1 1 10 12 1 9 12 1 10 100 12 1 1 1 9 12 1 9 12 1 1 10 7 12 1 1 1 100 10 12 1 1 10 7 12 1 1 1 10 100 12 1 9 12 1 10 12 1 1 10 12 1 1 9 12 1 1 10 12 1 1 10 12 1 10 12 1 10 12 1 1 10 12 1 1 10 12 1 10 12 1 10 10 12 1 10 12 1 10 100 1 10 10 12 1 10 12 1 10 12 1 7 10 12 1 9 12 1 1 10 12 1 1 8 1 10 100 12 1 1 1 10 12 1 1 10 12 1 1 10 12 1 1 11 100 1 100 1 9 12 1 100 1 10 8 1 10 12 1 1 10 12 1 1 8 1 10 12 1 10 100 12 1 1 1 10 12 1 1 10 100 1 8 1 10 8 1 10 12 1 8 1 1 1 1 1 1 1 1 1 1 1 1 1 1 1 1 1 3 1 1 1 1 1 1 1 1 1 1 1 1 1 1 1 1 1 1 1 1 1 1 1 1 1 1 1 1 1 1 1 1 1 1 1 1 1 1 1 1 1 1
instanceKlass java/security/Provider
ciInstanceKlass java/util/Properties 1 1 651 10 7 12 1 1 1 100 1 10 7 12 1 1 7 1 10 12 1 9 12 1 1 9 12 1 1 9 12 1 1 10 7 12 1 1 1 10 12 1 1 8 1 10 7 12 1 1 1 7 1 10 12 1 10 12 1 1 8 1 10 12 1 7 1 10 12 10 12 1 1 9 12 1 1 10 12 1 1 7 1 10 12 1 10 12 1 10 12 1 1 100 1 8 1 10 12 1 10 12 1 10 12 1 1 10 12 1 100 1 3 10 10 100 12 1 1 1 10 12 1 10 12 1 1 8 1 10 12 1 10 12 1 1 8 1 10 100 12 1 1 10 12 1 1 10 12 1 10 12 1 1 100 1 10 12 1 10 12 1 1 100 1 9 100 12 1 1 1 10 12 1 10 12 1 1 100 1 10 10 10 12 1 1 11 7 12 1 1 1 11 7 12 1 1 1 11 12 1 1 7 1 11 12 1 11 12 1 10 12 1 1 8 1 10 12 1 10 12 1 100 1 10 10 12 1 1 10 100 12 1 1 9 100 12 1 1 10 12 1 1 10 100 12 1 1 1 100 1 100 1 100 1 10 8 1 8 1 10 12 1 10 12 1 10 12 1 1 10 10 12 1 1 10 12 1 1 7 1 10 10 12 1 11 7 12 1 1 10 7 12 1 1 1 8 1 10 100 12 1 1 11 8 1 10 100 1 11 10 12 1 10 12 1 10 12 1 10 12 1 1 10 12 1 1 10 12 1 1 10 12 1 10 12 1 10 10 12 1 10 12 1 10 12 1 10 10 12 1 1 10 12 1 1 7 1 10 10 12 1 10 12 1 10 12 1 10 12 1 10 12 1 1 10 12 1 1 10 12 1 10 12 1 10 12 1 1 10 12 10 12 1 1 10 12 1 1 10 12 1 10 12 1 1 10 12 1 1 10 12 100 1 10 11 100 12 1 1 4 11 10 12 1 1 10 100 12 1 1 11 12 1 10 12 1 1 10 100 12 1 1 10 12 1 100 1 8 1 10 12 1 10 10 100 12 1 1 1 100 1 6 0 10 12 1 1 11 100 12 1 1 1 10 12 1 10 12 1 1 1 1 1 5 0 1 1 1 1 1 1 1 1 1 1 1 1 1 1 1 1 1 1 1 1 1 1 1 1 1 1 1 1 1 1 1 1 1 1 1 1 1 1 1 1 100 1 1 1 1 1 1 1 1 1 1 1 1 1 1 1 1 1 1 1 1 100 1 1 1 1 1 1 1 100 1 100 1 1 1 1 100 1 1 1 1 1 1 1 1 1 1 1 1 1 1 1 1 1 1 1 1 1 1 1 1 1 1 1 1 1 1 1 1 1 1 1 1 1 1 1 1 1 1 1 1 1 1 1 1 1 1 1 1 1 1 1 1 1 1 1 1 1 1 1 1 1 1 1 1 1 1 1 1 1 1 1 1 100 1 1 1 1 1 1 1 1 1 100 1 1 1
staticfield java/util/Properties UNSAFE Ljdk/internal/misc/Unsafe; jdk/internal/misc/Unsafe
instanceKlass java/util/Hashtable
ciInstanceKlass java/util/Dictionary 1 1 36 10 7 12 1 1 1 100 1 1 1 1 1 1 1 1 1 1 1 1 1 1 1 1 1 1 1 1 1 1 1 1 1 1 1 1
instanceKlass java/util/Properties
ciInstanceKlass java/util/Hashtable 1 1 512 100 1 10 7 12 1 1 1 9 7 12 1 1 1 100 1 100 1 10 8 1 10 12 1 1 10 12 1 10 12 1 1 10 12 1 10 7 12 1 1 1 8 1 10 12 1 9 12 1 1 7 1 9 12 1 1 4 10 7 12 1 1 1 9 12 1 4 10 12 1 11 7 12 1 1 1 10 12 1 1 10 12 1 1 9 12 1 10 12 1 1 100 1 10 9 12 1 1 10 7 12 1 1 1 9 12 1 1 10 12 1 10 12 1 3 9 12 1 9 12 1 3 10 12 1 10 12 1 10 12 1 1 11 12 1 1 11 7 12 1 1 1 11 7 12 1 1 1 11 12 1 7 1 11 12 1 11 12 1 10 12 1 1 10 12 1 1 10 12 1 9 12 1 1 9 12 9 12 1 1 10 100 1 100 1 10 12 1 10 8 1 10 10 12 1 8 1 10 8 1 10 7 12 1 1 1 7 1 10 12 1 10 12 1 100 1 10 12 1 10 12 1 1 7 1 10 100 1 10 10 12 1 1 11 12 1 1 11 12 1 100 1 10 10 10 100 12 1 1 11 100 12 1 1 1 100 1 10 11 100 12 1 1 11 100 12 1 10 12 1 10 12 1 1 10 100 12 1 1 10 12 1 1 10 12 1 1 10 12 1 1 10 100 12 1 1 1 8 10 100 12 1 1 100 1 8 1 10 4 10 12 4 10 12 1 8 1 10 12 10 100 12 1 1 1 100 1 11 100 12 1 1 1 10 100 12 1 1 1 10 12 1 10 12 1 1 10 100 1 100 1 1 1 1 1 1 5 0 1 1 1 1 1 3 1 3 1 3 1 1 1 1 1 1 1 1 1 1 1 1 1 1 1 1 1 1 1 1 1 1 1 1 1 100 1 1 1 1 1 1 1 1 1 1 1 1 1 1 1 1 1 1 1 1 1 1 1 1 1 1 1 1 1 100 1 1 1 1 1 1 1 1 1 1 1 1 1 1 1 1 1 1 1 1 1 1 1 1 1 1 1 1 1 1 1 1 1 1 1 1 1 1 1 1 1 1 1 1 1 1 1 1 1 1 1 1 1 1 1 1 1 1 100 1 1 1 100 1 1 1 1 1 100 1 1 1 1 1 1 1 1 1 1 1 1 1 1 1 1 1 1
instanceKlass com/sun/org/apache/xerces/internal/impl/XMLEntityManager$RewindableInputStream
instanceKlass java/io/ObjectInputStream
instanceKlass jdk/nio/zipfs/ZipFileSystem$EntryInputStream
instanceKlass sun/nio/ch/ChannelInputStream
instanceKlass java/util/zip/ZipFile$ZipFileInputStream
instanceKlass java/io/FilterInputStream
instanceKlass java/io/FileInputStream
instanceKlass java/io/ByteArrayInputStream
ciInstanceKlass java/io/InputStream 1 1 184 100 1 10 7 12 1 1 1 100 1 10 10 7 12 1 1 1 10 7 12 1 1 1 10 12 1 7 1 3 10 12 1 1 100 1 8 1 10 12 1 10 7 12 1 1 1 3 100 1 8 1 10 10 7 12 1 1 1 7 1 10 11 7 12 1 1 1 10 12 1 1 11 12 1 1 11 7 12 1 1 1 11 12 1 1 7 1 10 7 12 1 1 1 5 0 10 12 1 10 12 1 1 100 1 10 8 1 10 8 1 8 1 10 12 1 1 10 100 12 1 1 1 100 1 1 1 1 3 1 3 1 1 1 1 1 1 1 1 1 1 1 1 1 1 1 1 1 1 1 1 1 1 1 1 1 1 1 1 1 1 1 1 1 1 1 1 1 1 1 1 1 1 1 1 1 1 1 1 1 1 1 1 1
ciInstanceKlass java/io/ByteArrayInputStream 1 1 96 10 7 12 1 1 1 9 7 12 1 1 1 9 12 1 1 9 12 1 9 12 1 10 100 12 1 1 1 10 7 12 1 1 1 10 7 12 1 1 1 10 7 12 1 1 1 10 12 1 1 10 100 12 1 1 1 1 1 1 1 1 1 1 1 1 1 1 1 1 1 1 1 1 1 1 1 1 1 1 1 100 1 1 1 1 1 1 1 1 1 1 1 1 1 1
instanceKlass java/util/concurrent/ForkJoinWorkerThread
instanceKlass net/minecraft/Util$9
instanceKlass org/openjdk/nashorn/internal/runtime/Timing$1
instanceKlass org/apache/logging/log4j/core/util/Log4jThread
instanceKlass java/util/logging/LogManager$Cleaner
instanceKlass jdk/internal/misc/InnocuousThread
instanceKlass java/lang/ref/Finalizer$FinalizerThread
instanceKlass java/lang/ref/Reference$ReferenceHandler
ciInstanceKlass java/lang/Thread 1 1 612 9 7 12 1 1 1 9 12 1 1 10 12 1 1 9 12 1 1 9 12 1 1 100 1 8 1 10 12 1 1 3 8 1 100 1 5 0 10 12 1 1 10 7 12 1 1 9 12 1 1 9 12 1 9 12 1 1 9 12 1 100 1 8 1 10 9 12 1 1 10 7 12 1 1 1 10 100 12 1 1 1 10 10 7 12 1 1 10 12 1 1 10 12 1 1 9 100 12 1 1 1 10 12 1 1 10 12 1 9 12 1 1 10 12 1 1 10 12 1 1 9 12 1 10 12 1 1 9 12 1 1 10 7 12 1 1 1 9 12 1 1 9 12 1 1 10 12 1 1 10 100 12 1 1 1 9 12 1 10 12 1 1 9 12 1 100 1 10 100 1 10 8 1 10 12 1 1 10 12 1 10 12 1 10 12 1 1 10 12 1 10 12 1 9 12 1 100 1 10 10 12 1 1 10 12 1 10 12 1 100 1 11 7 12 1 1 9 100 12 1 1 1 10 12 1 10 12 1 10 12 9 12 1 1 10 9 12 1 10 12 1 100 1 10 10 12 1 1 9 12 1 10 12 1 11 100 12 1 1 10 12 1 9 12 1 10 12 1 10 12 1 10 10 12 1 10 12 1 10 12 1 10 12 1 10 12 1 1 100 1 10 10 12 1 10 12 1 10 12 1 9 100 12 1 1 1 10 12 1 1 10 12 1 7 1 8 1 10 10 12 1 10 12 8 1 10 12 1 8 1 10 8 1 8 1 10 100 12 1 1 10 100 12 1 1 1 100 1 8 1 10 9 12 1 9 12 1 1 10 12 1 1 10 10 12 1 1 9 12 1 10 12 1 1 100 1 10 12 11 100 12 1 1 1 9 100 12 1 1 1 9 12 1 1 10 12 1 1 100 1 10 12 1 11 100 12 1 1 1 100 1 10 12 1 10 12 1 1 11 12 1 10 12 1 100 1 10 12 1 10 12 1 1 10 7 12 1 1 1 8 1 9 12 1 10 12 1 1 11 100 12 1 1 1 10 100 12 1 1 1 11 12 1 10 12 1 7 1 1 1 1 3 1 3 1 3 1 1 1 1 1 1 1 1 1 1 1 1 1 1 1 1 1 1 1 100 1 1 1 1 1 1 1 1 1 1 1 1 100 1 100 1 1 1 1 1 1 1 1 1 1 1 1 1 1 1 1 1 1 1 1 1 1 1 1 1 1 1 1 1 1 1 1 1 1 1 1 1 1 1 1 1 1 1 100 100 1 1 1 1 1 1 1 1 1 100 1 1 1 1 1 1 1 1 1 1 1 1 1 1 1 1 1 1 1 1 1 1 1 1 1 1 1 1 100 1 1 1 1 1 1 100 1 1 100 1 1 1 1 1 1
staticfield java/lang/Thread EMPTY_STACK_TRACE [Ljava/lang/StackTraceElement; 0 [Ljava/lang/StackTraceElement;
ciMethod java/lang/System arraycopy (Ljava/lang/Object;ILjava/lang/Object;II)V 256 0 128 0 -1
instanceKlass java/lang/Exception
instanceKlass java/lang/Error
ciInstanceKlass java/lang/Throwable 1 1 393 10 7 12 1 1 1 9 7 12 1 1 1 9 12 1 1 9 12 1 9 12 1 1 9 12 1 10 12 1 1 9 12 1 1 10 12 1 1 10 12 1 100 1 7 1 10 8 1 10 12 1 1 8 1 10 7 12 1 1 10 10 12 1 100 1 8 1 10 10 12 1 1 10 7 12 1 1 10 12 1 8 1 9 100 12 1 1 1 10 12 1 1 100 1 10 12 10 12 1 100 1 10 10 7 12 1 1 1 11 100 12 1 1 1 10 100 12 1 1 1 10 12 1 1 10 12 1 1 8 1 10 12 1 10 12 1 1 8 1 8 1 10 12 1 1 10 12 1 8 1 8 1 9 12 1 1 10 100 12 1 1 100 1 10 11 12 1 8 1 8 1 10 7 12 1 1 8 1 10 12 1 8 1 100 1 10 12 1 9 12 1 1 10 12 1 10 7 12 1 9 12 1 1 10 12 1 1 100 1 8 1 10 12 1 10 100 12 1 1 10 12 1 1 7 1 10 100 12 1 1 1 10 12 1 11 7 12 1 1 1 11 100 12 1 1 1 11 12 1 8 1 10 12 1 1 8 1 10 10 9 100 12 1 1 1 8 1 10 12 1 1 10 100 1 8 1 10 11 12 1 1 8 1 9 12 1 10 100 12 1 1 11 9 12 1 1 11 12 1 1 100 10 12 1 10 12 1 1 100 1 1 1 1 5 0 1 1 1 1 1 1 1 1 1 1 1 1 1 100 1 1 1 1 1 1 1 1 1 1 1 1 1 1 1 1 1 1 1 1 1 1 1 1 1 1 1 1 1 1 1 1 1 1 1 1 1 1 1 1 1 1 100 1 100 1 1 1 1 1 1 1 1 1 1 1 1 1 1 1 1 1 1
staticfield java/lang/Throwable UNASSIGNED_STACK [Ljava/lang/StackTraceElement; 0 [Ljava/lang/StackTraceElement;
staticfield java/lang/Throwable SUPPRESSED_SENTINEL Ljava/util/List; java/util/Collections$EmptyList
staticfield java/lang/Throwable EMPTY_THROWABLE_ARRAY [Ljava/lang/Throwable; 0 [Ljava/lang/Throwable;
staticfield java/lang/Throwable $assertionsDisabled Z 1
instanceKlass com/mojang/brigadier/exceptions/CommandSyntaxException
instanceKlass org/openjdk/nashorn/internal/runtime/RewriteException
instanceKlass javax/script/ScriptException
instanceKlass com/google/common/collect/RegularImmutableMap$BucketOverflowException
instanceKlass org/apache/maven/artifact/resolver/AbstractArtifactResolutionException
instanceKlass org/apache/maven/artifact/versioning/InvalidVersionSpecificationException
instanceKlass java/util/concurrent/ExecutionException
instanceKlass cpw/mods/modlauncher/api/IncompatibleEnvironmentException
instanceKlass java/lang/invoke/LambdaConversionException
instanceKlass javax/management/JMException
instanceKlass sun/nio/fs/WindowsException
instanceKlass java/text/ParseException
instanceKlass javax/xml/parsers/ParserConfigurationException
instanceKlass org/xml/sax/SAXException
instanceKlass javax/naming/NamingException
instanceKlass java/lang/InterruptedException
instanceKlass java/lang/CloneNotSupportedException
instanceKlass java/security/GeneralSecurityException
instanceKlass java/security/PrivilegedActionException
instanceKlass java/net/URISyntaxException
instanceKlass java/io/IOException
instanceKlass java/lang/ReflectiveOperationException
instanceKlass java/lang/RuntimeException
ciInstanceKlass java/lang/Exception 1 1 40 10 7 12 1 1 1 10 12 1 10 12 1 10 12 1 10 12 1 100 1 1 1 1 5 0 1 1 1 1 1 1 1 1 1 1 1 1 1 1
instanceKlass java/lang/reflect/InvocationTargetException
instanceKlass java/lang/InstantiationException
instanceKlass java/lang/IllegalAccessException
instanceKlass java/lang/NoSuchFieldException
instanceKlass java/lang/NoSuchMethodException
instanceKlass java/lang/ClassNotFoundException
ciInstanceKlass java/lang/ReflectiveOperationException 1 1 34 10 7 12 1 1 1 10 12 1 10 12 1 10 12 1 100 1 1 1 1 5 0 1 1 1 1 1 1 1 1 1 1 1
instanceKlass java/io/IOError
instanceKlass org/spongepowered/asm/service/ServiceVersionError
instanceKlass org/spongepowered/asm/service/ServiceNotAvailableError
instanceKlass org/spongepowered/asm/mixin/throwables/MixinError
instanceKlass java/util/ServiceConfigurationError
instanceKlass java/lang/AssertionError
instanceKlass java/lang/VirtualMachineError
instanceKlass java/lang/LinkageError
instanceKlass java/lang/ThreadDeath
ciInstanceKlass java/lang/Error 1 1 40 10 7 12 1 1 1 10 12 1 10 12 1 10 12 1 10 12 1 100 1 1 1 1 5 0 1 1 1 1 1 1 1 1 1 1 1 1 1 1
ciInstanceKlass java/lang/ThreadDeath 0 0 21 10 100 12 1 1 1 100 1 1 1 1 5 0 1 1 1 1 1 1 1
ciInstanceKlass java/lang/ClassNotFoundException 1 1 96 7 1 10 7 12 1 1 1 10 12 1 10 12 1 1 10 100 12 1 1 1 8 1 10 100 12 1 1 1 10 7 12 1 1 10 100 12 1 1 1 10 100 12 1 1 1 10 12 1 1 7 1 10 12 1 9 12 1 1 1 1 1 5 0 1 1 1 1 1 1 1 1 1 1 1 1 1 1 1 1 1 1 100 1 1 1 1 1 1 1 1 1 1 1 1
staticfield java/lang/ClassNotFoundException serialPersistentFields [Ljava/io/ObjectStreamField; 1 [Ljava/io/ObjectStreamField;
instanceKlass java/lang/VerifyError
instanceKlass java/lang/IncompatibleClassChangeError
instanceKlass java/lang/BootstrapMethodError
instanceKlass java/lang/NoClassDefFoundError
ciInstanceKlass java/lang/LinkageError 1 1 31 10 7 12 1 1 1 10 12 1 10 12 1 100 1 1 1 1 5 0 1 1 1 1 1 1 1 1 1 1 1
instanceKlass net/minecraftforge/eventbus/Names$Method
instanceKlass net/minecraft/resources/ResourceKey$InternKey
instanceKlass net/minecraft/util/ExtraCodecs$TagOrElementLocation
instanceKlass net/minecraftforge/forgespi/language/ModFileScanData$AnnotationData
instanceKlass net/minecraftforge/forgespi/language/ModFileScanData$ClassData
instanceKlass cpw/mods/modlauncher/api/ITransformationService$Resource
instanceKlass net/minecraftforge/fml/loading/UniqueModListBuilder$UniqueModListData
instanceKlass net/minecraftforge/forgespi/locating/ForgeFeature$Bound
instanceKlass net/minecraftforge/forgespi/language/IModFileInfo$LanguageSpec
instanceKlass net/minecraftforge/fml/loading/targets/CommonLaunchHandler$LocatedPaths
instanceKlass net/minecraftforge/fml/loading/targets/CommonLaunchHandler$1ExplodedModPath
instanceKlass net/minecraftforge/fml/loading/moddiscovery/ExplodedDirectoryLocator$ExplodedMod
instanceKlass net/minecraftforge/forgespi/locating/IModLocator$ModFileOrException
instanceKlass net/minecraftforge/fml/loading/VersionInfo
instanceKlass net/minecraftforge/fml/loading/ImmediateWindowHandler$DummyProvider
instanceKlass cpw/mods/modlauncher/ModuleLayerHandler$PathOrJar
instanceKlass cpw/mods/modlauncher/ArgumentHandler$DiscoveryData
instanceKlass cpw/mods/jarhandling/impl/ManifestVerifier$1Expected
instanceKlass net/minecraftforge/fml/common/asm/ObjectHolderDefinalize$VanillaObjectHolderData
instanceKlass cpw/mods/modlauncher/api/NamedPath
instanceKlass cpw/mods/modlauncher/LaunchServiceHandlerDecorator
instanceKlass cpw/mods/modlauncher/ModuleLayerHandler$LayerInfo
instanceKlass jdk/jfr/internal/dcmd/Argument
instanceKlass cpw/mods/cl/JarModuleFinder$1ref
instanceKlass cpw/mods/bootstraplauncher/BootstrapLauncher$PackageTracker
instanceKlass cpw/mods/jarhandling/impl/Jar$StatusData
instanceKlass sun/security/pkcs/SignerInfo$AlgorithmInfo
instanceKlass jdk/internal/misc/ThreadTracker$ThreadRef
instanceKlass cpw/mods/jarhandling/impl/SimpleJarMetadata
instanceKlass cpw/mods/jarhandling/SecureJar$Provider
instanceKlass cpw/mods/niofs/union/UnionFileSystem$EmbeddedFileSystemMetadata
instanceKlass cpw/mods/jarhandling/impl/Jar$JarModuleDataProvider
ciInstanceKlass java/lang/Record 1 1 22 10 7 12 1 1 1 100 1 1 1 1 1 1 1 1 1 1 1 1 1 1
ciInstanceKlass java/lang/StringLatin1 1 1 380 7 1 10 100 12 1 1 1 100 1 10 12 1 10 7 12 1 1 1 10 7 12 1 1 1 10 12 1 10 7 12 1 1 1 10 12 1 1 10 7 12 1 1 1 10 12 1 1 10 12 1 1 10 10 12 1 10 12 1 1 10 9 7 12 1 1 1 10 12 1 1 10 7 12 1 1 1 10 12 10 12 1 1 10 12 1 1 10 12 1 1 10 7 12 1 1 1 10 12 1 10 12 1 1 9 12 1 1 100 1 10 10 100 12 1 1 1 10 7 12 1 1 1 10 12 1 10 12 1 100 1 100 1 8 1 10 12 1 8 1 10 12 100 1 10 10 10 7 12 1 1 1 8 1 8 1 8 1 10 12 1 1 10 100 12 1 1 10 12 1 10 12 1 1 10 12 1 1 10 12 1 1 10 12 1 10 12 10 12 10 12 1 10 12 10 10 12 1 10 12 1 10 12 1 10 7 12 1 1 1 10 7 12 1 1 1 10 12 1 1 10 12 1 1 10 10 7 12 1 1 1 1 1 1 1 1 1 1 1 1 1 1 1 1 1 1 1 1 1 1 1 1 1 1 1 1 1 1 1 1 1 1 1 1 1 1 1 1 1 1 1 1 1 1 1 1 1 1 1 1 100 1 1 1 1 1 1 1 1 1 1 1 1 1 1 1 1 1 1 1 1 1 1 1 1 1 1 1 1 1 1 1 1 1 1 1 1 1 1 1 1 1 1 1 1 100 1 1 1 1 1 1 1 1 1 1 1 1 1 1 1 1 1 1 1 1 1 100 1 1 1 1 1 1 1 1 1 1 1 1 1 1 1 1 1 1 1 1 1 1 1 1 1 1 100 1 1 1 1
staticfield java/lang/StringLatin1 $assertionsDisabled Z 1
ciMethod java/lang/StringLatin1 equals ([B[B)Z 892 780 8779 0 -1
ciInstanceKlass java/lang/Boolean 1 1 151 10 7 12 1 1 1 9 7 12 1 1 1 10 12 1 1 10 12 1 8 1 10 7 12 1 1 9 12 1 1 9 12 1 8 1 10 12 1 1 10 12 1 1 10 7 12 1 1 1 100 1 100 1 10 12 1 1 9 100 12 1 1 9 12 10 100 12 1 1 1 10 12 1 1 8 1 10 7 12 1 1 1 9 12 1 1 100 1 100 1 100 1 1 1 1 1 1 5 0 1 1 1 1 1 1 1 1 1 1 3 1 1 1 1 1 1 1 1 1 1 1 1 1 1 1 1 1 1 1 1 100 1 1 1 1 1 1 1 1 1 1 100 1 1 1 1 1 1 1 1
staticfield java/lang/Boolean TRUE Ljava/lang/Boolean; java/lang/Boolean
staticfield java/lang/Boolean FALSE Ljava/lang/Boolean; java/lang/Boolean
staticfield java/lang/Boolean TYPE Ljava/lang/Class; java/lang/Class
instanceKlass java/util/concurrent/locks/AbstractQueuedSynchronizer
ciInstanceKlass java/util/concurrent/locks/AbstractOwnableSynchronizer 1 1 32 10 7 12 1 1 1 9 7 12 1 1 1 100 1 1 1 1 5 0 1 1 1 1 1 1 1 1 1 1 1 1
instanceKlass com/google/gson/internal/LazilyParsedNumber
instanceKlass java/math/BigDecimal
instanceKlass java/util/concurrent/atomic/Striped64
instanceKlass java/math/BigInteger
instanceKlass java/util/concurrent/atomic/AtomicLong
instanceKlass java/util/concurrent/atomic/AtomicInteger
instanceKlass java/lang/Long
instanceKlass java/lang/Integer
instanceKlass java/lang/Short
instanceKlass java/lang/Byte
instanceKlass java/lang/Double
instanceKlass java/lang/Float
ciInstanceKlass java/lang/Number 1 1 37 10 7 12 1 1 1 10 100 12 1 1 1 100 1 1 1 1 5 0 1 1 1 1 1 1 1 1 1 1 1 1 1 1 1 1 1
instanceKlass java/lang/LiveStackFrameInfo
ciInstanceKlass java/lang/StackFrameInfo 1 1 132 10 7 12 1 1 1 9 7 12 1 1 1 9 7 1 9 12 1 1 11 7 12 1 1 1 9 12 1 1 11 12 1 1 10 12 1 1 10 7 12 1 1 1 10 12 1 11 12 1 11 12 1 1 11 12 1 10 12 1 1 9 12 1 1 10 12 1 1 10 100 12 1 1 10 12 1 1 11 12 1 1 10 12 1 9 12 1 1 10 12 1 1 100 1 8 1 10 12 1 10 7 12 1 1 1 100 1 1 1 1 1 1 1 1 1 1 1 1 1 1 1 1 1 1 100 1 1 1 1 1 1
staticfield java/lang/StackFrameInfo JLIA Ljdk/internal/access/JavaLangInvokeAccess; java/lang/invoke/MethodHandleImpl$1
ciInstanceKlass java/lang/LiveStackFrameInfo 0 0 97 10 100 12 1 1 1 9 100 12 1 1 1 9 12 1 9 12 1 9 12 1 9 12 1 1 100 1 10 12 1 1 10 12 1 8 1 10 12 1 1 8 1 8 1 8 1 10 100 1 10 12 1 100 1 10 12 1 100 1 100 1 1 1 3 1 3 1 1 1 1 1 1 1 1 1 1 1 1 1 1 1 1 1 1 1 1 1 1 1 1 1 1 1 100 1 1
ciInstanceKlass java/lang/Character 1 1 576 7 1 100 1 100 1 9 12 1 1 8 1 9 12 1 1 100 1 9 12 1 1 10 100 12 1 1 1 10 100 12 1 1 1 10 100 12 1 1 1 10 7 12 1 1 1 9 7 12 1 1 1 10 12 1 10 12 1 1 10 12 1 1 10 100 12 1 1 10 12 1 1 3 3 3 3 3 10 12 1 1 10 12 1 3 11 7 12 1 1 1 11 12 1 1 10 12 1 1 10 12 1 1 100 1 10 10 12 1 3 10 12 1 1 10 12 1 10 12 1 1 100 1 8 1 10 12 1 1 10 12 1 10 12 1 10 12 1 10 12 1 10 12 1 1 10 12 1 10 7 12 1 1 10 10 12 1 10 10 12 1 10 12 1 1 10 12 1 10 10 12 1 10 12 1 10 12 1 10 12 1 10 12 1 10 12 1 10 12 1 10 12 10 10 12 10 10 12 1 10 10 12 1 10 10 12 1 10 10 12 1 10 10 12 1 10 10 12 1 10 10 12 1 1 10 10 12 1 10 5 0 10 12 1 10 12 1 10 10 12 1 10 10 12 1 1 10 10 12 1 10 10 12 1 9 12 1 1 100 1 10 10 12 1 10 12 1 1 3 10 100 12 1 1 1 10 12 1 10 100 12 1 1 100 1 10 10 12 1 1 10 12 1 1 10 12 1 1 8 1 10 12 1 9 100 12 1 1 1 10 12 1 10 10 12 1 10 12 1 1 10 12 1 10 10 12 1 1 10 10 12 1 1 100 1 8 1 10 12 1 1 10 7 12 1 1 1 8 1 10 12 1 1 9 12 1 1 100 1 100 1 100 1 1 1 1 3 1 3 1 3 1 3 1 1 1 1 1 3 1 1 3 1 3 1 3 1 3 1 3 1 3 1 3 1 3 1 3 1 3 1 3 1 3 1 3 1 3 1 3 1 3 1 3 1 3 1 3 1 3 1 3 1 3 1 3 1 3 1 3 1 3 1 3 1 3 1 1 1 1 1 1 1 1 1 1 1 1 1 1 1 1 1 1 1 3 1 1 1 1 1 1 1 3 1 1 3 1 1 1 1 1 3 1 1 5 0 1 1 1 1 1 1 1 1 1 1 1 1 1 1 1 1 1 1 1 1 1 1 1 1 1 1 1 1 1 1 1 1 1 1 1 1 1 1 1 1 1 1 1 1 1 1 1 1 1 1 1 1 1 1 1 1 1 1 1 1 1 1 1 1 1 1 1 1 1 1 1 1 1 1 1 1 1 1 1 1 1 1 1 1 1 1 1 1 1 100 1 100 1 1 1 1 1 1
staticfield java/lang/Character TYPE Ljava/lang/Class; java/lang/Class
staticfield java/lang/Character $assertionsDisabled Z 1
ciInstanceKlass java/lang/Float 1 1 223 7 1 100 1 10 100 12 1 1 1 10 100 12 1 1 1 4 100 1 10 12 1 1 10 12 1 1 8 1 8 1 10 100 12 1 1 1 10 12 1 1 10 12 1 1 10 4 4 4 10 7 12 1 1 9 12 1 1 10 12 1 1 10 12 1 10 12 1 10 12 1 1 10 12 1 10 12 1 3 10 12 1 1 10 12 1 1 10 12 1 10 100 12 1 1 1 10 12 1 1 10 12 1 1 8 1 10 7 12 1 1 1 9 12 1 1 100 1 100 1 100 1 1 1 1 1 4 1 1 1 4 1 1 3 1 3 1 3 1 3 1 1 1 1 5 0 1 1 1 1 1 1 1 1 1 1 100 1 1 1 1 1 1 1 1 1 1 1 1 1 3 1 1 1 1 1 1 1 1 1 1 1 1 1 1 1 1 1 1 1 1 1 1 1 1 1 1 1 1 1 1 1 1 1 1 1 1 1 1 100 1 1 1 1 1 1 1 100 1 100 1 1
staticfield java/lang/Float TYPE Ljava/lang/Class; java/lang/Class
ciMethod java/lang/Float intBitsToFloat (I)F 52 0 26 0 -1
ciMethod java/lang/Float valueOf (F)Ljava/lang/Float; 10 0 370 0 -1
ciInstanceKlass java/lang/Double 1 1 285 7 1 100 1 10 7 12 1 1 1 10 12 1 1 10 12 1 100 1 10 12 1 1 10 100 12 1 1 1 6 0 8 1 10 12 1 1 8 1 10 12 1 1 8 1 6 0 10 12 1 1 100 1 5 0 5 0 8 1 8 1 10 100 12 1 1 1 10 100 12 1 1 1 8 1 10 12 1 1 8 1 8 1 8 1 10 12 1 1 10 12 1 10 12 1 1 10 12 1 10 12 1 10 12 1 1 10 12 1 10 6 0 6 0 6 0 10 7 12 1 1 9 12 1 1 10 12 1 10 12 1 10 12 1 10 12 1 5 0 10 12 1 1 10 12 1 10 12 1 10 100 12 1 1 1 10 12 1 1 10 12 1 1 8 1 10 7 12 1 1 1 9 12 1 1 100 1 100 1 100 1 1 1 1 1 6 0 1 1 1 6 0 1 1 3 1 3 1 3 1 3 1 1 1 1 5 0 1 1 1 1 1 1 1 1 1 1 1 1 1 1 1 1 100 1 1 1 1 1 1 1 1 1 1 1 1 3 1 1 1 1 1 1 1 1 1 1 1 1 1 1 1 1 1 1 1 1 1 1 1 1 1 1 1 1 1 1 1 1 1 1 100 1 1 1 1 1 1 1 100 1 100 1 1
staticfield java/lang/Double TYPE Ljava/lang/Class; java/lang/Class
ciMethod java/lang/Double longBitsToDouble (J)D 68 0 31 0 -1
ciMethod java/lang/Double valueOf (D)Ljava/lang/Double; 10 0 180 0 -1
ciInstanceKlass java/lang/Byte 1 1 215 7 1 100 1 10 100 12 1 1 1 9 12 1 1 8 1 9 12 1 1 100 1 10 12 1 1 10 12 1 1 10 100 12 1 1 1 10 100 12 1 1 1 9 7 12 1 1 1 10 12 1 1 100 1 100 1 10 12 1 1 8 1 10 12 1 1 8 1 10 12 1 10 12 1 10 12 1 10 12 1 1 10 12 1 10 12 1 10 12 1 1 10 8 1 8 1 10 7 1 9 12 1 1 10 12 1 10 12 1 1 10 12 1 1 10 12 1 1 10 12 1 5 0 10 12 1 1 8 1 10 7 12 1 1 1 9 12 1 1 100 1 100 1 1 1 3 1 3 1 1 1 1 3 1 3 1 1 5 0 1 1 1 1 1 1 1 1 1 1 1 1 1 1 1 1 1 1 1 1 1 1 1 1 1 1 1 1 1 1 1 1 1 1 1 1 1 1 1 1 1 1 1 1 1 1 1 1 1 1 1 1 1 1 1
staticfield java/lang/Byte TYPE Ljava/lang/Class; java/lang/Class
ciInstanceKlass java/lang/Short 1 1 224 7 1 100 1 100 1 10 100 12 1 1 1 10 12 1 1 100 1 100 1 10 12 1 1 8 1 10 12 1 1 8 1 10 12 1 10 12 1 10 12 1 10 12 1 1 10 12 1 1 10 12 1 9 12 1 1 8 1 9 12 1 1 100 1 10 12 1 1 10 12 1 10 100 12 1 1 1 10 100 12 1 1 1 9 7 12 1 1 1 10 12 1 10 12 1 1 10 8 1 8 1 10 7 1 9 12 1 1 10 12 1 10 12 1 1 10 12 1 1 10 12 1 1 10 12 1 3 3 5 0 10 12 1 1 8 1 10 7 12 1 1 1 9 12 1 1 100 1 100 1 1 1 3 1 3 1 1 1 1 3 1 3 1 1 5 0 1 1 1 1 1 1 1 1 1 1 1 1 1 1 1 1 1 1 1 1 1 1 1 1 1 1 1 3 1 1 1 1 1 1 1 1 1 1 1 1 1 1 1 1 1 1 1 1 1 1 1 1 1 1 1 1 1
staticfield java/lang/Short TYPE Ljava/lang/Class; java/lang/Class
ciInstanceKlass java/lang/Integer 1 1 445 7 1 100 1 7 1 7 1 10 12 1 1 9 12 1 1 9 12 1 1 10 100 12 1 1 1 10 12 1 1 10 100 12 1 1 1 10 10 12 1 1 10 100 12 1 1 1 10 12 1 10 12 1 1 10 7 12 1 1 1 10 12 1 1 10 12 1 1 10 12 1 10 12 1 10 12 1 1 10 10 12 1 9 12 1 1 9 12 1 100 1 8 1 10 12 1 100 1 10 12 1 8 1 10 12 1 1 10 12 1 8 1 10 12 1 8 1 10 12 1 1 3 10 12 1 1 3 10 12 1 1 10 12 1 1 10 7 12 1 1 1 11 7 1 100 1 10 11 10 12 1 1 8 1 10 12 1 1 8 1 100 1 10 12 1 1 10 12 1 1 5 0 8 1 10 12 1 10 12 1 10 12 1 10 12 1 1 7 1 9 12 1 1 9 12 1 1 10 12 1 10 7 1 9 12 1 10 12 1 10 12 1 10 12 1 1 10 7 12 1 1 1 100 1 100 1 10 12 1 1 10 12 1 1 8 1 8 1 10 12 1 1 8 1 8 1 8 1 8 1 8 1 8 1 10 12 1 10 12 1 10 12 1 5 0 3 3 3 3 10 12 1 3 10 12 1 10 100 12 1 1 1 10 12 1 1 10 12 1 1 8 1 10 7 12 1 1 1 9 12 1 1 3 3 3 3 3 3 9 12 1 1 100 1 100 1 100 1 1 1 1 1 1 1 3 1 3 1 1 5 0 1 1 1 1 1 1 1 1 1 100 1 1 1 1 1 1 1 1 1 1 1 1 1 1 1 1 1 1 1 1 1 1 1 1 1 1 1 1 1 1 1 1 1 1 1 1 1 1 1 3 1 1 1 1 1 1 1 1 1 1 1 1 1 1 1 1 100 1 1 1 1 1 1 1 1 1 1 1 1 1 1 1 1 1 1 1 1 1 1 1 1 1 1 1 1 1 1 1 100 1 1 1 1 1 1 1 1 1 100 1 100 1 1
staticfield java/lang/Integer TYPE Ljava/lang/Class; java/lang/Class
staticfield java/lang/Integer digits [C 36
staticfield java/lang/Integer DigitTens [B 100
staticfield java/lang/Integer DigitOnes [B 100
staticfield java/lang/Integer sizeTable [I 10
ciMethod java/lang/Integer valueOf (I)Ljava/lang/Integer; 210 0 16309 0 -1
ciInstanceKlass java/lang/Long 1 1 506 7 1 100 1 7 1 7 1 10 12 1 1 9 12 1 1 9 7 12 1 1 1 10 100 12 1 1 1 10 12 1 1 10 100 12 1 1 1 10 10 12 10 12 1 10 12 1 10 12 1 5 0 5 0 100 1 10 12 1 1 10 12 1 1 10 12 1 10 12 1 10 12 1 10 12 1 1 10 100 12 1 1 10 12 1 10 12 1 1 10 12 1 1 10 12 1 1 10 12 1 1 10 7 12 1 1 1 10 12 1 1 10 12 1 10 12 1 10 12 1 10 12 1 1 10 10 12 1 5 0 5 0 9 12 1 1 9 12 1 5 0 100 1 8 1 10 12 1 8 1 10 12 1 8 1 8 1 10 12 1 1 5 0 10 12 1 1 5 0 10 12 1 1 10 12 1 1 10 100 12 1 1 1 11 100 1 100 1 10 11 10 12 1 1 8 1 10 12 1 1 8 1 100 1 10 12 1 1 10 12 1 8 1 8 1 11 12 1 1 10 12 1 10 12 1 10 12 1 5 0 5 0 9 7 12 1 1 1 10 12 1 10 12 1 1 8 1 8 1 10 12 1 1 8 1 8 1 8 1 8 1 8 1 8 1 10 12 1 10 12 1 10 12 1 1 10 7 1 9 12 1 1 10 12 1 10 12 1 1 10 100 12 1 1 1 100 1 100 1 10 12 1 1 10 12 1 1 5 0 10 12 1 10 12 1 5 0 5 0 5 0 10 12 1 1 5 0 5 0 10 12 1 10 12 1 10 100 12 1 1 1 10 12 1 1 10 12 1 1 8 1 10 7 12 1 1 1 9 12 1 1 100 1 100 1 100 1 1 1 1 5 0 1 1 1 1 3 1 3 1 5 0 1 1 1 1 1 1 1 1 1 100 1 1 1 1 1 1 1 1 1 1 1 1 1 1 1 1 1 1 1 1 1 1 1 1 1 1 1 1 1 1 1 1 1 1 1 1 1 1 1 1 1 1 1 1 1 1 1 1 1 1 1 1 1 1 3 1 1 1 1 1 1 1 1 1 1 1 1 1 1 1 100 1 1 1 1 1 1 1 1 1 1 1 1 1 1 1 1 1 1 1 1 1 1 1 1 1 1 1 100 1 1 1 1 1 1 1 1 1 100 1 100 1 1
staticfield java/lang/Long TYPE Ljava/lang/Class; java/lang/Class
instanceKlass java/lang/ref/PhantomReference
instanceKlass java/lang/ref/FinalReference
instanceKlass java/lang/ref/WeakReference
instanceKlass java/lang/ref/SoftReference
ciInstanceKlass java/lang/ref/Reference 1 1 195 9 7 12 1 1 1 9 7 12 1 1 10 12 1 1 10 12 1 1 9 12 1 1 10 12 1 1 9 12 1 1 9 12 1 1 7 1 10 12 1 10 7 12 1 1 10 12 1 10 12 1 1 10 12 1 9 12 1 10 12 1 1 10 12 1 10 12 1 9 12 1 100 1 100 1 10 12 1 9 12 1 9 12 1 100 1 10 10 12 1 10 10 7 12 1 1 10 7 12 1 1 1 10 12 1 1 10 7 12 1 1 7 1 8 1 10 12 1 10 12 1 1 10 12 1 1 10 12 1 7 1 10 10 7 12 1 1 1 1 1 1 1 1 1 1 1 1 1 1 1 1 1 1 1 100 1 1 1 100 1 1 1 1 1 1 1 1 1 1 1 1 1 1 1 1 1 1 1 1 1 1 1 1 1 1 1 1 1 1 1 1 1 1 1
staticfield java/lang/ref/Reference processPendingLock Ljava/lang/Object; java/lang/Object
staticfield java/lang/ref/Reference $assertionsDisabled Z 1
instanceKlass org/openjdk/nashorn/internal/runtime/Context$ClassReference
instanceKlass java/util/ResourceBundle$BundleReference
instanceKlass sun/util/locale/provider/LocaleResources$ResourceReference
instanceKlass sun/util/resources/Bundles$BundleReference
instanceKlass sun/security/util/MemoryCache$SoftCacheEntry
instanceKlass sun/util/locale/LocaleObjectCache$CacheEntry
instanceKlass java/lang/invoke/LambdaFormEditor$Transform
ciInstanceKlass java/lang/ref/SoftReference 1 1 47 10 7 12 1 1 1 9 7 12 1 1 1 9 12 1 10 12 1 10 12 1 1 1 1 1 1 1 1 1 1 1 1 1 1 1 1 1 1 1 1 100 1 1 1 1 1
ciMethod java/lang/Long valueOf (J)Ljava/lang/Long; 100 0 245 0 -1
instanceKlass com/google/common/collect/MapMakerInternalMap$WeakValueReferenceImpl
instanceKlass java/util/ResourceBundle$KeyElementReference
instanceKlass com/sun/jmx/mbeanserver/WeakIdentityHashMap$IdentityWeakReference
instanceKlass java/util/logging/LogManager$LoggerWeakRef
instanceKlass java/util/logging/Level$KnownLevel
instanceKlass java/lang/ClassValue$Entry
instanceKlass java/lang/WeakPairMap$WeakRefPeer
instanceKlass java/lang/ThreadLocal$ThreadLocalMap$Entry
instanceKlass java/lang/invoke/MethodType$ConcurrentWeakInternSet$WeakEntry
instanceKlass java/util/WeakHashMap$Entry
ciInstanceKlass java/lang/ref/WeakReference 1 1 31 10 7 12 1 1 1 10 12 1 100 1 1 1 1 1 1 1 1 1 1 1 1 1 1 1 1 1 1 1 1
instanceKlass java/lang/ref/Finalizer
ciInstanceKlass java/lang/ref/FinalReference 1 1 47 10 7 12 1 1 1 10 100 12 1 1 1 10 12 1 1 100 1 8 1 10 12 1 1 1 1 1 1 1 1 1 1 1 1 1 1 1 1 1 1 1 1 1 1 1 1
ciInstanceKlass java/lang/ref/Finalizer 1 1 152 9 7 12 1 1 1 10 7 12 1 1 1 9 12 1 1 9 12 1 1 9 12 1 9 12 1 10 12 1 10 12 1 1 9 12 1 1 100 1 10 12 1 100 1 11 100 12 1 1 100 1 10 12 1 100 1 10 12 1 10 100 12 1 1 1 10 100 12 1 1 1 100 1 10 10 12 1 10 7 12 1 1 1 7 1 10 7 1 10 10 7 12 1 1 1 10 12 1 1 10 7 12 1 1 7 1 10 12 1 10 12 1 1 10 12 1 1 10 12 1 1 1 1 1 1 1 1 1 1 1 1 1 1 1 1 1 1 1 1 1 1 1 1 1 1 1 1 1 1 1 1
staticfield java/lang/ref/Finalizer lock Ljava/lang/Object; java/lang/Object
staticfield java/lang/ref/Finalizer $assertionsDisabled Z 1
instanceKlass jdk/internal/ref/PhantomCleanable
instanceKlass jdk/internal/ref/Cleaner
ciInstanceKlass java/lang/ref/PhantomReference 1 1 39 10 100 12 1 1 1 10 7 12 1 1 1 1 1 1 1 1 1 1 1 1 1 1 1 1 1 1 1 1 1 1 1 1 1 1 1 1 1
instanceKlass java/lang/reflect/Executable
instanceKlass java/lang/reflect/Field
ciInstanceKlass java/lang/reflect/AccessibleObject 1 1 398 10 7 12 1 1 1 9 100 12 1 1 1 10 100 12 1 1 1 10 7 12 1 1 10 7 12 1 1 1 10 7 12 1 1 1 10 12 1 1 10 12 1 1 9 12 1 1 100 1 10 7 12 1 1 1 11 12 1 100 1 10 12 1 7 1 100 1 10 12 1 10 12 1 1 7 1 10 7 12 1 1 1 10 12 1 1 7 1 10 12 1 1 7 1 10 10 10 7 12 1 1 1 10 12 1 1 10 12 1 10 12 1 10 12 1 1 10 12 1 8 1 100 1 10 10 12 1 1 8 1 10 12 1 10 12 1 8 1 8 1 8 1 8 1 8 1 8 1 100 1 10 12 1 10 12 1 9 12 1 1 10 12 1 1 10 12 1 10 11 100 1 100 1 8 1 10 10 12 1 10 12 1 1 8 1 10 12 1 8 1 10 12 1 1 10 100 1 8 1 10 11 7 12 1 1 10 12 1 1 10 12 1 1 10 12 1 1 9 12 1 1 100 1 10 12 1 7 1 10 12 1 10 12 1 1 10 100 1 10 12 1 10 12 10 12 1 10 12 1 1 10 12 1 10 12 1 1 10 12 1 9 12 1 10 100 12 1 1 8 1 10 100 12 1 1 1 8 1 10 100 12 1 1 1 9 12 1 100 1 10 7 1 10 10 7 12 1 1 1 7 1 10 10 7 12 1 1 1 7 1 9 12 1 1 1 1 1 1 1 1 1 1 1 1 1 1 1 1 1 1 1 1 1 1 1 1 1 1 1 1 1 1 1 1 1 1 1 1 1 1 1 1 1 1 1 1 1 1 1 1 1 1 1 1 1 1 1 1 1 1 1 1 1 1 1 1 1 1 1 1 1 1 1 1 1 1 1 1 1 1 1 1 1 1 1 1 1
staticfield java/lang/reflect/AccessibleObject reflectionFactory Ljdk/internal/reflect/ReflectionFactory; jdk/internal/reflect/ReflectionFactory
instanceKlass java/lang/reflect/Constructor
instanceKlass java/lang/reflect/Method
ciInstanceKlass java/lang/reflect/Executable 1 1 548 10 7 12 1 1 1 10 7 12 1 1 1 10 7 12 1 1 1 11 7 12 1 1 1 10 7 12 1 1 1 10 12 1 1 10 7 12 1 1 1 10 100 12 1 1 1 10 12 1 8 1 10 10 12 1 1 10 12 1 1 10 100 12 1 1 1 18 12 1 1 11 100 12 1 1 1 8 1 8 1 8 1 10 100 12 1 1 1 11 12 1 1 100 1 8 1 8 1 10 12 1 100 1 8 1 10 12 1 8 1 11 100 12 1 1 1 100 1 10 12 1 1 11 12 1 8 1 18 8 1 10 12 1 10 12 1 1 18 8 1 10 12 1 100 1 10 12 1 10 12 1 11 100 12 1 1 10 12 1 1 8 1 8 1 10 12 1 1 10 12 1 1 10 10 12 1 100 1 10 10 12 1 10 12 1 1 10 7 12 1 1 10 12 1 10 12 1 10 12 1 1 10 100 12 1 1 10 12 1 10 12 1 10 100 12 1 1 1 10 12 1 8 1 10 12 1 10 12 1 3 100 1 8 1 10 12 1 10 12 1 10 10 12 1 10 12 1 1 8 1 8 1 8 1 9 12 1 10 12 1 100 1 8 1 9 12 1 10 12 1 10 12 1 1 10 12 1 1 10 12 1 10 12 10 12 1 7 1 10 12 1 10 12 1 1 100 1 10 100 12 1 1 1 7 1 10 7 12 1 1 1 10 12 1 1 11 7 12 1 1 10 7 12 1 1 10 100 12 1 1 1 10 12 1 1 9 12 1 10 12 1 1 10 12 1 10 12 1 1 9 100 12 1 1 1 10 100 12 1 1 1 10 12 1 10 12 1 1 9 12 1 10 10 10 10 100 12 1 1 1 10 12 1 9 12 1 10 12 1 1 9 12 1 100 1 100 1 1 1 1 1 1 1 1 1 1 1 1 1 1 1 1 1 1 1 1 1 1 1 1 1 1 1 1 1 1 1 1 1 1 100 1 1 1 1 1 1 1 1 100 1 1 1 1 1 1 1 1 1 1 1 1 100 1 1 1 1 1 1 1 1 1 1 1 1 1 1 1 1 1 1 1 1 1 1 1 1 1 1 1 1 1 1 1 1 1 1 1 1 1 1 1 1 1 100 1 1 1 1 1 1 1 1 1 1 1 1 1 1 1 1 1 1 1 1 1 100 1 100 1 1 15 10 100 12 1 1 1 16 15 16 1 16 1 15 10 12 16 1 100 1 1 100 1 100 1 1
ciInstanceKlass java/lang/reflect/Constructor 1 1 433 10 100 12 1 1 1 10 100 12 1 1 9 7 12 1 1 1 10 12 1 1 10 12 1 1 10 100 12 1 1 9 12 1 1 10 7 12 1 1 1 9 12 1 1 9 12 1 1 9 12 1 9 12 1 1 9 12 1 9 12 1 1 9 12 1 1 9 12 1 100 1 8 1 10 12 1 10 12 1 9 12 1 1 10 7 12 1 1 10 7 12 1 1 1 10 12 1 1 10 12 1 1 10 12 1 7 1 100 1 8 1 10 10 12 1 10 12 1 10 12 1 1 10 12 1 1 9 100 12 1 1 1 10 7 12 1 1 10 12 1 1 10 12 1 10 12 1 1 10 100 12 1 1 1 10 100 12 1 1 10 12 1 1 10 12 1 10 100 12 1 1 1 8 1 10 10 12 1 100 1 8 1 10 12 1 10 12 1 1 10 12 1 1 10 12 1 10 12 1 10 12 1 1 10 12 1 1 9 12 1 1 10 12 1 1 10 12 1 1 10 12 1 8 1 10 12 1 1 11 7 12 1 1 1 10 12 1 1 10 12 1 10 12 1 9 12 1 1 10 7 12 1 1 1 10 12 1 1 10 12 1 1 10 12 1 1 10 12 1 1 10 12 1 9 100 12 1 1 10 12 1 10 12 1 10 12 1 100 1 8 1 10 10 12 1 1 10 12 1 10 10 12 1 1 10 12 1 1 10 100 12 1 1 1 11 100 12 1 1 1 10 12 1 1 9 100 12 1 1 1 10 100 12 1 1 1 10 12 1 1 1 1 1 1 1 1 1 1 1 1 1 1 1 1 1 1 1 1 1 1 1 1 1 1 1 1 1 1 1 1 1 1 1 1 1 1 1 1 1 1 1 1 1 1 1 1 1 1 1 100 1 100 1 100 1 100 1 1 1 1 1 1 1 1 1 1 1 1 1 1 1 1 1 1 1 1 1 1 1 1 1 1 1 1 1 1 1 1 1 100 1 1
ciInstanceKlass java/lang/reflect/Method 1 1 450 9 7 12 1 1 1 10 7 12 1 1 1 10 7 12 1 1 9 12 1 1 10 12 1 1 10 12 1 1 10 7 12 1 1 10 7 12 1 1 1 9 12 1 1 9 12 1 9 12 1 1 9 12 1 9 12 1 9 12 1 1 9 12 1 9 12 1 1 9 12 1 9 12 1 9 12 1 1 100 1 8 1 10 12 1 10 12 1 9 12 1 1 8 1 10 7 12 1 1 10 7 12 1 1 1 10 12 1 1 10 12 1 1 10 12 1 10 12 1 1 10 12 1 1 9 100 12 1 1 1 10 12 1 1 10 12 10 7 12 1 1 10 12 1 1 10 12 1 10 12 1 10 12 1 10 7 12 1 1 1 10 12 1 1 10 7 1 10 7 12 1 1 1 10 7 12 1 1 10 12 1 1 10 12 1 1 10 12 1 10 7 12 1 1 1 10 12 1 10 8 1 10 12 1 10 12 1 7 1 8 1 8 1 8 1 10 12 1 10 12 1 1 10 12 1 1 10 10 12 1 1 10 12 1 11 100 1 9 12 1 1 10 12 1 1 10 12 1 10 12 1 1 10 12 1 1 11 7 12 1 1 1 10 12 1 10 12 1 10 12 1 10 12 1 10 12 1 9 12 1 1 10 7 12 1 1 1 10 12 1 1 10 7 12 1 1 1 10 7 12 1 1 1 10 7 12 1 1 1 11 7 12 1 1 1 10 7 12 1 1 1 7 1 100 1 100 1 10 12 1 10 12 1 1 10 12 1 100 1 8 1 10 12 1 10 10 12 1 1 10 12 1 1 10 12 1 1 10 12 1 1 8 1 10 12 1 1 1 1 1 1 1 1 1 1 1 1 1 1 1 1 1 1 1 1 1 1 1 1 1 1 1 1 1 1 1 1 1 1 1 1 1 1 1 1 1 1 1 1 1 1 1 1 1 1 1 1 1 100 1 100 1 100 1 1 1 1 1 1 1 1 1 1 1 1 1 1 1 1 1 1 1 1 1 1 1 1 1 1
ciInstanceKlass java/lang/reflect/Field 1 1 437 9 7 12 1 1 1 10 12 1 1 10 100 12 1 1 1 10 100 12 1 1 9 12 1 1 10 12 1 1 10 12 1 1 10 100 12 1 1 10 7 12 1 1 1 9 12 1 1 9 12 1 9 12 1 9 12 1 1 9 12 1 1 9 12 1 9 12 1 1 9 12 1 1 100 1 8 1 10 12 1 10 12 1 9 12 1 1 9 12 1 10 12 1 10 7 12 1 1 10 12 1 1 10 12 1 1 10 12 1 10 12 1 1 7 1 10 12 1 1 10 12 1 1 10 12 1 1 10 12 1 10 12 1 10 7 1 10 7 12 1 1 100 1 10 8 1 10 12 1 1 10 12 1 1 8 1 10 12 10 12 1 8 1 8 1 10 11 100 1 9 12 1 10 12 1 1 10 12 1 1 11 7 12 1 1 1 11 12 1 1 11 12 1 1 11 12 1 1 11 12 1 1 11 12 1 1 11 12 1 1 11 12 1 1 11 12 1 1 11 12 1 1 11 12 1 1 11 12 1 1 11 12 1 1 11 12 1 1 11 12 1 1 11 12 1 1 11 12 1 1 11 12 1 1 10 12 1 10 100 12 1 1 10 12 1 10 12 1 1 10 12 9 12 1 1 10 7 12 1 1 1 10 12 1 1 10 100 12 1 1 10 12 1 1 11 100 1 10 12 1 100 1 10 100 12 1 1 1 10 7 12 1 1 1 9 12 1 10 7 12 1 1 1 11 7 12 1 1 1 10 12 1 1 10 12 1 1 9 100 12 1 1 1 10 100 12 1 1 1 10 12 1 1 100 1 1 1 1 1 1 1 1 1 1 1 1 1 1 1 1 1 1 1 1 1 1 1 1 1 1 1 1 1 1 1 1 1 1 1 100 1 1 1 1 1 1 1 1 1 1 1 1 1 1 1 1 1 1 1 1 1 1 1 1 1 1 1 1 1 1 1 1 1 1 100 1 1 1 1 1 1 1 1 100 1 1
ciInstanceKlass java/lang/reflect/Parameter 0 0 226 10 100 12 1 1 1 9 100 12 1 1 1 9 12 1 1 9 12 1 1 9 12 1 10 12 1 1 10 12 1 1 10 100 12 1 1 1 100 1 10 10 12 1 1 11 100 12 1 1 1 10 12 1 10 100 12 1 1 1 10 12 1 1 10 12 1 10 12 1 8 1 8 1 10 100 12 1 1 1 10 12 1 10 12 10 12 1 8 1 10 12 1 9 12 1 1 10 12 1 1 9 12 1 1 10 12 1 1 10 12 1 1 10 12 1 1 10 12 1 10 10 12 1 10 100 12 1 1 1 10 12 1 1 11 100 12 1 1 10 100 12 1 1 100 1 10 100 12 1 1 1 10 12 1 1 10 12 1 1 10 12 1 1 10 12 1 1 9 12 1 100 1 10 11 12 1 1 11 12 1 1 100 1 1 1 1 1 1 1 1 1 1 1 1 1 1 1 1 1 1 1 1 1 1 1 1 1 1 1 1 1 1 1 1 1 1 1 1 1 1 100 1 1 1 1
ciInstanceKlass java/lang/StringBuffer 1 1 470 10 7 12 1 1 1 10 12 1 10 12 1 10 12 1 1 9 7 12 1 1 1 10 12 1 1 10 12 1 10 12 1 1 9 12 1 1 10 12 1 10 12 1 1 10 12 1 1 10 12 1 10 12 1 1 10 12 1 10 12 1 1 10 12 1 1 10 100 12 1 1 1 10 12 1 1 10 12 1 10 12 1 10 12 1 10 12 1 10 12 1 10 12 1 10 12 1 10 12 1 10 12 1 10 12 1 10 12 1 10 12 1 10 12 1 10 12 1 1 10 12 1 10 12 1 1 10 12 1 1 10 10 12 1 1 10 12 1 10 12 1 10 12 1 10 12 1 10 12 1 10 12 1 10 12 10 12 1 10 12 1 10 12 1 10 12 1 1 10 12 1 10 12 1 10 10 12 1 1 10 12 1 1 9 12 1 1 10 7 12 1 1 1 10 100 1 10 10 100 12 1 1 1 10 10 12 1 10 8 10 100 12 1 1 1 8 10 12 1 8 1 10 12 1 10 12 1 10 100 12 1 1 1 10 100 12 1 1 1 7 1 10 12 100 1 8 1 10 10 12 1 1 10 12 1 1 10 12 1 1 10 12 1 10 12 1 10 12 1 10 12 1 10 12 1 10 12 1 10 12 1 10 12 1 10 12 1 10 12 1 10 12 1 10 12 1 10 12 1 10 12 1 10 12 1 10 12 1 10 12 10 12 10 12 1 10 12 1 10 12 1 10 12 10 12 1 10 12 1 10 12 1 10 12 1 10 12 1 10 12 1 10 12 1 10 12 1 10 12 1 10 12 1 10 12 1 7 1 10 12 1 9 7 12 1 1 1 9 7 1 9 12 1 1 100 1 100 1 100 1 1 1 1 5 0 1 1 1 1 1 1 1 1 1 1 1 1 1 1 1 1 1 1 1 1 1 1 1 1 1 1 1 1 1 1 1 1 1 1 1 1 1 1 1 1 1 1 1 1 1 1 1 1 1 1 1 1 1 1 1 1 1 1 1 1 100 1 1 1 1 1 100 1 1 1 1 1 1 1 1 1 1 1 1 1 1 1 1 1
staticfield java/lang/StringBuffer serialPersistentFields [Ljava/io/ObjectStreamField; 3 [Ljava/io/ObjectStreamField;
instanceKlass java/lang/StringBuilder
instanceKlass java/lang/StringBuffer
ciInstanceKlass java/lang/AbstractStringBuilder 1 1 547 7 1 7 1 10 7 12 1 1 1 9 7 12 1 1 1 9 12 1 9 12 1 1 9 12 1 1 10 7 12 1 1 1 10 12 1 1 3 3 10 12 1 10 12 1 1 11 7 1 100 1 100 1 10 8 1 10 12 1 10 12 1 10 12 1 1 10 12 1 10 12 1 10 12 1 9 12 1 1 10 12 1 1 10 7 12 1 1 1 10 10 12 1 10 12 1 10 12 1 1 10 12 1 1 10 7 12 1 1 1 10 7 12 1 1 1 100 1 8 1 10 10 12 1 1 100 1 10 12 10 12 1 1 10 10 12 1 1 10 12 1 1 10 12 1 1 10 12 1 1 100 1 10 10 12 1 10 100 12 1 1 1 10 12 1 1 10 12 1 10 12 1 1 10 10 12 1 1 10 12 10 12 1 10 12 1 1 10 12 1 1 10 12 1 1 10 12 1 10 10 12 1 1 10 12 1 10 12 1 1 8 1 10 12 1 1 10 12 1 10 12 1 10 12 1 10 12 1 10 12 1 10 12 1 10 7 12 1 1 10 12 1 10 12 1 10 100 12 1 1 1 10 12 1 10 12 1 10 12 1 10 12 1 10 12 1 1 10 12 1 10 12 1 1 10 12 1 1 10 10 7 12 1 1 1 10 12 1 10 12 1 10 12 1 1 10 12 1 10 12 1 10 12 1 10 12 1 10 12 1 10 12 1 10 12 1 10 12 1 10 12 1 1 10 12 1 10 12 1 10 12 10 12 1 1 18 12 1 1 100 1 10 100 12 1 1 1 18 10 12 1 1 10 12 1 10 12 1 1 11 12 1 10 12 1 10 12 1 10 10 12 1 10 8 1 8 1 8 1 10 10 100 1 10 12 1 100 1 10 100 1 10 100 1 1 1 3 1 1 1 1 1 1 1 1 1 1 100 1 1 1 1 1 1 1 1 1 1 1 1 1 1 1 1 1 1 1 1 1 1 1 1 1 1 1 1 1 1 1 1 1 1 1 1 1 1 1 1 1 1 1 1 1 1 1 1 1 1 1 1 1 1 1 1 1 1 1 1 1 1 1 1 1 1 1 1 1 1 1 1 1 1 1 1 1 1 1 1 1 1 1 1 1 1 1 1 1 1 1 1 1 1 1 1 1 100 1 1 100 1 1 1 1 1 100 1 1 1 1 1 1 15 10 100 12 1 1 1 16 1 15 10 12 16 15 10 12 1 1 1 1 100 1 100 1 1
staticfield java/lang/AbstractStringBuilder EMPTYVALUE [B 0
ciInstanceKlass java/lang/SecurityManager 0 0 576 10 100 12 1 1 1 9 100 12 1 1 1 10 100 12 1 1 1 100 1 8 1 10 12 1 10 12 1 1 10 100 12 1 1 1 10 100 1 10 100 1 10 9 100 12 1 1 1 10 100 12 1 1 1 10 12 1 1 10 100 12 1 1 100 1 8 1 10 9 12 1 1 9 12 1 8 1 9 12 1 100 1 10 8 1 10 12 1 1 10 12 1 10 12 1 1 100 1 10 10 12 1 1 100 1 8 1 10 12 1 8 1 8 1 8 1 8 1 8 1 8 1 10 12 1 8 1 8 1 8 1 8 1 8 1 10 100 12 1 1 1 10 12 1 1 8 1 100 1 8 1 10 8 1 8 1 8 1 8 1 8 1 10 100 12 1 1 8 1 100 1 8 1 8 1 10 8 1 10 12 1 100 1 8 1 10 10 12 1 1 10 12 1 10 12 1 10 12 1 10 100 12 1 1 1 10 12 1 10 100 12 1 1 11 100 12 1 1 1 18 12 1 1 11 100 12 1 1 1 18 12 1 1 11 12 1 1 18 18 11 12 1 18 12 1 11 12 1 1 9 12 1 1 9 12 1 9 12 1 9 12 1 100 1 10 100 12 1 1 10 12 1 10 12 1 18 12 1 18 10 100 12 1 1 1 18 12 1 10 12 1 18 18 8 1 10 12 1 9 12 1 1 11 100 12 1 1 1 8 1 100 1 10 12 1 10 12 1 1 10 12 1 1 9 12 1 1 10 12 1 10 12 1 1 8 1 100 1 10 9 12 1 8 1 10 12 1 8 1 100 1 10 10 100 12 1 1 10 100 1 9 100 12 1 1 1 11 12 1 1 10 12 1 11 12 1 10 12 1 100 1 10 10 12 1 1 10 12 1 1 1 1 1 1 1 1 1 1 1 100 1 1 1 1 1 1 1 1 1 1 1 1 1 1 1 1 1 1 1 1 1 1 1 1 1 1 1 1 1 1 1 1 1 1 1 1 1 1 1 1 1 1 1 1 1 1 1 1 1 1 1 1 1 1 1 1 3 1 1 1 1 1 1 1 1 1 1 100 1 1 1 1 1 1 1 1 1 1 1 1 1 1 1 1 1 1 1 1 1 1 1 1 1 1 1 1 1 1 1 1 1 1 1 1 1 1 15 10 100 12 1 1 1 16 15 10 100 12 1 1 1 16 1 16 15 10 12 16 1 15 10 12 16 15 11 100 1 16 1 16 1 15 10 12 16 15 10 12 16 15 10 12 1 16 1 15 11 12 1 15 10 12 16 15 10 16 1 1 1 1 100 1 100 1 1
instanceKlass net/minecraftforge/fml/util/EnhancedRuntimeException
instanceKlass net/minecraftforge/fml/ModLoadingException
instanceKlass net/minecraft/ResourceLocationException
instanceKlass java/lang/NegativeArraySizeException
instanceKlass cpw/mods/modlauncher/VoteDeadlockException
instanceKlass cpw/mods/modlauncher/VoteRejectedException
instanceKlass org/objectweb/asm/tree/UnsupportedClassVersionException
instanceKlass java/lang/TypeNotPresentException
instanceKlass org/openjdk/nashorn/internal/codegen/ApplySpecialization$AppliesFoundException
instanceKlass org/openjdk/nashorn/internal/codegen/ApplySpecialization$TransformFailedException
instanceKlass org/openjdk/nashorn/internal/codegen/CompilationException
instanceKlass java/util/EmptyStackException
instanceKlass org/antlr/v4/runtime/RecognitionException
instanceKlass jdk/dynalink/TypeConverterFactory$NotCacheableConverter
instanceKlass java/lang/invoke/WrongMethodTypeException
instanceKlass jdk/dynalink/LinkerServicesImpl$LinkerException
instanceKlass jdk/dynalink/NoSuchDynamicMethodException
instanceKlass org/openjdk/nashorn/internal/runtime/UnwarrantedOptimismException
instanceKlass org/openjdk/nashorn/internal/lookup/MethodHandleFactory$LookupException
instanceKlass org/openjdk/nashorn/api/scripting/NashornException
instanceKlass com/google/gson/JsonParseException
instanceKlass net/minecraftforge/fml/loading/EarlyLoadingException
instanceKlass net/minecraftforge/forgespi/locating/ModFileLoadingException
instanceKlass org/spongepowered/asm/mixin/throwables/MixinException
instanceKlass org/spongepowered/asm/service/ServiceInitialisationException
instanceKlass com/electronwill/nightconfig/core/io/WritingException
instanceKlass com/electronwill/nightconfig/core/file/NoFormatFoundException
instanceKlass com/electronwill/nightconfig/core/io/ParsingException
instanceKlass joptsimple/ValueConversionException
instanceKlass joptsimple/internal/ReflectionException
instanceKlass joptsimple/OptionException
instanceKlass com/sun/org/apache/xerces/internal/xni/XNIException
instanceKlass java/lang/reflect/UndeclaredThrowableException
instanceKlass org/apache/logging/log4j/core/config/ConfigurationException
instanceKlass java/util/MissingResourceException
instanceKlass java/lang/SecurityException
instanceKlass org/apache/logging/log4j/LoggingException
instanceKlass java/lang/IndexOutOfBoundsException
instanceKlass java/time/DateTimeException
instanceKlass java/util/NoSuchElementException
instanceKlass java/util/ConcurrentModificationException
instanceKlass java/nio/file/FileSystemAlreadyExistsException
instanceKlass java/nio/file/FileSystemNotFoundException
instanceKlass java/lang/UnsupportedOperationException
instanceKlass java/io/UncheckedIOException
instanceKlass java/lang/IllegalStateException
instanceKlass java/lang/IllegalArgumentException
instanceKlass java/lang/ArithmeticException
instanceKlass java/lang/NullPointerException
instanceKlass java/lang/IllegalMonitorStateException
instanceKlass java/lang/ArrayStoreException
instanceKlass java/lang/ClassCastException
ciInstanceKlass java/lang/RuntimeException 1 1 40 10 7 12 1 1 1 10 12 1 10 12 1 10 12 1 10 12 1 100 1 1 1 1 5 0 1 1 1 1 1 1 1 1 1 1 1 1 1 1
instanceKlass net/minecraft/network/chat/contents/TranslatableFormatException
instanceKlass org/openjdk/nashorn/internal/runtime/options/Options$IllegalOptionException
instanceKlass net/minecraftforge/fml/loading/toposort/CyclePresentException
instanceKlass java/util/IllegalFormatException
instanceKlass java/util/regex/PatternSyntaxException
instanceKlass java/lang/NumberFormatException
instanceKlass java/nio/file/InvalidPathException
instanceKlass java/nio/file/ProviderMismatchException
ciInstanceKlass java/lang/IllegalArgumentException 1 1 35 10 7 12 1 1 1 10 12 1 10 12 1 10 12 1 100 1 1 1 1 5 0 1 1 1 1 1 1 1 1 1 1 1 1
ciInstanceKlass java/lang/ArithmeticException 1 1 26 10 100 12 1 1 1 10 12 1 100 1 1 1 1 5 0 1 1 1 1 1 1 1 1 1
ciInstanceKlass java/lang/NullPointerException 1 1 52 10 100 12 1 1 1 10 12 1 9 100 12 1 1 1 10 12 1 1 9 12 1 1 10 12 1 1 10 12 1 1 1 1 5 0 1 1 1 1 1 1 1 1 100 1 100 1 100 1 1 1
instanceKlass com/google/common/collect/MapMakerInternalMap
instanceKlass com/google/gson/internal/LinkedTreeMap
instanceKlass java/util/TreeMap$NavigableSubMap
instanceKlass java/util/Collections$SingletonMap
instanceKlass java/util/concurrent/ConcurrentSkipListMap
instanceKlass java/util/TreeMap
instanceKlass java/util/stream/Collectors$Partition
instanceKlass java/util/IdentityHashMap
instanceKlass java/util/EnumMap
instanceKlass java/util/WeakHashMap
instanceKlass java/util/Collections$EmptyMap
instanceKlass sun/util/PreHashedMap
instanceKlass java/util/HashMap
instanceKlass java/util/ImmutableCollections$AbstractImmutableMap
instanceKlass java/util/concurrent/ConcurrentHashMap
ciInstanceKlass java/util/AbstractMap 1 1 192 10 7 12 1 1 1 10 7 12 1 1 1 11 7 12 1 1 1 10 11 12 1 1 11 7 12 1 1 1 11 12 1 1 7 1 11 12 1 10 12 1 1 11 12 1 100 1 10 11 12 1 11 7 1 10 12 1 1 11 12 1 9 12 1 1 100 1 10 12 1 9 12 1 1 7 1 10 11 11 12 1 1 11 12 1 100 1 100 1 11 12 1 8 1 100 1 10 10 12 1 1 8 1 10 12 1 10 12 1 1 10 12 1 1 1 1 1 1 1 1 1 1 1 1 1 1 1 1 1 1 1 1 1 1 1 1 1 1 1 1 1 1 1 1 1 1 1 1 1 1 1 1 100 1 1 1 1 1 1 1 1 1 1 1 1 1 1 1 1 100 1 1 1 1 1 1 1 1 1 100 1 100 1 100 1 100 1 1 1 1 1
ciInstanceKlass java/security/AccessControlContext 1 1 373 9 7 12 1 1 1 9 12 1 1 10 100 12 1 1 1 8 1 10 100 12 1 1 1 10 7 12 1 1 1 9 12 1 9 12 1 1 9 12 1 1 10 7 12 1 1 100 1 10 12 1 11 100 12 1 1 1 11 12 1 11 12 1 11 12 1 1 7 1 11 12 1 1 10 12 1 10 7 12 1 1 1 9 100 12 1 1 1 10 100 12 1 1 1 11 100 12 1 1 1 10 7 1 100 1 8 1 10 12 1 10 12 1 1 7 1 10 7 12 1 1 1 9 12 1 9 12 1 9 12 1 9 12 1 1 9 12 1 1 9 12 1 9 12 1 10 7 12 1 1 1 9 12 1 10 12 1 1 10 12 1 1 8 1 10 12 1 1 10 12 1 1 10 100 12 1 1 1 100 1 10 10 12 1 1 10 100 12 1 1 1 10 8 1 10 100 12 1 1 8 1 10 100 12 1 1 8 1 8 1 10 12 1 8 1 10 12 1 8 1 10 12 1 10 12 1 10 12 1 1 8 1 8 1 100 1 10 12 1 10 12 1 1 100 1 10 12 1 8 1 10 12 1 10 12 1 10 8 1 10 12 1 1 10 12 1 1 10 12 1 1 10 12 1 1 10 12 1 10 12 1 10 12 1 10 12 1 1 10 10 10 12 1 1 1 1 1 1 1 1 1 1 1 1 1 1 1 1 1 1 1 1 1 1 1 1 100 1 1 1 1 1 1 1 1 1 1 1 1 1 1 1 1 1 1 1 1 1 1 1 1 1 1 1 1 1 1 1 1 1 1 1 1 1 1 1 1 1 1 1 1 1 1 1 1 1 1 1 1 3 1 1
ciInstanceKlass java/net/URL 1 1 743 10 7 12 1 1 1 10 12 1 10 7 12 1 1 9 12 1 1 9 12 1 10 7 12 1 1 1 10 12 1 1 10 12 1 1 9 12 1 1 10 7 12 1 1 1 8 1 10 12 1 1 100 1 10 10 12 1 1 8 1 10 12 1 1 9 12 1 100 1 8 1 10 12 1 10 12 1 8 1 9 12 1 10 12 1 1 9 12 1 10 12 1 10 12 1 9 12 1 9 12 1 8 1 9 12 1 10 12 1 1 8 1 9 12 1 1 10 12 1 1 10 7 12 1 1 1 8 1 10 12 1 7 1 10 12 1 10 12 1 10 12 1 10 12 1 1 10 12 1 1 8 1 10 12 1 1 10 12 1 8 1 9 12 1 8 1 10 12 1 10 7 12 1 1 1 100 1 10 12 1 10 12 1 1 10 7 12 1 1 1 100 1 8 1 10 10 12 1 8 1 10 12 1 1 10 12 1 10 12 1 10 12 1 10 12 1 10 12 1 8 1 10 12 1 10 10 7 12 1 1 1 10 12 1 9 100 12 1 1 1 10 100 12 1 1 1 9 12 1 1 10 12 1 10 100 12 1 1 1 100 1 100 1 10 12 1 10 12 1 10 12 1 10 12 1 10 12 1 10 12 10 10 10 12 1 100 1 10 12 1 10 12 1 1 8 1 9 100 12 1 1 1 10 100 12 1 1 1 10 12 1 1 9 100 12 1 1 1 10 12 1 1 100 1 10 12 1 10 12 1 10 10 12 1 1 10 12 1 1 10 12 1 10 12 1 10 12 1 10 7 12 1 1 1 10 12 1 1 10 12 1 9 12 1 1 9 12 1 1 100 1 8 1 10 10 12 1 9 12 1 1 10 7 12 1 1 8 1 10 7 12 1 1 8 1 10 12 1 1 10 12 1 8 1 8 1 10 7 12 1 1 1 100 1 10 100 12 1 1 1 10 12 1 10 12 1 7 1 10 9 12 1 1 10 7 12 1 1 8 1 10 12 1 1 7 1 10 10 7 12 1 1 1 8 9 7 12 1 1 1 10 12 1 10 12 1 10 12 1 10 12 1 10 7 12 1 1 11 7 12 1 1 10 12 1 10 12 1 9 12 1 10 12 1 1 10 100 12 1 1 10 100 12 1 1 1 8 10 100 12 1 1 100 1 10 8 8 10 12 1 8 8 8 100 1 10 12 1 9 12 1 1 10 12 1 10 12 1 1 10 12 1 10 12 10 12 1 1 10 12 1 1 10 10 10 12 1 10 12 1 10 12 1 10 12 1 10 12 1 10 10 12 1 100 1 8 1 10 10 10 12 1 1 10 12 1 10 12 1 1 8 1 7 1 10 10 10 7 1 10 12 1 9 7 12 1 1 1 9 12 1 1 7 1 10 10 7 12 1 1 1 100 1 1 1 1 1 5 0 1 1 1 1 1 1 1 1 1 1 1 1 1 1 1 1 1 1 1 1 1 1 1 1 1 1 1 1 1 1 1 1 1 1 1 1 1 1 1 100 1 1 1 1 1 1 1 1 1 1 1 1 1 1 1 1 1 1 1 1 1 1 1 1 1 1 1 1 1 1 1 1 1 1 1 1 1 100 1 1 1 1 1 1 1 1 1 1 1 1 1 1 1 1 100 1 1 1 1 1 1 1 1 1 1 1 1 1 1 1 1 1 1
staticfield java/net/URL defaultFactory Ljava/net/URLStreamHandlerFactory; java/net/URL$DefaultFactory
staticfield java/net/URL streamHandlerLock Ljava/lang/Object; java/lang/Object
staticfield java/net/URL serialPersistentFields [Ljava/io/ObjectStreamField; 7 [Ljava/io/ObjectStreamField;
ciInstanceKlass java/util/jar/Manifest 1 1 336 10 7 12 1 1 1 7 1 10 9 7 12 1 1 1 7 1 10 9 12 1 1 9 12 1 1 10 12 1 10 12 1 1 10 12 1 1 10 12 1 1 10 12 1 1 11 7 1 11 12 1 1 10 12 1 1 10 100 12 1 1 1 100 1 100 1 10 8 1 10 12 1 1 10 12 1 1 10 12 1 10 12 1 11 100 1 10 12 1 10 12 1 1 11 12 1 1 10 12 1 11 12 1 1 11 100 12 1 1 1 11 100 12 1 1 11 12 1 1 100 1 10 12 1 8 1 11 12 1 7 1 10 12 1 1 11 12 1 10 12 1 10 12 1 10 100 12 1 1 1 8 1 10 12 1 1 10 9 7 12 1 1 1 10 12 1 1 10 100 12 1 10 12 1 10 12 1 9 100 12 1 1 1 8 1 10 12 1 8 1 8 1 7 1 10 12 1 10 12 1 10 12 1 1 100 1 8 1 10 12 1 1 8 1 10 10 12 1 1 8 1 10 12 1 1 10 7 12 1 1 1 10 12 1 10 11 12 1 1 10 12 1 10 7 12 1 1 1 10 12 1 1 10 12 1 1 11 10 12 1 11 10 12 1 100 1 1 1 1 1 1 1 1 1 1 1 1 1 1 1 1 1 1 1 1 1 1 1 1 1 1 1 1 1 1 1 1 1 1 1 1 1 1 1 1 1 1 1 100 1 1 1 1 1 1 1 1 1 1 1 1 1 1 100 1 1 1 1 1 1 1 1 1 1 1
instanceKlass it/unimi/dsi/fastutil/objects/AbstractObjectCollection
instanceKlass com/google/common/collect/ImmutableCollection
instanceKlass java/util/TreeMap$Values
instanceKlass java/util/IdentityHashMap$Values
instanceKlass java/util/concurrent/ConcurrentLinkedDeque
instanceKlass org/apache/logging/log4j/ThreadContext$EmptyThreadContextStack
instanceKlass java/util/AbstractQueue
instanceKlass java/util/AbstractMap$2
instanceKlass java/util/LinkedHashMap$LinkedValues
instanceKlass java/util/HashMap$Values
instanceKlass java/util/ArrayDeque
instanceKlass java/util/AbstractSet
instanceKlass java/util/ImmutableCollections$AbstractImmutableCollection
instanceKlass java/util/AbstractList
ciInstanceKlass java/util/AbstractCollection 1 1 160 10 7 12 1 1 1 10 7 12 1 1 1 10 12 1 1 11 7 12 1 1 1 11 12 1 1 10 12 1 1 10 100 12 1 1 1 10 12 1 1 10 12 1 1 10 7 12 1 1 10 7 12 1 1 1 7 1 10 100 12 1 1 1 10 100 12 1 1 1 100 1 10 11 12 1 11 7 1 10 12 1 10 12 1 10 7 12 1 1 1 11 8 1 100 1 10 10 12 1 1 8 1 10 12 1 10 12 1 1 1 1 1 1 1 1 1 1 1 1 1 1 1 1 1 1 1 1 1 1 1 1 1 1 1 1 1 1 1 1 1 1 1 1 1 1 1 1 1 1 1 1 1 1 1 1 1 1 1 1
ciInstanceKlass java/util/List 1 1 217 10 100 12 1 1 1 11 100 12 1 1 1 11 100 12 1 1 1 11 12 1 1 11 100 12 1 1 11 12 1 1 11 12 1 1 10 100 12 1 1 1 7 1 7 1 10 12 1 1 100 1 10 100 12 1 1 1 9 7 12 1 1 1 7 1 10 12 10 12 1 7 1 10 12 1 1 10 12 1 10 12 1 1 100 1 1 1 1 1 1 1 1 1 1 1 1 1 1 1 1 1 1 1 1 1 1 1 1 1 1 1 1 1 1 1 1 1 1 1 1 1 1 1 1 1 1 1 1 1 1 1 1 1 1 100 1 100 1 1 1 1 1 1 1 1 1 1 1 1 1 1 1 1 1 1 1 1 1 1 1 1 1 1 1 1 1 1 1 1 1 1 1 1 1 1 1 1 1 1 1 1 1 1 1 1 1 1 1 1 1 1 1 1 1 1 1 1 1 1 1 1 1 1 1 1 1 1 1 1 100 1 1 100 1 1 1
ciMethod java/util/AbstractCollection <init> ()V 536 0 305115 0 0
instanceKlass org/openjdk/nashorn/internal/runtime/ListAdapter
instanceKlass java/util/AbstractList$SubList
instanceKlass java/util/Collections$CopiesList
instanceKlass java/util/Collections$SingletonList
instanceKlass sun/security/jca/ProviderList$ServiceList
instanceKlass sun/security/jca/ProviderList$3
instanceKlass java/util/AbstractSequentialList
instanceKlass java/util/Vector
instanceKlass java/util/Arrays$ArrayList
instanceKlass java/util/ArrayList$SubList
instanceKlass java/util/Collections$EmptyList
instanceKlass java/util/ArrayList
ciInstanceKlass java/util/AbstractList 1 1 218 10 7 12 1 1 1 9 7 12 1 1 1 10 12 1 1 10 12 1 1 100 1 10 10 12 1 1 11 7 12 1 1 1 11 12 1 1 11 12 1 10 7 12 1 1 1 10 12 1 11 12 1 11 12 1 11 12 1 10 12 1 1 10 12 1 1 11 100 12 1 1 1 11 7 1 11 7 1 10 12 1 7 1 10 12 1 10 12 1 1 7 1 7 1 10 12 1 100 1 10 100 1 100 1 10 8 1 10 12 1 1 10 12 1 10 12 1 1 10 12 1 8 1 100 1 8 1 8 1 8 1 10 7 1 11 10 10 12 1 11 12 1 10 12 1 1 8 1 8 1 1 1 1 1 1 1 1 1 1 1 1 1 1 1 1 1 1 1 1 1 1 1 1 1 1 1 1 1 1 1 1 1 1 1 1 1 1 1 1 1 1 1 1 1 1 1 1 1 1 1 1 1 1 1 1 1 1 100 1 100 1 1 1 1 1 1 1
ciInstanceKlass java/lang/AssertionStatusDirectives 0 0 24 10 100 12 1 1 1 100 1 1 1 1 1 1 1 1 1 1 1 1 1 1 1 1
ciInstanceKlass java/lang/invoke/MethodHandleNatives$CallSiteContext 1 1 49 10 7 12 1 1 1 7 1 10 10 7 12 1 1 1 10 7 12 1 1 1 10 7 12 1 1 1 100 1 1 1 1 1 1 1 1 1 1 1 1 1 1 1 1 1 100 1 1
ciInstanceKlass jdk/internal/invoke/NativeEntryPoint 0 0 92 10 100 12 1 1 1 9 100 12 1 1 1 10 100 12 1 1 1 100 1 9 12 1 9 12 1 9 12 1 1 9 12 1 1 9 12 1 1 100 1 8 1 10 12 1 11 100 12 1 1 1 10 12 1 1 10 12 1 11 100 12 1 1 11 12 1 10 12 1 1 10 12 1 1 1 1 1 1 1 1 1 1 1 1 1 1 1 1 1 1 1
instanceKlass java/lang/invoke/VolatileCallSite
instanceKlass java/lang/invoke/MutableCallSite
instanceKlass java/lang/invoke/ConstantCallSite
ciInstanceKlass java/lang/invoke/CallSite 1 1 302 10 7 12 1 1 1 10 7 12 1 1 1 9 7 12 1 1 1 10 12 1 1 9 12 1 1 10 7 12 1 1 1 10 12 1 100 1 10 12 1 1 10 12 1 1 9 100 12 1 1 1 10 100 12 1 1 10 12 1 1 100 1 100 1 10 10 100 12 1 1 1 10 12 1 1 8 1 10 12 1 10 12 1 1 10 12 1 10 12 1 1 10 12 1 1 10 10 7 12 1 1 10 12 1 1 9 12 1 9 7 12 1 1 1 8 1 10 7 12 1 1 1 10 12 1 1 100 1 10 12 1 1 9 12 1 8 1 7 1 10 12 1 10 12 1 100 1 8 1 10 10 12 1 10 12 1 1 7 1 10 12 1 1 10 12 1 10 12 1 10 12 1 1 10 12 1 1 9 12 1 1 8 10 12 1 1 9 12 1 1 100 1 10 10 12 1 10 7 12 1 1 1 10 12 1 1 10 12 1 1 10 12 1 10 7 12 1 1 1 100 1 8 1 10 10 12 10 12 1 1 100 1 100 1 100 1 8 1 10 12 1 10 7 12 1 1 1 1 1 1 1 1 1 1 1 1 1 1 1 1 1 1 1 1 1 1 1 1 1 1 1 1 1 1 1 1 1 1 1 1 1 1 1 1 1 1 1 1 1 1 1 1 1 1 1 1 1 1 1 1 1
staticfield java/lang/invoke/CallSite $assertionsDisabled Z 1
ciInstanceKlass java/lang/invoke/VolatileCallSite 0 0 37 10 100 12 1 1 1 10 12 1 10 100 12 1 1 1 10 12 1 10 12 1 1 1 1 1 1 1 1 1 1 1 1 1 1 1 1
ciInstanceKlass java/lang/invoke/MethodType 1 1 771 7 1 10 7 12 1 1 1 9 12 1 1 9 12 1 1 9 12 1 1 10 7 12 1 1 1 9 7 12 1 1 8 1 10 100 12 1 1 1 9 7 1 9 7 1 10 12 1 1 7 1 10 8 1 10 12 1 1 10 12 1 10 12 1 1 100 1 8 1 10 12 1 100 1 10 10 12 1 10 12 1 1 10 12 1 1 11 7 12 1 1 1 9 12 1 11 12 1 1 7 7 1 10 7 12 1 1 1 10 12 1 9 12 1 1 10 7 12 1 1 10 12 1 1 10 7 12 1 1 1 10 7 12 1 1 1 10 12 1 9 12 1 1 10 12 1 1 7 1 10 12 1 1 10 12 1 1 10 12 1 1 10 12 1 1 10 12 1 1 10 12 1 10 12 1 10 12 1 1 10 12 1 8 1 8 1 10 12 1 1 9 12 1 1 100 1 10 10 12 1 1 10 12 1 10 12 1 1 10 12 1 1 10 12 1 10 12 1 1 10 12 1 8 1 10 12 1 1 10 7 12 1 1 1 10 12 1 10 12 1 1 10 12 1 10 12 1 10 12 1 1 10 12 1 10 12 1 9 12 1 10 12 1 10 10 12 1 1 10 12 1 9 12 1 1 10 12 1 1 10 12 1 1 10 12 1 1 10 12 1 1 7 1 10 12 10 12 1 10 12 1 7 1 8 1 8 1 8 1 10 12 1 10 12 1 10 12 1 10 11 12 1 1 11 12 1 10 100 12 1 1 1 9 12 1 10 12 1 10 12 1 1 10 12 1 1 10 12 1 10 12 1 10 7 12 1 1 1 10 12 1 1 10 12 1 10 12 1 10 12 1 10 9 12 1 1 7 1 10 12 1 10 12 1 1 9 100 12 1 1 1 10 100 12 1 1 1 10 100 12 1 1 1 10 12 1 1 10 7 12 1 1 1 10 12 1 1 8 1 10 7 12 1 1 1 11 12 1 1 9 12 1 1 10 12 1 1 10 12 1 10 12 1 1 10 12 1 1 10 100 12 1 1 100 1 10 12 1 1 11 100 12 1 1 1 18 12 1 1 11 12 1 1 18 12 1 11 12 1 100 1 11 100 12 1 1 10 12 1 100 1 10 12 1 10 100 12 1 1 10 12 1 1 9 12 1 1 9 100 12 1 1 1 10 100 12 1 1 1 9 12 1 10 100 12 1 1 10 12 1 100 10 12 1 1 10 12 1 10 7 1 7 1 9 12 1 1 100 1 100 1 100 1 1 1 5 0 1 1 1 1 1 1 1 3 1 3 1 3 1 1 1 1 1 1 1 1 1 1 1 1 1 1 1 1 1 1 1 1 1 1 1 1 1 1 1 1 1 1 1 1 1 1 1 1 1 1 1 1 1 1 1 1 1 1 1 1 1 1 1 1 1 1 1 1 1 1 1 1 1 1 1 1 1 1 1 1 1 1 1 1 1 1 1 1 1 1 1 1 1 1 1 1 1 1 1 1 1 1 1 1 1 1 1 1 1 1 1 1 1 1 1 1 1 1 1 1 1 1 1 1 1 1 1 1 1 1 1 1 1 1 1 1 1 1 1 100 1 100 1 1 1 1 1 1 1 1 1 1 1 1 1 100 1 1 1 100 1 1 1 1 1 1 1 1 1 1 1 1 1 1 1 1 1 1 1 1 1 15 10 100 12 1 1 1 16 15 10 12 16 16 15 10 12 16 1 1 1 1 100 1 1 100 1 1 100 1 100 1 1
staticfield java/lang/invoke/MethodType internTable Ljava/lang/invoke/MethodType$ConcurrentWeakInternSet; java/lang/invoke/MethodType$ConcurrentWeakInternSet
staticfield java/lang/invoke/MethodType NO_PTYPES [Ljava/lang/Class; 0 [Ljava/lang/Class;
staticfield java/lang/invoke/MethodType objectOnlyTypes [Ljava/lang/invoke/MethodType; 20 [Ljava/lang/invoke/MethodType;
staticfield java/lang/invoke/MethodType METHOD_HANDLE_ARRAY [Ljava/lang/Class; 1 [Ljava/lang/Class;
staticfield java/lang/invoke/MethodType serialPersistentFields [Ljava/io/ObjectStreamField; 0 [Ljava/io/ObjectStreamField;
staticfield java/lang/invoke/MethodType $assertionsDisabled Z 1
ciInstanceKlass java/lang/BootstrapMethodError 0 0 45 10 100 12 1 1 1 10 12 1 10 12 1 10 100 12 1 1 1 10 100 12 1 1 1 1 1 1 5 0 1 1 1 1 1 1 1 1 1 1 1 100 1 1 1
ciInstanceKlass jdk/internal/loader/ClassLoaders$AppClassLoader 1 1 119 8 1 10 7 12 1 1 1 10 7 12 1 1 1 10 100 12 1 1 1 10 12 1 1 10 100 12 1 1 1 10 12 1 1 10 12 1 1 7 1 8 1 10 12 10 7 12 1 1 1 10 100 12 1 1 10 12 1 1 10 12 1 1 10 7 12 1 1 1 100 1 10 12 1 1 1 1 1 1 1 1 1 1 1 1 1 1 1 1 1 1 1 1 1 100 1 1 1 1 1 1 1 1 1 1 1 1 1 1 1 1 1 1 1 100 1 1 1
ciInstanceKlass jdk/internal/loader/ClassLoaders$PlatformClassLoader 1 1 42 8 1 10 7 12 1 1 1 10 7 12 1 1 1 100 1 10 12 1 100 1 1 1 1 1 1 1 1 1 1 1 1 1 1 100 1 1 1 100 1 1
ciInstanceKlass java/lang/ArrayStoreException 1 1 26 10 100 12 1 1 1 10 12 1 100 1 1 1 1 5 0 1 1 1 1 1 1 1 1 1
ciInstanceKlass java/lang/ClassCastException 1 1 26 10 100 12 1 1 1 10 12 1 100 1 1 1 1 5 0 1 1 1 1 1 1 1 1 1
ciInstanceKlass java/lang/NoClassDefFoundError 0 0 26 10 100 12 1 1 1 10 12 1 100 1 1 1 1 5 0 1 1 1 1 1 1 1 1 1
ciInstanceKlass java/lang/IllegalMonitorStateException 1 1 26 10 100 12 1 1 1 10 12 1 100 1 1 1 1 5 0 1 1 1 1 1 1 1 1 1
ciInstanceKlass java/lang/StackOverflowError 1 1 26 10 100 12 1 1 1 10 12 1 100 1 1 1 1 5 0 1 1 1 1 1 1 1 1 1
instanceKlass java/lang/StackOverflowError
instanceKlass java/lang/OutOfMemoryError
instanceKlass java/lang/InternalError
ciInstanceKlass java/lang/VirtualMachineError 1 1 34 10 100 12 1 1 1 10 12 1 10 12 1 10 12 1 100 1 1 1 1 5 0 1 1 1 1 1 1 1 1 1 1 1
ciInstanceKlass java/lang/OutOfMemoryError 1 1 26 10 100 12 1 1 1 10 12 1 100 1 1 1 1 5 0 1 1 1 1 1 1 1 1 1
ciInstanceKlass java/lang/InternalError 0 0 34 10 100 12 1 1 1 10 12 1 10 12 1 10 12 1 100 1 1 1 1 5 0 1 1 1 1 1 1 1 1 1 1 1
ciInstanceKlass java/lang/StackTraceElement 1 1 224 10 7 12 1 1 1 10 7 12 1 1 9 12 1 1 9 12 1 1 9 12 1 9 12 1 8 1 10 100 12 1 1 1 100 1 9 12 1 8 1 9 12 1 9 12 1 9 12 1 1 8 1 10 12 1 1 10 12 1 100 1 10 10 12 1 1 8 1 10 12 1 1 10 12 1 8 1 8 1 8 1 10 12 1 8 1 8 1 10 12 1 8 1 8 1 10 12 1 1 10 12 1 10 12 1 1 10 12 1 9 12 1 1 10 7 12 1 1 1 10 12 1 1 7 1 10 12 1 1 10 7 12 1 1 10 7 12 1 1 1 10 7 12 1 1 10 7 12 1 1 10 10 12 1 1 10 12 1 10 12 1 1 100 1 1 1 1 1 3 1 3 1 1 5 0 1 1 1 1 1 1 1 1 1 1 1 1 1 1 1 1 1 1 1 1 1 1 1 1 1 1 100 1 100 1 1 1 1 1 1 1 1 1 1 100 1 1 1 1 1 1 1 1
instanceKlass java/nio/IntBuffer
instanceKlass java/nio/CharBuffer
instanceKlass java/nio/LongBuffer
instanceKlass java/nio/ByteBuffer
ciInstanceKlass java/nio/Buffer 1 1 224 100 1 10 7 12 1 1 1 9 7 12 1 1 1 9 12 1 9 12 1 1 9 12 1 9 12 1 1 10 12 1 1 10 12 1 1 10 12 100 1 100 1 10 8 1 10 12 1 1 10 12 1 8 1 8 1 10 12 1 1 10 12 1 8 1 9 12 1 1 100 1 8 1 10 12 1 8 1 8 1 9 12 10 12 1 8 1 8 1 8 1 10 12 1 8 1 8 1 8 1 100 1 10 100 1 10 100 1 10 100 1 10 10 100 12 1 1 1 10 11 100 12 1 1 10 7 12 1 1 1 10 7 12 1 1 1 9 12 1 1 10 7 12 1 1 1 9 12 1 1 7 1 10 10 7 12 1 1 1 1 1 3 1 1 1 1 1 1 1 1 1 1 1 1 1 1 1 1 1 1 100 1 1 1 1 1 1 1 1 1 1 1 1 1 1 1 1 1 1 1 1 1 1 1 1 1 1 1 1 1 1 1 1 1 1 1 1 1 1 1 1 1 1
staticfield java/nio/Buffer UNSAFE Ljdk/internal/misc/Unsafe; jdk/internal/misc/Unsafe
staticfield java/nio/Buffer SCOPED_MEMORY_ACCESS Ljdk/internal/misc/ScopedMemoryAccess; jdk/internal/misc/ScopedMemoryAccess
staticfield java/nio/Buffer $assertionsDisabled Z 1
ciInstanceKlass jdk/internal/misc/UnsafeConstants 1 1 34 10 100 12 1 1 1 9 7 12 1 1 1 9 12 1 9 12 1 1 9 12 1 9 12 1 1 1 1 1 1 1 1 1
staticfield jdk/internal/misc/UnsafeConstants ADDRESS_SIZE0 I 8
staticfield jdk/internal/misc/UnsafeConstants PAGE_SIZE I 4096
staticfield jdk/internal/misc/UnsafeConstants BIG_ENDIAN Z 0
staticfield jdk/internal/misc/UnsafeConstants UNALIGNED_ACCESS Z 1
staticfield jdk/internal/misc/UnsafeConstants DATA_CACHE_LINE_FLUSH_SIZE I 0
instanceKlass java/lang/invoke/DelegatingMethodHandle
instanceKlass java/lang/invoke/BoundMethodHandle
instanceKlass java/lang/invoke/DirectMethodHandle
ciInstanceKlass java/lang/invoke/MethodHandle 1 1 641 100 1 9 7 12 1 1 1 10 7 12 1 1 1 10 7 12 1 1 1 7 1 7 1 10 12 1 1 9 12 1 1 10 12 1 10 12 1 1 10 12 1 1 10 100 12 1 1 1 10 12 1 1 10 12 1 1 11 100 12 1 1 1 10 12 1 1 10 12 1 10 12 1 9 12 1 1 10 12 1 1 100 1 100 1 10 8 1 10 12 1 1 10 12 1 8 1 10 12 1 1 10 12 1 10 7 12 1 1 1 10 12 1 10 12 1 1 10 12 1 1 10 12 1 1 10 12 1 1 10 7 12 1 1 1 10 7 12 1 1 1 7 1 10 12 1 1 10 12 1 1 10 12 1 1 8 1 10 7 12 1 1 1 8 1 10 12 1 1 10 12 1 1 10 12 1 1 10 12 1 8 1 10 12 1 1 8 1 10 12 1 8 1 10 100 12 1 1 1 9 12 1 1 100 1 10 9 100 12 1 1 1 9 100 1 8 1 10 12 1 1 10 12 1 10 12 1 1 10 12 1 10 12 1 1 10 12 1 10 12 1 1 10 12 1 10 12 1 1 10 12 1 1 8 1 10 12 1 1 8 1 10 12 1 10 12 1 1 10 12 1 10 12 1 10 12 1 1 9 100 12 1 1 1 10 12 1 1 11 12 1 10 12 1 10 12 1 1 10 100 12 1 1 1 100 1 11 12 1 10 100 1 11 12 1 100 1 10 12 1 11 12 1 9 100 12 1 1 1 11 12 1 1 11 100 12 1 1 1 10 12 1 1 9 12 1 11 12 1 9 12 1 9 12 1 9 12 1 11 12 1 1 9 12 1 9 12 1 9 12 1 9 12 1 9 12 1 9 12 1 9 12 1 8 1 10 12 1 10 12 1 8 1 10 12 1 10 12 1 10 10 7 12 1 1 10 12 1 1 100 1 8 1 10 12 1 1 10 12 1 1 10 12 1 10 12 1 100 1 10 100 12 1 1 1 10 12 1 9 7 12 1 1 1 10 12 1 1 10 12 1 1 8 1 9 12 1 9 12 1 1 9 12 1 1 10 12 1 7 1 10 12 1 10 12 1 1 9 12 1 1 9 12 1 1 10 7 12 1 1 1 11 7 12 1 1 9 12 1 10 12 1 1 9 12 1 10 12 1 8 10 12 1 1 8 1 1 1 1 1 1 100 1 1 1 1 1 1 1 1 1 1 1 1 1 1 1 1 1 1 1 1 1 1 1 1 1 1 1 1 1 1 1 1 1 1 1 1 1 1 1 1 1 1 1 1 1 1 1 1 1 1 1 1 1 1 1 1 1 1 1 1 1 1 1 1 1 1 1 1 1 100 1 1 1 1 1 1 1 1 1 100 1 1 1 1 1 1 1 1 1 1 1 1 1 1 1 1 1 1 1 1 1 1 1 1 1 1 1 100 1 1 100 1 1 100 1 1 1 1
staticfield java/lang/invoke/MethodHandle FORM_OFFSET J 20
staticfield java/lang/invoke/MethodHandle UPDATE_OFFSET J 13
staticfield java/lang/invoke/MethodHandle $assertionsDisabled Z 1
instanceKlass java/lang/invoke/DirectMethodHandle$StaticAccessor
instanceKlass java/lang/invoke/DirectMethodHandle$Special
instanceKlass java/lang/invoke/DirectMethodHandle$Interface
instanceKlass java/lang/invoke/DirectMethodHandle$Constructor
instanceKlass java/lang/invoke/DirectMethodHandle$Accessor
ciInstanceKlass java/lang/invoke/DirectMethodHandle 1 1 940 7 1 7 1 100 1 7 1 7 1 10 7 12 1 1 1 10 7 12 1 1 1 100 1 10 12 1 10 12 1 1 10 7 12 1 1 10 12 1 1 10 12 1 10 12 1 7 1 10 12 1 1 10 12 1 1 10 12 1 10 12 1 1 10 7 12 1 1 1 10 12 1 9 12 1 1 100 1 10 9 12 1 1 9 12 1 10 12 1 10 12 1 10 12 1 1 10 12 1 10 12 1 10 12 1 10 7 12 1 1 1 10 12 1 10 12 1 1 8 1 10 12 1 1 7 1 10 12 1 7 1 10 10 12 1 10 12 1 10 12 1 10 7 12 1 1 1 10 12 1 1 7 1 10 12 1 10 12 1 7 1 10 12 1 10 12 1 1 10 12 1 1 10 12 1 8 10 100 12 1 1 1 10 12 1 10 12 1 10 12 1 1 10 12 1 9 7 12 1 1 1 7 1 10 12 1 10 7 12 1 1 1 10 12 1 10 12 1 1 9 12 1 1 100 1 10 8 1 10 12 1 1 10 12 1 10 12 1 10 10 12 1 10 12 1 10 12 1 10 12 1 10 12 1 1 10 12 1 10 12 1 1 10 12 1 10 12 1 1 10 10 7 12 1 1 1 10 12 1 10 12 1 1 10 12 1 10 12 1 1 8 1 9 7 12 1 1 1 8 1 9 12 1 9 12 1 8 1 9 12 1 9 12 1 8 1 9 12 1 9 12 1 8 1 10 12 1 10 12 1 1 9 12 1 1 7 1 10 12 1 1 100 1 10 7 12 1 1 1 10 12 1 1 10 12 1 10 12 1 1 7 1 10 12 1 1 10 12 1 10 12 1 1 7 1 10 12 1 1 10 7 12 1 1 1 10 12 1 10 12 1 10 12 1 9 12 1 1 10 7 1 9 12 9 12 1 10 7 12 1 1 1 10 12 1 7 1 7 1 7 1 9 12 1 1 10 7 12 1 10 12 1 1 10 12 1 7 1 10 12 1 10 12 1 1 9 7 12 1 1 1 10 12 1 1 100 1 10 100 12 1 1 1 10 12 1 10 12 1 8 1 9 12 1 9 12 1 10 12 1 9 12 1 1 10 7 12 1 1 1 9 12 1 1 9 12 1 1 10 12 1 10 12 1 10 12 1 10 12 1 10 12 1 1 10 12 1 10 7 12 1 1 9 12 1 10 12 1 10 12 1 10 12 1 10 12 1 1 10 12 1 1 9 12 1 1 10 12 1 1 9 7 12 1 1 1 9 12 1 9 12 1 9 12 1 9 12 1 9 12 1 9 12 1 9 12 1 9 12 1 9 12 1 9 12 1 9 12 1 9 12 1 9 12 1 9 12 1 9 12 1 9 12 1 9 12 1 9 12 1 9 12 1 9 12 1 9 12 1 9 12 1 9 12 1 9 12 1 9 12 1 9 12 1 9 12 1 9 12 1 9 12 1 9 12 1 9 12 1 9 12 1 9 12 1 9 12 1 9 12 1 9 12 1 8 1 9 12 1 1 9 12 1 1 10 12 1 10 12 1 1 9 7 1 10 12 1 9 12 1 1 10 12 10 12 1 10 12 1 10 12 1 10 8 1 8 1 8 1 8 1 10 12 1 1 9 12 1 1 10 12 1 10 100 12 1 1 1 8 9 12 1 1 10 12 1 1 8 1 8 8 9 12 1 8 1 8 8 8 8 8 1 8 10 12 1 10 12 1 8 1 8 1 10 12 1 10 12 1 10 12 1 10 12 1 1 7 1 1 1 1 3 1 3 1 3 1 3 1 3 1 3 1 3 1 3 1 3 1 3 1 1 1 1 1 1 1 1 1 1 3 1 3 1 1 1 1 3 1 1 1 1 1 1 1 1 1 1 1 1 1 1 1 1 1 1 1 1 1 1 1 1 1 1 1 1 1 1 1 1 1 1 1 1 1 1 1 1 1 1 1 1 1 1 1 1 1 1 1 1 1 1 1 1 100 1 1 1 1 1 1 1 1 1 1 1 1 100 1 1 1 1 1 1 1 1 1 1 1 1 1 1 1 1 1 1 1 1 1 1 1 1 1 1 1 1 1 1 1 1 1 1 1 1 1 1 1 1 1 1 1 1 1 1 1 1 1 1 1
staticfield java/lang/invoke/DirectMethodHandle IMPL_NAMES Ljava/lang/invoke/MemberName$Factory; java/lang/invoke/MemberName$Factory
staticfield java/lang/invoke/DirectMethodHandle FT_UNCHECKED_REF I 8
staticfield java/lang/invoke/DirectMethodHandle ACCESSOR_FORMS [Ljava/lang/invoke/LambdaForm; 132 [Ljava/lang/invoke/LambdaForm;
staticfield java/lang/invoke/DirectMethodHandle ALL_WRAPPERS [Lsun/invoke/util/Wrapper; 10 [Lsun/invoke/util/Wrapper;
staticfield java/lang/invoke/DirectMethodHandle NFS [Ljava/lang/invoke/LambdaForm$NamedFunction; 12 [Ljava/lang/invoke/LambdaForm$NamedFunction;
staticfield java/lang/invoke/DirectMethodHandle OBJ_OBJ_TYPE Ljava/lang/invoke/MethodType; java/lang/invoke/MethodType
staticfield java/lang/invoke/DirectMethodHandle LONG_OBJ_TYPE Ljava/lang/invoke/MethodType; java/lang/invoke/MethodType
staticfield java/lang/invoke/DirectMethodHandle $assertionsDisabled Z 1
ciInstanceKlass java/lang/invoke/LambdaForm 1 1 1052 100 1 9 7 12 1 1 1 10 7 12 1 1 1 10 7 12 1 1 9 12 1 1 9 12 1 1 10 12 1 1 100 1 10 9 12 1 10 12 1 1 9 12 1 10 7 12 1 1 1 9 12 1 9 12 1 9 12 1 1 9 12 1 10 12 1 1 7 1 10 12 1 10 100 12 1 1 1 10 100 12 1 1 1 10 12 1 10 12 1 1 9 100 12 1 1 1 10 12 1 1 9 12 1 10 12 1 1 10 12 1 10 12 1 1 10 12 1 1 10 100 12 1 1 1 7 1 10 10 12 1 1 8 1 10 12 1 10 12 1 10 12 1 1 7 1 10 7 12 1 1 1 10 12 1 1 10 12 1 10 12 1 1 9 12 1 1 9 12 1 9 12 1 1 10 12 1 9 12 1 10 100 12 1 1 1 10 12 1 1 10 12 1 9 12 1 1 10 100 12 1 1 1 10 12 1 10 12 1 10 12 1 10 12 1 10 12 1 10 12 1 1 10 12 1 10 12 1 1 8 1 10 12 1 10 12 1 8 1 8 1 9 12 1 9 12 1 9 12 1 1 10 12 1 1 10 12 1 9 12 1 10 12 1 1 10 7 12 1 1 1 10 12 1 1 10 12 1 10 12 1 10 12 1 1 9 12 1 10 12 1 8 1 8 1 8 1 8 1 8 1 8 1 8 1 8 1 10 12 1 9 12 1 7 1 10 12 1 1 9 12 1 10 12 1 10 12 1 1 10 12 10 12 1 10 12 1 1 10 12 1 1 10 10 12 1 1 10 12 1 1 7 1 8 1 10 12 1 1 10 12 1 10 12 1 1 10 8 1 10 12 1 1 8 1 8 1 8 1 10 12 1 9 12 1 1 10 12 1 1 10 12 1 1 100 1 10 12 1 1 10 12 1 10 7 12 1 1 1 10 12 1 1 9 12 1 1 8 1 10 100 12 1 1 1 10 7 12 1 1 10 12 10 10 12 1 1 9 12 1 8 10 12 1 1 100 1 10 12 1 1 10 12 1 9 7 12 1 1 9 12 1 1 8 1 10 100 12 1 1 10 12 1 1 100 1 100 1 10 10 12 1 1 10 12 1 1 8 1 8 1 100 1 8 1 10 12 10 12 1 10 12 1 10 12 1 1 8 1 8 1 9 100 12 1 1 1 10 12 1 10 12 1 1 8 1 8 1 8 1 100 1 8 1 100 1 8 1 100 1 8 1 10 12 1 8 1 9 10 7 12 1 1 1 10 12 1 9 12 1 1 10 12 1 10 10 12 1 10 12 1 10 12 1 10 12 1 1 10 12 1 10 12 1 1 10 12 1 1 10 12 1 1 8 1 100 10 12 1 10 12 1 9 12 1 1 10 7 12 1 1 8 1 8 1 100 1 8 1 8 1 8 1 8 1 8 1 8 1 8 1 8 1 10 12 1 1 10 12 1 1 10 12 1 10 12 1 8 1 8 1 8 1 10 12 1 8 1 10 12 1 8 1 8 1 8 1 8 1 8 1 10 12 1 10 12 1 10 12 1 1 10 7 12 1 1 1 10 12 1 10 12 1 10 12 1 10 12 1 10 12 1 10 12 1 10 12 1 9 12 1 1 8 1 10 12 1 1 9 12 1 1 10 12 1 1 9 12 1 9 12 1 1 9 12 1 9 12 1 1 7 1 10 7 12 1 1 1 9 12 1 10 12 1 10 12 1 8 1 10 12 1 9 12 1 1 7 1 10 7 12 1 1 1 8 1 100 1 10 12 1 9 12 1 9 12 1 10 12 1 10 12 1 10 7 12 1 1 1 10 12 1 9 7 12 1 1 10 12 1 1 10 12 1 10 12 1 9 12 10 12 1 10 10 12 1 9 9 12 1 7 9 12 1 1 10 12 1 1 9 12 1 10 12 1 10 7 1 9 1 1 1 1 3 1 3 1 3 1 1 1 1 1 1 1 1 1 1 1 1 1 1 1 1 1 1 1 1 1 1 1 1 1 1 1 1 1 1 1 1 1 1 1 1 1 1 1 1 1 1 1 1 1 1 1 1 1 1 1 1 1 1 1 1 100 1 1 1 1 1 1 1 1 1 1 1 1 1 1 1 1 1 1 1 1 1 1 1 1 1 1 1 1 1 1 1 1 1 1 1 1 1 1 1 1 1 1 1 1 1 1 1 1 1 1 1 1 1 1 1 1 1 1 1 100 1 1 1 1 1 1 1 1 1 1 1 1 1 1 1 1 1 1 1 1 1 1 1 1 1 1 1 1 1 1 1 1 1 1 100 1 1 1 1 1 1 1 1 1 1 1 1 1 1 1 1 1 1 1 1 1 1 100 1 1 1 100 1 1 100 1 1 1 1 1 1 1 1 1 1 1
staticfield java/lang/invoke/LambdaForm COMPILE_THRESHOLD I 0
staticfield java/lang/invoke/LambdaForm INTERNED_ARGUMENTS [[Ljava/lang/invoke/LambdaForm$Name; 5 [[Ljava/lang/invoke/LambdaForm$Name;
staticfield java/lang/invoke/LambdaForm IMPL_NAMES Ljava/lang/invoke/MemberName$Factory; java/lang/invoke/MemberName$Factory
staticfield java/lang/invoke/LambdaForm LF_identity [Ljava/lang/invoke/LambdaForm; 6 [Ljava/lang/invoke/LambdaForm;
staticfield java/lang/invoke/LambdaForm LF_zero [Ljava/lang/invoke/LambdaForm; 6 [Ljava/lang/invoke/LambdaForm;
staticfield java/lang/invoke/LambdaForm NF_identity [Ljava/lang/invoke/LambdaForm$NamedFunction; 6 [Ljava/lang/invoke/LambdaForm$NamedFunction;
staticfield java/lang/invoke/LambdaForm NF_zero [Ljava/lang/invoke/LambdaForm$NamedFunction; 6 [Ljava/lang/invoke/LambdaForm$NamedFunction;
staticfield java/lang/invoke/LambdaForm createFormsLock Ljava/lang/Object; java/lang/Object
staticfield java/lang/invoke/LambdaForm DEBUG_NAME_COUNTERS Ljava/util/HashMap; null
staticfield java/lang/invoke/LambdaForm DEBUG_NAMES Ljava/util/HashMap; null
staticfield java/lang/invoke/LambdaForm TRACE_INTERPRETER Z 0
staticfield java/lang/invoke/LambdaForm $assertionsDisabled Z 1
ciInstanceKlass java/lang/invoke/MethodHandleNatives 1 1 684 100 1 10 7 12 1 1 1 9 7 12 1 1 1 10 12 1 1 100 1 10 10 12 1 1 10 12 1 10 12 1 8 1 8 1 8 1 8 1 8 1 8 1 8 1 8 1 8 1 8 1 10 12 1 1 7 1 10 7 12 1 1 1 10 100 12 1 1 1 7 1 10 10 12 1 1 8 1 10 12 1 8 1 10 12 1 1 8 1 10 12 1 1 9 100 12 1 1 1 8 1 10 100 12 1 1 1 100 1 10 12 100 1 100 1 8 1 7 1 10 10 12 1 7 1 9 7 12 1 1 10 12 1 1 10 12 1 10 7 12 1 1 1 7 1 10 12 1 1 10 7 12 1 1 1 10 12 1 10 12 1 1 10 12 1 1 9 12 1 8 1 10 12 1 8 1 10 12 1 8 1 8 1 8 1 100 1 10 12 1 8 1 10 12 1 1 10 12 1 10 100 12 1 1 1 100 1 8 1 10 100 12 1 1 1 7 1 8 1 10 12 1 8 1 8 1 8 1 8 1 8 1 10 12 1 1 10 12 1 1 10 12 1 10 12 1 1 10 12 1 1 7 1 10 12 1 100 1 100 1 10 12 1 10 12 1 8 1 8 1 10 10 12 1 1 10 12 1 1 8 1 10 100 12 1 1 1 8 1 8 1 10 12 1 1 10 7 12 1 1 1 100 1 10 12 1 1 7 1 9 12 1 1 10 7 12 1 1 1 10 10 12 1 9 12 1 10 12 1 1 9 12 1 9 12 1 10 12 1 1 10 12 1 10 12 1 1 7 1 7 1 10 12 1 1 10 12 1 10 12 1 1 10 7 12 1 1 1 10 12 1 8 1 10 12 1 10 12 1 10 12 1 1 10 12 1 10 7 12 1 1 1 10 12 1 1 100 1 8 1 10 9 7 12 1 1 1 10 12 1 1 10 12 1 1 100 1 10 12 1 1 10 12 1 1 100 1 100 1 10 10 100 1 100 1 10 100 1 10 10 12 1 1 10 100 1 10 12 1 10 12 1 10 12 1 1 10 12 1 1 10 12 1 1 10 12 1 10 12 1 1 10 8 1 100 1 10 12 1 10 12 1 10 12 1 10 12 1 10 12 1 1 10 12 1 9 12 1 1 10 7 12 1 1 1 9 12 1 1 11 7 12 1 1 1 10 12 1 10 12 1 10 10 12 1 10 7 12 1 1 1 1 1 1 1 1 1 1 1 1 1 1 1 100 1 1 1 1 1 1 1 1 1 1 1 1 1 1 1 1 1 1 1 1 1 1 1 1 1 1 1 1 1 1 1 1 1 1 1 1 1 1 1 1 1 1 1 1 1 1 1 1 1 1 1 1 1 1 1 1 1 1 1 1 1 1 1 1 1 1 1 1 1 1 1 1 1 1 1 1 1 1 1 1 1 1 1 1 1 1 1 1 1 1 1 1 1 1 1 1 1 1 100 1 1 1 1 1 1 1 1 1 1 1 1 1 1 1 1 1 1 1 1 1 1 1 1 1 1 1 1 100 1 1 1 1 1 1 1 100 1 1 1
staticfield java/lang/invoke/MethodHandleNatives JLA Ljdk/internal/access/JavaLangAccess; java/lang/System$2
staticfield java/lang/invoke/MethodHandleNatives $assertionsDisabled Z 1
ciInstanceKlass jdk/internal/reflect/CallerSensitive 0 0 17 100 1 100 1 100 1 1 1 1 1 1 1 1 1 1 1
ciInstanceKlass jdk/internal/reflect/ConstantPool 1 1 142 10 100 12 1 1 1 9 7 12 1 1 1 10 12 1 1 10 12 1 1 10 12 1 10 12 1 1 10 12 1 1 10 12 1 10 12 1 1 10 12 1 10 12 1 1 10 12 1 10 12 1 10 12 1 10 12 1 1 10 12 1 1 10 12 1 1 10 12 1 1 10 12 1 10 12 1 1 10 100 12 1 1 1 8 11 7 12 1 1 1 10 7 12 1 1 1 1 1 1 1 1 1 1 1 1 1 1 1 1 1 1 1 1 1 1 1 1 1 1 1 1 1 1 1 1 1 1 1 1 1 1 1 1 1 1 1 1 1 1 1 1
instanceKlass jdk/internal/reflect/UnsafeStaticObjectFieldAccessorImpl
instanceKlass jdk/internal/reflect/UnsafeQualifiedStaticFieldAccessorImpl
ciInstanceKlass jdk/internal/reflect/UnsafeStaticFieldAccessorImpl 1 1 47 10 7 12 1 1 1 9 7 12 1 1 1 10 7 12 1 1 1 9 12 1 1 8 11 7 12 1 1 1 10 7 12 1 1 1 1 1 1 1 1 1 1 1 1 1 1
instanceKlass jdk/internal/reflect/UnsafeFieldAccessorImpl
ciInstanceKlass jdk/internal/reflect/FieldAccessorImpl 1 1 59 10 7 12 1 1 1 100 1 100 1 1 1 1 1 1 1 1 1 100 1 1 1 1 1 1 1 1 1 1 1 1 1 1 1 1 1 1 1 100 1 1 1 1 1 1 1 1 1 1 1 1 1 1 1 1 1 1 1
instanceKlass jdk/internal/reflect/UnsafeIntegerFieldAccessorImpl
instanceKlass jdk/internal/reflect/UnsafeBooleanFieldAccessorImpl
instanceKlass jdk/internal/reflect/UnsafeObjectFieldAccessorImpl
instanceKlass jdk/internal/reflect/UnsafeStaticFieldAccessorImpl
ciInstanceKlass jdk/internal/reflect/UnsafeFieldAccessorImpl 1 1 254 10 7 12 1 1 1 9 7 12 1 1 1 10 7 12 1 1 1 10 7 12 1 1 1 9 12 1 1 10 7 12 1 1 1 9 12 1 1 10 12 1 10 12 1 9 12 1 10 12 1 1 10 7 12 1 1 10 7 12 1 1 1 10 12 1 1 100 1 10 10 12 1 1 10 12 1 1 8 1 10 10 12 1 100 1 8 1 10 12 1 8 1 10 12 1 8 1 10 12 1 100 1 10 12 1 1 10 8 1 10 12 1 1 8 1 10 100 12 1 1 8 1 10 100 12 1 1 8 1 10 100 12 1 1 8 1 10 100 12 1 1 8 1 10 100 12 1 1 8 1 10 100 12 1 1 8 1 10 100 12 1 1 8 1 10 100 12 1 1 10 12 1 1 8 1 8 1 8 1 8 1 8 1 8 1 10 100 12 1 1 1 8 1 8 1 8 1 10 12 10 12 1 1 1 1 1 1 1 1 1 1 1 1 1 1 1 1 1 1 1 1 1 1 1 1 1 1 1 1 1 1 1 1 1 1 1 1 1 1 1 1 1 1 1 1 1 1 1 1 1 1 1 1
staticfield jdk/internal/reflect/UnsafeFieldAccessorImpl unsafe Ljdk/internal/misc/Unsafe; jdk/internal/misc/Unsafe
ciInstanceKlass jdk/internal/reflect/NativeConstructorAccessorImpl 1 1 126 10 7 12 1 1 1 9 7 12 1 1 1 9 12 1 1 10 7 12 1 1 1 10 7 12 1 1 1 10 7 12 1 1 1 9 12 1 9 12 1 1 9 12 1 1 10 7 12 1 1 1 7 1 10 10 12 1 1 10 12 1 10 12 1 10 12 1 1 9 12 1 1 10 7 12 1 1 1 100 1 10 12 1 1 10 12 1 1 8 10 12 1 1 1 1 1 1 1 1 1 1 1 1 1 1 1 1 1 1 1 1 1 1 100 1 100 1 100 1 1 1 1 1 1 1
staticfield jdk/internal/reflect/NativeConstructorAccessorImpl U Ljdk/internal/misc/Unsafe; jdk/internal/misc/Unsafe
staticfield jdk/internal/reflect/NativeConstructorAccessorImpl GENERATED_OFFSET J 16
ciInstanceKlass java/lang/invoke/ConstantCallSite 1 1 65 10 7 12 1 1 1 9 7 12 1 1 1 9 12 1 1 10 7 12 1 1 1 10 12 1 100 1 10 12 9 12 1 1 100 1 10 10 12 1 1 10 12 1 1 1 1 1 1 1 1 1 1 1 1 1 100 1 1 1 1 1 1 1 1
staticfield java/lang/invoke/ConstantCallSite UNSAFE Ljdk/internal/misc/Unsafe; jdk/internal/misc/Unsafe
instanceKlass jdk/dynalink/support/AbstractRelinkableCallSite
ciInstanceKlass java/lang/invoke/MutableCallSite 1 1 63 10 7 12 1 1 1 10 12 1 9 7 12 1 1 1 10 12 1 10 12 1 1 9 12 1 1 10 7 12 1 1 1 10 7 12 1 1 1 10 12 1 1 1 1 1 1 1 1 1 1 1 1 1 1 1 1 1 1 100 1 1 1
staticfield java/lang/invoke/MutableCallSite STORE_BARRIER Ljava/util/concurrent/atomic/AtomicInteger; java/util/concurrent/atomic/AtomicInteger
instanceKlass java/lang/invoke/VarHandleReferences$Array
instanceKlass java/lang/invoke/VarHandleInts$FieldStaticReadOnly
instanceKlass java/lang/invoke/VarHandleInts$FieldInstanceReadOnly
instanceKlass java/lang/invoke/VarHandleLongs$FieldInstanceReadOnly
instanceKlass java/lang/invoke/VarHandleReferences$FieldInstanceReadOnly
instanceKlass java/lang/invoke/VarHandleByteArrayAsLongs$ByteArrayViewVarHandle
instanceKlass java/lang/invoke/VarHandleByteArrayAsInts$ByteArrayViewVarHandle
instanceKlass java/lang/invoke/VarHandleReferences$FieldStaticReadOnly
ciInstanceKlass java/lang/invoke/VarHandle 1 1 390 10 7 12 1 1 1 10 7 12 1 1 9 12 1 1 9 12 1 1 100 1 10 8 1 10 12 1 1 10 7 12 1 1 1 10 12 1 1 10 100 12 1 1 1 9 100 12 1 1 1 10 12 1 1 10 100 12 1 1 1 10 12 1 1 9 12 1 10 12 1 9 12 1 1 10 7 12 1 1 10 12 1 9 7 12 1 1 1 9 12 1 1 10 12 1 1 100 1 100 1 10 8 1 10 12 1 1 10 12 1 8 1 10 12 1 10 12 1 10 12 1 1 9 7 12 1 1 1 10 12 1 10 12 1 1 10 12 1 10 10 100 12 1 1 1 10 12 1 1 10 12 1 1 10 100 12 1 1 1 10 100 12 1 1 1 10 100 12 1 1 1 9 12 1 1 10 9 12 1 1 10 12 1 10 12 1 10 12 1 1 10 12 1 10 100 12 1 1 1 9 12 1 1 10 12 1 1 9 12 1 10 12 1 10 12 1 10 100 12 1 1 100 1 10 9 7 12 1 1 1 9 12 1 1 10 7 12 1 1 1 10 12 1 10 12 1 10 12 1 10 12 1 10 12 1 10 12 1 1 7 1 10 10 7 12 1 1 1 9 12 1 1 8 10 12 1 1 7 1 10 12 1 1 100 1 1 1 1 1 1 1 1 1 1 1 1 1 1 1 1 1 1 1 1 1 1 1 1 1 1 1 1 1 1 1 1 1 1 1 1 1 1 1 1 1 1 1 1 1 1 1 1 1 1 1 1 1 1 1 1 1 1 1 1 1 1 1 1 1 1 1 1 1 1 1 1 1 1 1 1 1 1 1 1 1 1 1 1 1 1 1 1 1 100 1 100 1 100 1 1 1 1 1 1 1 100 1 1 1
staticfield java/lang/invoke/VarHandle AIOOBE_SUPPLIER Ljava/util/function/BiFunction; jdk/internal/util/Preconditions$1
staticfield java/lang/invoke/VarHandle VFORM_OFFSET J 16
staticfield java/lang/invoke/VarHandle $assertionsDisabled Z 1
ciInstanceKlass java/lang/invoke/MemberName 1 1 757 7 1 7 1 100 1 9 12 1 1 10 7 12 1 1 1 9 12 1 1 10 12 1 1 10 12 1 1 10 12 1 1 10 12 1 10 12 1 1 10 7 12 1 1 1 10 12 1 9 7 12 1 1 10 12 1 100 1 7 1 10 12 1 8 1 10 12 1 1 10 12 1 10 12 1 1 10 12 1 9 12 1 1 8 1 10 100 12 1 1 1 7 1 10 10 12 1 1 100 1 100 1 10 12 1 1 9 12 1 1 100 1 8 1 10 12 1 10 12 1 10 12 1 10 12 1 10 12 1 1 10 12 1 10 12 1 10 12 1 1 10 12 1 1 10 12 1 8 1 8 1 8 1 10 100 12 1 1 1 10 12 1 9 12 1 1 3 10 12 1 10 12 1 10 12 1 10 10 7 12 1 1 1 10 12 1 10 12 1 10 12 1 10 12 1 7 1 8 10 12 1 1 10 12 1 1 8 1 9 100 1 8 9 100 1 10 12 1 1 10 12 1 10 12 1 8 1 10 12 1 1 10 12 1 10 12 1 10 12 1 10 12 1 1 100 1 10 12 1 1 10 12 1 8 1 10 12 1 10 12 1 8 1 10 12 1 1 10 12 1 1 7 1 10 12 1 1 10 12 8 1 8 1 100 1 10 12 1 10 100 12 1 1 1 100 1 10 12 10 12 1 10 12 1 10 12 1 10 12 1 10 10 12 1 10 12 1 10 12 1 3 10 12 1 3 10 12 1 3 3 3 3 3 3 3 100 1 10 12 1 10 7 12 1 1 1 10 12 1 3 9 12 1 10 12 1 1 3 10 12 1 10 10 7 12 1 1 1 10 12 1 1 10 7 1 10 10 12 1 10 12 1 10 12 1 10 10 12 1 1 10 12 1 10 12 1 10 12 1 100 1 10 10 10 12 100 1 10 10 10 12 1 1 10 12 1 1 10 10 12 1 8 10 7 1 10 12 1 10 7 1 10 12 1 10 12 1 10 12 1 10 10 12 1 10 12 1 1 10 12 1 1 10 12 1 10 12 1 10 12 1 100 1 10 12 1 1 100 1 8 1 10 7 1 10 12 1 10 12 10 12 1 1 10 12 1 10 12 1 8 1 8 1 8 1 8 1 10 12 1 10 12 1 10 12 1 1 8 1 8 1 10 12 1 8 1 10 10 12 1 10 12 1 8 1 8 1 10 10 12 1 8 1 10 100 12 1 1 1 8 1 10 12 1 10 12 1 1 10 12 1 8 1 8 1 8 1 8 1 100 1 10 8 1 8 1 8 1 8 1 10 12 1 7 1 100 1 7 1 10 100 1 10 7 1 10 7 12 1 1 1 9 7 12 1 1 1 100 1 100 1 1 1 1 1 1 1 3 1 3 1 3 1 3 1 3 1 3 1 1 1 1 1 1 1 1 3 1 3 1 1 1 1 3 1 1 1 1 1 1 1 1 1 1 1 1 1 1 1 1 1 1 1 1 1 1 1 1 1 1 1 1 1 1 1 1 1 1 1 1 1 1 1 1 1 1 1 1 1 1 1 1 1 1 1 1 1 1 1 1 1 1 1 1 1 1 1 1 1 1 1 1 1 1 1 1 1 1 1 1 1 1 1 1 1 1 1 1 1 1 1 1 1 1 1 1 1 1 1 1 1 1 1 1 1 1 1 1 1 1 100 1 1 1 1 1 1 1 1 1 1 1 1 1 1 1
staticfield java/lang/invoke/MemberName $assertionsDisabled Z 1
ciInstanceKlass java/lang/invoke/ResolvedMethodName 1 1 16 10 100 12 1 1 1 100 1 1 1 1 1 1 1 1
ciInstanceKlass java/lang/StackWalker 1 1 235 9 7 12 1 1 1 10 7 12 1 1 1 7 1 10 7 12 1 1 1 10 12 1 1 11 7 12 1 1 1 10 12 1 1 10 12 1 1 10 12 1 1 100 1 8 1 10 12 1 10 12 1 10 12 1 10 7 12 1 1 9 12 1 1 9 12 1 1 9 12 1 1 9 12 1 1 10 12 1 1 9 12 1 1 10 7 12 1 1 1 11 12 1 1 100 1 8 1 10 10 100 12 1 1 9 12 1 1 10 12 1 1 10 7 12 1 1 1 10 7 12 1 1 1 18 12 1 1 100 1 8 1 10 10 12 1 1 10 7 12 1 1 1 9 7 12 1 1 11 100 12 1 1 1 10 12 1 1 1 1 1 1 1 1 1 1 1 1 1 1 1 1 1 1 1 1 1 1 1 1 1 1 1 1 1 1 1 1 1 1 1 1 1 1 1 1 1 1 1 1 1 1 1 1 1 1 1 100 1 1 15 10 100 12 1 1 1 16 15 10 12 16 1 1 1 1 1 1 1 100 1 100 1 1
staticfield java/lang/StackWalker DEFAULT_EMPTY_OPTION Ljava/util/EnumSet; java/util/RegularEnumSet
staticfield java/lang/StackWalker DEFAULT_WALKER Ljava/lang/StackWalker; java/lang/StackWalker
instanceKlass java/lang/StackStreamFactory$CallerClassFinder
instanceKlass java/lang/StackStreamFactory$StackFrameTraverser
ciInstanceKlass java/lang/StackStreamFactory$AbstractStackWalker 1 1 306 7 1 100 1 3 10 7 12 1 1 1 10 7 12 1 1 10 7 12 1 1 1 9 12 1 1 10 12 1 1 9 12 1 1 9 12 1 1 9 12 1 1 9 12 1 9 7 12 1 1 1 10 7 12 1 1 1 10 12 1 1 9 12 1 1 10 7 12 1 1 1 10 12 1 1 9 12 1 1 9 100 12 1 1 1 100 1 10 8 1 10 12 1 1 10 12 1 8 1 10 12 1 1 10 100 12 1 1 1 100 1 8 1 10 12 1 8 1 10 12 9 7 12 1 1 1 10 7 12 1 1 9 12 1 8 1 5 0 8 1 8 1 9 12 1 1 10 12 1 1 10 12 1 1 10 12 1 9 12 1 10 12 1 10 12 1 10 12 1 10 12 1 1 10 12 1 10 12 1 1 8 1 10 12 1 10 12 1 10 12 1 10 12 1 1 8 1 10 12 1 1 10 12 1 1 10 12 1 1 10 12 1 10 12 1 10 7 12 1 1 1 9 12 1 8 1 10 12 1 10 12 1 10 12 1 10 12 1 10 12 1 10 12 1 10 12 1 1 10 12 1 1 10 12 1 1 10 12 1 8 1 1 1 1 1 1 1 1 1 1 1 1 1 1 1 1 1 1 100 1 1 1 1 100 1 1 1 1 1 1 1 1 1 1 1 1 1 1 1 1 1 1 1 1 1
ciInstanceKlass jdk/internal/module/Modules 1 1 504 10 100 12 1 1 1 9 7 12 1 1 1 11 7 12 1 1 1 11 12 1 1 11 12 1 1 11 12 1 1 11 12 1 11 12 1 11 12 1 11 12 1 11 12 1 1 10 100 12 1 1 1 10 100 12 1 1 1 18 12 1 1 10 100 12 1 1 1 100 1 10 100 12 1 1 1 10 100 12 1 1 1 10 100 12 1 1 10 12 1 1 11 12 1 9 12 1 1 11 7 12 1 1 1 10 12 1 1 10 10 12 1 10 9 12 1 1 10 100 12 1 1 10 12 1 1 10 100 12 1 1 100 1 11 100 12 1 1 1 10 100 12 1 1 1 11 100 12 1 1 10 12 1 1 10 100 12 1 1 10 100 12 1 1 1 10 12 1 1 10 12 1 1 11 12 1 1 18 12 1 1 11 100 12 1 1 10 100 12 1 1 1 11 100 12 1 1 1 100 1 11 12 1 1 11 100 12 1 1 1 11 12 1 1 10 12 1 1 10 100 12 1 1 18 12 1 1 11 12 1 1 18 12 1 1 11 12 1 1 10 12 1 18 18 10 12 1 1 9 12 1 1 11 100 12 1 1 1 100 1 10 11 12 1 11 12 1 1 11 12 1 1 10 100 1 10 12 1 1 10 100 12 1 1 10 12 1 1 11 12 10 12 1 1 100 1 10 18 12 1 10 12 1 1 100 1 8 1 10 12 1 10 100 12 1 1 18 12 1 11 11 12 10 12 1 10 10 100 1 18 12 1 10 10 10 7 12 1 1 10 7 12 1 1 1 10 12 1 1 1 1 1 1 1 1 1 1 1 1 1 1 1 1 1 1 1 1 1 1 1 1 1 1 1 1 1 1 1 1 1 100 1 1 1 1 1 1 1 1 1 1 1 1 1 1 1 1 1 1 1 1 1 1 1 1 1 1 1 1 1 1 1 1 1 1 1 100 1 1 1 1 1 1 1 1 1 1 1 1 1 1 1 1 1 1 1 1 1 1 1 15 10 100 12 1 1 1 16 15 10 12 1 16 16 15 10 12 1 16 1 16 1 15 10 12 1 16 1 16 1 15 10 12 16 1 15 10 16 1 15 10 12 16 1 15 10 12 16 15 10 12 16 15 10 12 1 1 1 100 1 100 1 1
staticfield jdk/internal/module/Modules JLA Ljdk/internal/access/JavaLangAccess; java/lang/System$2
staticfield jdk/internal/module/Modules JLMA Ljdk/internal/access/JavaLangModuleAccess; java/lang/module/ModuleDescriptor$1
staticfield jdk/internal/module/Modules $assertionsDisabled Z 1
ciMethod java/util/AbstractList <init> ()V 526 0 236048 0 64
ciMethod java/util/List add (Ljava/lang/Object;)Z 0 0 1 0 -1
ciMethod java/lang/String equals (Ljava/lang/Object;)Z 1024 0 9898 0 448
ciMethod java/util/ArrayList add (Ljava/lang/Object;)Z 568 0 399283 0 1984
ciMethod java/util/ArrayList <init> (I)V 4200 0 11258 0 0
ciMethod java/util/ArrayList add (Ljava/lang/Object;[Ljava/lang/Object;I)V 580 0 399282 0 -1
ciMethod java/lang/Object <init> ()V 1024 0 2066417 0 128
instanceKlass org/spongepowered/asm/transformers/MixinClassReader
ciInstanceKlass org/objectweb/asm/ClassReader 1 1 1073 1 7 1 7 1 1 100 1 100 1 1 1 3 1 3 1 3 1 3 1 3 1 3 1 3 1 1 1 1 1 1 1 1 1 1 1 1 1 1 1 1 12 10 1 1 1 1 12 10 1 1 1 12 10 12 9 12 9 1 1 12 10 1 100 1 1 1 100 10 1 8 1 1 12 10 1 12 10 1 1 12 10 12 10 1 12 10 1 1 12 10 12 9 1 7 12 9 10 12 9 12 9 1 100 12 9 1 1 12 10 12 9 1 1 1 1 1 1 1 1 1 1 1 100 1 1 12 10 12 10 1 1 1 1 12 10 1 1 1 8 12 10 1 100 1 1 12 10 1 1 1 100 1 8 10 1 1 12 10 1 7 10 1 7 1 1 12 10 1 12 10 1 12 10 1 12 10 10 1 1 12 10 1 1 1 1 1 1 1 1 12 10 1 7 1 1 12 10 1 1 1 1 1 12 10 1 1 1 1 1 1 1 1 1 1 1 1 7 1 12 10 1 1 1 1 7 10 1 1 12 9 12 9 12 9 1 12 10 1 12 10 1 12 10 1 8 1 1 12 10 1 8 1 8 1 8 1 8 1 8 1 8 1 8 1 8 1 8 3 1 8 1 8 1 1 12 10 1 8 1 8 1 8 3 1 8 1 8 1 8 1 8 1 1 12 10 1 1 12 9 1 7 1 1 12 10 1 1 12 10 1 1 12 10 1 12 10 1 1 12 10 1 1 12 10 1 1 12 10 1 1 12 10 1 12 9 1 1 12 9 1 1 12 10 1 1 12 10 1 12 10 1 12 10 1 1 12 10 1 1 12 10 1 12 10 1 12 10 1 12 10 1 1 1 1 1 1 1 1 1 1 1 1 1 1 1 1 1 1 1 1 1 1 1 1 1 1 1 1 1 1 1 1 1 1 1 1 1 1 1 1 1 1 12 10 1 1 12 10 1 7 1 12 10 1 12 10 1 12 10 1 1 12 10 1 1 12 10 1 12 10 1 12 10 1 1 12 10 10 1 1 1 1 1 1 1 1 1 1 1 1 1 1 1 1 1 1 1 1 1 1 1 1 1 1 1 1 1 12 10 1 7 10 10 10 10 1 1 1 1 1 1 8 1 1 12 10 1 1 12 10 1 7 10 10 10 10 1 1 1 1 1 1 1 12 9 1 12 9 1 12 9 1 8 1 8 1 8 1 8 1 8 1 8 12 10 1 1 12 10 1 7 1 1 12 10 1 1 12 10 1 12 10 1 7 1 1 12 10 1 1 12 10 1 1 12 10 1 7 10 10 10 1 1 12 10 10 1 12 10 1 1 12 10 10 1 1 1 1 1 1 1 1 1 1 1 1 1 1 1 1 1 1 1 1 7 1 1 12 9 1 1 12 10 1 1 12 10 1 8 1 1 12 10 1 8 1 8 1 1 12 10 1 1 12 10 1 8 1 8 1 12 9 1 12 9 1 12 9 1 12 9 1 1 12 9 1 12 9 1 12 9 1 1 12 10 1 1 12 10 1 1 12 10 1 12 10 1 12 10 1 1 12 10 1 12 10 1 12 10 1 1 12 10 1 12 10 1 1 12 10 1 1 12 10 1 12 10 1 1 12 10 1 1 12 10 1 1 12 10 1 7 1 1 12 10 1 1 12 10 1 12 10 1 100 10 1 12 10 1 1 12 10 1 1 12 10 1 12 9 1 12 9 1 12 9 1 1 12 10 1 12 10 1 1 1 1 1 1 1 1 1 1 1 1 1 1 1 1 1 1 1 1 1 1 1 1 1 1 1 1 1 1 1 1 1 1 1 1 1 1 1 1 1 1 1 1 1 1 1 1 1 1 1 1 1 1 1 1 1 1 1 1 1 1 1 1 1 10 12 10 1 1 12 9 1 1 7 1 12 10 1 12 10 1 1 1 1 1 1 1 1 3 3 3 1 1 12 10 1 1 12 10 1 1 1 1 1 1 1 100 1 1 12 10 1 12 10 1 100 1 12 10 1 100 1 12 10 1 7 1 1 12 9 1 12 9 1 12 10 1 7 1 1 12 10 1 12 10 1 1 12 10 1 1 12 10 1 7 1 1 12 10 1 7 1 1 12 10 1 1 1 1 1 1 1 1 1 1 1 1 1 1 1 8 1 7 1 1 12 9 1 1 12 10 1 12 9 1 12 9 1 12 9 1 12 9 1 1 12 10 1 1 1 1 1 1 1 12 10 1 1 1 1 1 1 1 1 1 1 12 9 1 12 9 1 1 1 1 1 1 12 9 1 12 10 10 1 1 1 1 1 1 1 1 1 100 1 1 12 10 5 0 1 1 1 1 1 12 10 1 1 1 1 1 1 12 10 1 1 12 10 1 1 1 7 1 12 10 1 12 10 1 7 1 12 10 1 12 10 1 12 10 1 12 10 12 10 12 10 1 1
ciInstanceKlass org/objectweb/asm/Attribute 1 1 155 1 100 1 100 1 1 100 1 1 1 1 1 1 1 1 1 1 12 10 12 9 1 1 1 1 1 1 1 1 100 1 1 12 10 1 7 1 100 1 1 12 10 1 12 10 12 9 1 1 1 1 1 1 1 1 1 1 1 1 12 10 1 1 1 12 10 1 1 1 1 12 10 1 1 1 1 1 1 1 1 12 10 12 9 1 12 9 1 100 1 1 12 10 1 1 1 1 12 9 1 1 1 1 12 10 1 1 1 7 12 9 1 1 12 10 1 1 1 12 10 1 8 1 8 3 1 8 1 1 1 1 1 12 10 1 1 1 12 10 1 12 10 1 1 12 10 1 1 1 1 1 1 1 1
ciInstanceKlass org/objectweb/asm/Context 1 1 43 1 100 1 7 1 1 1 1 1 1 1 1 1 1 1 1 1 1 1 1 1 1 1 1 1 1 1 1 1 1 1 1 1 1 12 10 1 1 1 1 1 1
instanceKlass java/nio/file/ReadOnlyFileSystemException
ciInstanceKlass java/lang/UnsupportedOperationException 1 1 34 10 7 12 1 1 1 10 12 1 10 12 1 10 12 1 100 1 1 1 1 5 0 1 1 1 1 1 1 1 1 1 1 1
ciInstanceKlass java/lang/AssertionError 0 0 79 10 100 12 1 1 1 10 12 1 10 100 12 1 1 1 10 100 1 100 1 10 12 1 1 10 12 1 10 12 1 10 12 1 10 12 1 10 12 1 10 12 1 10 12 1 1 1 1 5 0 1 1 1 1 1 1 1 1 1 1 100 1 1 1 1 1 1 1 1 1 1 1 1 1 1 1 1 1
instanceKlass net/minecraftforge/fml/loading/RuntimeDistCleaner$LambdaGatherer
instanceKlass org/spongepowered/asm/util/asm/MethodVisitorEx
instanceKlass org/objectweb/asm/util/TraceMethodVisitor
instanceKlass org/objectweb/asm/MethodWriter
instanceKlass net/minecraftforge/fml/loading/moddiscovery/ModMethodVisitor
instanceKlass org/objectweb/asm/tree/MethodNode
ciInstanceKlass org/objectweb/asm/MethodVisitor 1 1 262 1 7 1 7 1 1 100 1 100 1 1 1 1 8 1 1 1 1 1 1 1 12 10 1 1 12 10 3 3 3 3 3 3 3 1 100 1 1 1 100 10 1 8 1 1 12 10 1 12 10 1 1 12 10 12 10 1 12 10 1 100 1 1 12 10 12 9 12 9 1 1 1 1 1 1 100 10 12 10 1 1 1 1 12 10 1 1 12 10 1 1 1 1 1 12 10 1 1 1 1 1 12 10 1 1 1 12 10 1 1 1 12 10 1 1 1 12 10 1 1 12 10 1 1 1 1 1 1 1 12 10 1 1 1 12 10 1 1 12 10 1 1 1 12 10 1 1 12 10 1 1 1 1 12 10 1 1 8 12 10 1 1 1 12 10 1 1 1 1 1 12 10 1 1 1 1 12 10 1 1 100 1 100 1 1 12 10 1 100 1 8 12 10 1 1 1 12 10 1 1 1 12 10 1 1 1 1 1 1 1 12 10 1 1 1 12 10 1 1 12 10 1 1 12 10 1 1 1 1 12 10 1 1 12 10 1 1 1 1 12 10 1 12 10 1 1 12 10 1 1 1 12 10 1 1 1 1 1 1 1 1
instanceKlass org/spongepowered/asm/util/asm/MethodNodeEx
ciInstanceKlass org/objectweb/asm/tree/MethodNode 1 1 519 1 7 1 7 1 1 100 1 1 1 1 1 1 1 1 1 1 1 1 1 1 1 1 1 1 1 1 1 1 1 1 1 1 1 1 1 1 1 1 1 1 1 1 1 1 1 1 1 1 3 1 12 10 1 7 1 1 12 10 1 100 12 10 1 1 10 1 7 10 12 9 1 1 1 12 10 1 1 12 9 12 9 12 9 12 9 1 7 1 1 12 10 12 9 1 7 10 12 9 10 12 9 1 1 12 9 1 7 12 10 1 7 1 1 12 11 1 1 1 7 1 12 10 1 12 10 1 1 1 12 10 12 9 1 12 10 12 9 1 1 1 1 1 1 7 1 12 10 12 9 12 9 1 1 1 1 1 1 1 12 9 12 9 1 1 1 12 9 1 7 1 1 12 10 12 9 1 1 1 1 12 9 1 1 1 1 1 1 7 1 1 12 10 12 10 1 12 10 1 1 1 1 1 1 1 1 7 10 1 1 1 1 7 12 10 1 1 1 7 10 1 1 1 1 7 12 10 1 1 1 7 12 10 1 1 1 12 9 3 12 10 1 7 12 10 1 1 1 1 1 7 12 10 1 1 1 1 1 1 7 1 1 12 10 1 12 10 1 1 1 1 1 1 1 7 12 10 1 1 1 7 10 1 1 1 1 7 1 12 10 1 12 10 1 1 1 1 1 1 1 1 7 1 12 10 1 1 1 1 100 10 1 1 1 1 12 10 1 100 1 1 12 10 1 12 10 9 9 1 1 1 1 1 7 1 12 10 1 1 1 1 1 1 3 1 1 12 11 9 9 1 1 1 7 1 12 10 1 1 1 1 1 1 100 1 12 10 12 9 12 9 1 1 1 1 7 10 1 1 12 9 12 9 1 1 7 1 12 9 1 7 10 1 1 1 1 1 1 1 3 1 1 12 11 1 100 10 1 12 11 10 1 12 10 1 12 9 12 9 1 12 9 1 100 1 12 10 3 1 100 1 1 1 1 7 1 12 11 7 1 7 1 1 12 10 1 12 10 1 1 1 1 1 10 12 9 12 10 1 12 10 1 100 12 10 9 12 10 1 12 10 12 9 12 9 9 12 10 10 12 10 12 10 12 9 1 12 10 1 100 12 10 12 10 1 12 10 10 10 10 1 12 10 12 10 10 1 1 1 1 1 1 1 1 1 1 1 1
ciInstanceKlass org/objectweb/asm/Type 1 1 379 1 7 1 7 1 1 100 1 100 1 1 1 3 1 3 1 3 1 3 1 3 1 3 1 3 1 3 1 3 1 3 1 3 1 3 1 3 1 1 1 8 1 1 1 1 1 1 1 1 1 1 1 1 1 1 1 1 1 12 10 12 9 12 9 12 9 12 9 1 1 1 1 7 1 1 12 10 1 1 12 10 1 1 1 1 7 1 1 12 10 1 7 1 1 12 9 12 9 1 7 9 12 9 1 7 9 12 9 1 7 9 12 9 1 7 9 12 9 1 7 9 12 9 1 7 9 12 9 1 7 9 12 9 1 7 9 12 9 1 100 10 1 1 12 10 12 10 1 1 1 1 1 1 12 10 1 1 1 1 1 1 12 10 1 1 1 1 1 12 10 1 1 1 1 12 10 12 10 1 1 1 1 1 12 10 1 1 1 1 1 1 12 10 1 12 10 1 1 12 10 1 1 12 10 1 7 1 12 10 1 1 1 1 1 1 1 100 1 1 12 10 12 10 1 1 1 1 1 1 12 10 1 12 10 1 12 10 1 100 1 1 1 7 10 1 8 1 1 12 10 1 12 10 12 10 1 12 10 1 1 1 1 1 8 1 8 1 8 1 8 1 8 1 8 1 8 1 8 1 8 12 10 12 10 10 1 8 1 1 12 10 1 1 12 10 1 1 1 1 1 12 10 1 1 8 1 8 12 10 1 1 12 10 1 1 12 10 1 100 10 1 8 1 1 1 12 10 1 1 12 10 1 1 12 10 1 12 10 12 10 1 1 1 1 1 1 1 12 10 1 1 1 1 1 1 100 10 1 1 1 1 1 1 1 1 1 1 1 1 1 1 1 1 1 1 1 1 1
staticfield org/objectweb/asm/Type VOID_TYPE Lorg/objectweb/asm/Type; org/objectweb/asm/Type
staticfield org/objectweb/asm/Type BOOLEAN_TYPE Lorg/objectweb/asm/Type; org/objectweb/asm/Type
staticfield org/objectweb/asm/Type CHAR_TYPE Lorg/objectweb/asm/Type; org/objectweb/asm/Type
staticfield org/objectweb/asm/Type BYTE_TYPE Lorg/objectweb/asm/Type; org/objectweb/asm/Type
staticfield org/objectweb/asm/Type SHORT_TYPE Lorg/objectweb/asm/Type; org/objectweb/asm/Type
staticfield org/objectweb/asm/Type INT_TYPE Lorg/objectweb/asm/Type; org/objectweb/asm/Type
staticfield org/objectweb/asm/Type FLOAT_TYPE Lorg/objectweb/asm/Type; org/objectweb/asm/Type
staticfield org/objectweb/asm/Type LONG_TYPE Lorg/objectweb/asm/Type; org/objectweb/asm/Type
staticfield org/objectweb/asm/Type DOUBLE_TYPE Lorg/objectweb/asm/Type; org/objectweb/asm/Type
instanceKlass org/objectweb/asm/tree/AnnotationNode
instanceKlass org/objectweb/asm/AnnotationWriter
instanceKlass net/minecraftforge/fml/loading/moddiscovery/ModAnnotationVisitor
ciInstanceKlass org/objectweb/asm/AnnotationVisitor 1 1 98 1 7 1 7 1 1 100 1 100 1 1 1 1 1 1 1 1 12 10 1 1 12 10 3 3 3 3 3 3 3 1 100 1 1 1 100 10 1 8 1 1 12 10 1 12 10 1 1 12 10 12 10 1 12 10 1 100 1 1 12 10 12 9 12 9 1 1 1 1 1 12 10 1 1 1 1 1 1 12 10 1 1 1 12 10 1 1 12 10 1 12 10 1 1 1 1 1
ciInstanceKlass org/objectweb/asm/Label 1 1 231 1 7 1 7 1 1 100 1 100 1 1 1 3 1 3 1 3 1 3 1 3 1 3 1 3 1 3 1 1 3 1 3 1 3 1 3 1 3 1 3 1 1 1 1 1 1 1 1 1 1 1 1 1 1 1 1 1 1 1 1 1 1 1 12 10 1 1 1 12 9 1 100 1 8 1 12 10 12 9 1 1 12 9 1 7 1 12 9 1 1 12 9 12 9 1 7 1 1 12 10 1 1 1 1 1 7 1 1 12 10 3 1 1 12 10 1 1 1 1 1 1 1 1 7 1 12 9 1 1 12 10 1 1 12 10 1 12 10 1 1 1 1 1 1 12 9 1 1 1 1 1 1 1 1 12 9 1 1 1 1 1 1 1 12 9 12 9 12 9 1 1 12 10 1 1 1 1 100 12 9 12 9 1 12 9 1 12 10 1 1 1 1 12 9 1 1 1 1 1 1 1 1 12 10 1 1 1 100 10 1 8 1 1 12 10 1 12 10 12 10 12 10 1 10 1 1 1 1 1 1
staticfield org/objectweb/asm/Label EMPTY_LIST Lorg/objectweb/asm/Label; org/objectweb/asm/Label
ciInstanceKlass org/objectweb/asm/Handle 1 1 93 1 7 1 7 1 1 100 1 100 1 1 1 1 1 1 1 1 1 1 1 1 1 12 10 1 1 1 12 10 12 9 12 9 12 9 12 9 12 9 1 1 1 1 1 1 1 1 1 1 7 12 10 1 1 1 1 12 10 1 1 8 1 8 1 1 1 100 10 1 1 12 10 1 8 1 8 1 12 10 1 8 12 10 12 10 1 1 1 1 1 1 1
instanceKlass org/objectweb/asm/tree/FrameNode
instanceKlass org/objectweb/asm/tree/InsnNode
instanceKlass org/objectweb/asm/tree/VarInsnNode
instanceKlass org/objectweb/asm/tree/TypeInsnNode
instanceKlass org/objectweb/asm/tree/IntInsnNode
instanceKlass org/objectweb/asm/tree/InvokeDynamicInsnNode
instanceKlass org/objectweb/asm/tree/JumpInsnNode
instanceKlass org/objectweb/asm/tree/LabelNode
instanceKlass org/objectweb/asm/tree/IincInsnNode
instanceKlass org/objectweb/asm/tree/TableSwitchInsnNode
instanceKlass org/objectweb/asm/tree/LookupSwitchInsnNode
instanceKlass org/objectweb/asm/tree/MultiANewArrayInsnNode
instanceKlass org/objectweb/asm/tree/LineNumberNode
instanceKlass org/objectweb/asm/tree/LdcInsnNode
instanceKlass org/objectweb/asm/tree/FieldInsnNode
instanceKlass org/objectweb/asm/tree/MethodInsnNode
ciInstanceKlass org/objectweb/asm/tree/AbstractInsnNode 1 1 157 1 7 1 7 1 1 1 3 1 3 1 3 1 3 1 3 1 3 1 3 1 3 1 3 1 3 1 3 1 3 1 3 1 3 1 3 1 3 1 1 1 1 1 1 1 1 1 1 1 1 12 10 12 9 12 9 1 1 1 1 1 1 12 9 1 12 9 1 1 1 12 9 1 100 1 12 11 1 1 12 11 1 100 1 12 9 1 1 12 9 1 1 12 9 1 100 1 1 12 10 1 12 10 12 9 1 1 1 1 1 1 1 1 1 1 1 1 100 1 12 11 1 100 1 1 1 1 1 1 1 1 1 1 1 1 1 1 100 10 1 12 10 1 1 12 11 1 1 1 1 1 1 1 1 1 1
ciInstanceKlass org/objectweb/asm/tree/MethodInsnNode 1 1 67 1 7 1 7 1 1 1 1 1 1 1 1 1 1 12 10 1 1 1 1 1 1 12 10 12 9 12 9 12 9 12 9 1 1 12 9 1 1 1 1 1 7 1 12 10 1 12 10 1 1 1 1 1 1 1 12 10 1 1 1 1 1 1 1 1 1
ciInstanceKlass org/objectweb/asm/tree/InsnList 1 1 118 1 7 1 1 7 1 100 1 1 100 1 1 1 1 1 1 1 1 1 1 12 10 1 1 1 12 9 1 1 12 9 1 12 9 1 1 1 100 10 12 9 1 1 12 10 1 1 1 1 7 1 12 9 1 1 1 1 12 9 1 1 12 10 1 1 1 1 1 1 12 10 1 1 12 10 1 1 1 1 1 12 9 1 1 1 1 1 1 1 12 10 1 1 1 1 1 1 1 1 1 1 1 1 1 100 1 12 10 1 12 10 1 1 1 1 1 1
ciInstanceKlass org/objectweb/asm/tree/FieldInsnNode 1 1 61 1 7 1 7 1 1 1 1 1 1 1 1 12 10 12 9 12 9 12 9 1 1 1 1 1 1 12 9 1 1 1 1 1 7 1 12 10 1 12 10 1 1 1 1 1 12 10 1 1 12 10 1 1 1 1 1 1 1 1 1
ciInstanceKlass org/objectweb/asm/tree/LdcInsnNode 1 1 50 1 7 1 7 1 1 1 1 1 1 12 10 12 9 1 1 1 1 1 1 1 1 7 1 12 10 1 12 10 1 1 1 1 1 12 10 1 1 12 10 1 1 1 1 1 1 1 1 1
ciInstanceKlass org/objectweb/asm/tree/LineNumberNode 1 1 56 1 7 1 7 1 1 1 1 1 1 1 1 12 10 12 9 12 9 1 1 1 1 1 1 1 7 1 1 12 10 1 7 1 1 12 10 1 1 1 1 1 1 12 10 12 10 1 1 1 1 1 1 1 1 1
ciInstanceKlass org/objectweb/asm/tree/TableSwitchInsnNode 1 1 96 1 7 1 7 1 1 1 1 1 1 1 1 1 1 1 1 12 10 12 9 12 9 12 9 1 7 1 1 12 10 12 9 1 1 1 1 1 1 1 1 7 1 12 11 1 7 1 1 12 11 1 7 1 1 12 10 1 7 1 1 12 10 1 12 10 1 1 1 1 1 1 1 1 1 1 12 10 1 12 10 12 10 1 1 12 10 1 1 1 1 1 1 1 1 1
ciInstanceKlass org/objectweb/asm/tree/IincInsnNode 1 1 53 1 7 1 7 1 1 1 1 1 1 1 12 10 12 9 12 9 1 1 1 1 1 1 1 1 7 1 12 10 1 12 10 1 1 1 1 1 12 10 1 1 12 10 1 1 1 1 1 1 1 1 1
ciInstanceKlass org/objectweb/asm/tree/LabelNode 1 1 57 1 7 1 7 1 1 1 1 1 1 12 10 1 1 1 12 9 1 1 1 1 1 1 7 12 10 1 1 12 10 1 7 1 12 10 1 1 1 1 1 1 100 1 1 12 11 1 1 1 1 1 1 1 1 1 1
ciInstanceKlass org/objectweb/asm/tree/JumpInsnNode 1 1 64 1 7 1 7 1 1 1 1 1 1 12 10 12 9 1 1 1 1 1 12 9 1 1 1 1 1 7 1 1 12 10 1 7 1 1 12 10 1 12 10 1 1 1 1 1 1 12 10 12 10 1 1 12 10 1 1 1 1 1 1 1 1 1
ciInstanceKlass org/objectweb/asm/tree/InvokeDynamicInsnNode 1 1 63 1 7 1 7 1 1 1 1 1 1 1 1 1 1 1 12 10 12 9 12 9 12 9 12 9 1 1 1 1 1 1 1 1 1 1 7 1 12 10 1 12 10 1 1 1 1 1 12 10 1 1 12 10 1 1 1 1 1 1 1 1 1
ciInstanceKlass org/objectweb/asm/tree/IntInsnNode 1 1 53 1 7 1 7 1 1 1 1 1 1 12 10 12 9 1 1 1 1 12 9 1 1 1 1 1 7 1 12 10 1 12 10 1 1 1 1 1 12 10 1 1 12 10 1 1 1 1 1 1 1 1 1
ciInstanceKlass org/objectweb/asm/tree/TypeInsnNode 1 1 55 1 7 1 7 1 1 1 1 1 1 12 10 12 9 1 1 1 1 1 1 12 9 1 1 1 1 1 7 1 12 10 1 12 10 1 1 1 1 1 12 10 1 1 12 10 1 1 1 1 1 1 1 1 1
ciInstanceKlass org/objectweb/asm/tree/VarInsnNode 1 1 54 1 7 1 7 1 1 1 1 1 1 12 10 12 9 1 1 1 1 1 12 9 1 1 1 1 1 7 1 12 10 1 12 10 1 1 1 1 1 12 10 1 1 12 10 1 1 1 1 1 1 1 1 1
ciInstanceKlass org/objectweb/asm/tree/InsnNode 1 1 47 1 7 1 7 1 1 1 12 10 1 1 1 1 1 1 1 1 12 9 1 7 1 12 10 1 12 10 1 1 1 1 1 10 1 1 12 10 1 1 1 1 1 1 1 1 1
ciInstanceKlass org/objectweb/asm/tree/FrameNode 1 1 108 1 7 1 7 1 1 1 1 1 1 1 1 1 1 12 10 1 1 1 12 9 1 7 1 1 12 10 12 9 12 9 1 12 10 1 100 12 10 1 1 1 1 1 1 1 1 7 1 12 11 1 1 12 10 1 7 1 12 10 1 1 1 1 1 10 1 100 10 1 1 12 11 1 7 1 100 1 12 11 1 1 12 11 1 1 1 1 1 1 1 1 1 1 7 1 1 12 10 1 1 1 1 1 1 1 1 1
ciInstanceKlass org/objectweb/asm/tree/Util 1 1 158 1 100 1 100 1 1 1 12 10 1 1 1 1 1 1 7 1 12 10 1 7 1 12 11 1 1 1 1 1 1 1 1 1 1 1 1 1 1 1 10 10 1 1 1 1 1 1 1 1 1 100 1 1 12 10 1 1 1 1 1 1 1 1 1 100 1 12 10 1 1 1 1 1 1 1 1 100 1 12 10 1 1 1 1 1 1 1 1 1 100 1 12 10 1 1 1 1 1 1 1 1 1 7 1 12 10 1 1 1 1 1 1 1 100 1 12 10 1 1 1 1 1 1 1 1 1 100 1 12 10 1 1 1 1 1 1 1 1 1 100 1 12 10 1 1 1 1 1 1 1 1 1 1 1 1 1 1
ciInstanceKlass org/objectweb/asm/tree/LocalVariableNode 1 1 55 1 7 1 7 1 1 1 1 1 1 1 1 1 1 1 1 1 12 10 12 9 12 9 12 9 12 9 12 9 12 9 1 1 1 1 1 1 7 1 1 12 10 1 7 1 1 12 10 1 1 1 1 1 1
ciInstanceKlass org/objectweb/asm/tree/TryCatchBlockNode 1 1 95 1 7 1 7 1 1 1 1 1 1 1 1 1 1 1 1 1 1 12 10 12 9 12 9 12 9 12 9 1 1 1 1 3 12 9 1 100 1 1 12 11 1 1 12 11 1 100 1 1 12 9 12 9 1 1 1 1 1 1 1 7 1 1 12 10 1 7 1 1 12 10 1 1 12 9 1 12 9 1 1 12 10 1 12 10 1 1 1 1 1 1 1 1 1
ciInstanceKlass org/objectweb/asm/TypePath 1 1 115 1 7 1 7 1 1 1 3 1 3 1 3 1 3 1 1 1 1 1 1 12 10 12 9 12 9 1 1 1 1 1 1 1 1 1 1 1 100 1 12 10 1 7 1 12 10 1 1 12 10 1 1 12 10 1 1 12 10 1 100 10 1 12 9 12 9 12 10 1 1 1 1 1 1 1 1 1 1 1 12 10 1 100 10 12 10 1 1 12 10 12 10 1 12 10 1 100 10 12 10 1 1 1 1 1 1 1 12 10 1 1 1 1 1
ciMethodData java/lang/Object <init> ()V 2 2066417 orig 80 1 0 0 0 0 0 0 0 0 0 0 0 0 0 0 0 0 0 0 0 0 0 0 0 0 0 0 0 0 0 0 0 0 0 0 0 0 0 0 0 0 0 0 0 0 0 0 0 0 0 0 0 0 0 0 0 0 0 0 0 0 0 0 0 0 0 0 0 0 0 0 0 0 0 0 0 0 0 0 0 data 4 0x0 0x9 0x1 0x0 oops 0 methods 0
ciMethodData java/lang/String equals (Ljava/lang/Object;)Z 2 9898 orig 80 0 0 0 0 0 0 0 0 0 0 0 0 0 0 0 0 0 0 0 0 0 0 0 0 0 0 0 0 0 0 0 0 0 0 0 0 0 0 0 0 0 0 0 0 0 0 0 0 0 0 0 0 0 0 0 0 0 0 0 0 0 0 0 0 0 0 0 0 0 0 0 0 0 0 0 0 0 0 0 0 data 49 0x20007 0x20aa 0x20 0x401 0x80104 0x0 0x0 0x2955b0e79a0 0x20a9 0x0 0x0 0xb0007 0x1 0xe0 0x20a9 0xf0004 0x0 0x0 0x2955b0e79a0 0x20a9 0x0 0x0 0x160007 0x0 0x40 0x20a9 0x210007 0x0 0x68 0x20a9 0x2c0002 0x20a9 0x2f0007 0x1dea 0x38 0x2bf 0x330003 0x2bf 0x18 0x0 0x0 0x0 0x0 0x0 0x0 0x9 0x2 0x0 0x0 oops 2 7 java/lang/String 18 java/lang/String methods 0
ciMethodData java/util/AbstractCollection <init> ()V 2 305116 orig 80 0 0 0 0 0 0 0 0 0 0 0 0 149 2 0 0 0 0 0 0 0 0 0 0 0 0 0 0 0 0 0 0 0 0 0 0 0 0 0 0 0 0 0 0 0 0 0 0 0 0 0 0 0 0 0 0 0 0 0 0 0 0 0 0 0 0 0 0 0 0 0 0 0 0 0 0 0 0 0 0 data 7 0x10002 0x4a6d0 0x0 0x0 0x9 0x1 0x0 oops 0 methods 0
ciMethodData java/util/ArrayList add (Ljava/lang/Object;)Z 2 399437 orig 80 0 0 0 0 0 0 0 0 0 0 0 0 149 2 0 0 0 0 0 0 0 0 0 0 0 0 0 0 0 0 0 0 0 0 0 0 0 0 0 0 0 0 0 0 0 0 0 0 0 0 0 0 0 0 0 0 0 0 0 0 0 0 0 0 0 0 0 0 0 0 0 0 0 0 0 0 0 0 0 0 data 17 0x140005 0x61731 0x0 0x0 0x0 0x0 0x0 0x0 0x0 0x0 0x0 0x0 0x0 0x9 0x2 0xe 0x0 oops 0 methods 0
ciMethod java/lang/UnsupportedOperationException <init> (Ljava/lang/String;)V 30 0 633 0 -1
ciMethodData java/util/AbstractList <init> ()V 2 236048 orig 80 0 0 0 0 0 0 0 0 0 0 0 0 149 2 0 0 0 0 0 0 0 0 0 0 0 0 0 0 0 0 0 0 0 0 0 0 0 0 0 0 0 0 0 0 0 0 0 0 0 0 0 0 0 0 0 0 0 0 0 0 0 0 0 0 0 0 0 0 0 0 0 0 0 0 0 0 0 0 0 0 data 9 0x10002 0x39909 0x0 0x0 0x0 0x0 0x9 0x1 0x6 oops 0 methods 0
ciMethodData java/util/ArrayList <init> (I)V 2 11258 orig 80 0 0 0 0 0 0 0 0 0 0 0 0 0 0 0 0 0 0 0 0 0 0 0 0 0 0 0 0 0 0 0 0 0 0 0 0 0 0 0 0 0 0 0 0 0 0 0 0 0 0 0 0 0 0 0 0 0 0 0 0 0 0 0 0 0 0 0 0 0 0 0 0 0 0 0 0 0 0 0 0 data 51 0x10002 0x23c6 0x50007 0x125 0x38 0x22a1 0x100003 0x22a1 0x118 0x140007 0x0 0x38 0x125 0x1e0003 0x125 0xe0 0x290002 0x0 0x2e0005 0x0 0x0 0x0 0x0 0x0 0x0 0x320005 0x0 0x0 0x0 0x0 0x0 0x0 0x350005 0x0 0x0 0x0 0x0 0x0 0x0 0x380002 0x0 0x0 0x0 0x0 0x0 0x0 0x0 0x9 0x2 0x0 0x0 oops 0 methods 0
ciMethod org/objectweb/asm/ClassReader readStringish (I[C)Ljava/lang/String; 1448 0 43698 0 -1
ciMethod org/objectweb/asm/ClassReader readClass (I[C)Ljava/lang/String; 770 0 43111 0 416
ciMethod org/objectweb/asm/ClassReader readConstantDynamic (I[C)Lorg/objectweb/asm/ConstantDynamic; 0 0 1 0 -1
ciMethod org/objectweb/asm/ClassReader readConst (I[C)Ljava/lang/Object; 46 0 5284 0 4192
ciMethod org/objectweb/asm/ClassReader readCode (Lorg/objectweb/asm/MethodVisitor;Lorg/objectweb/asm/Context;I)V 0 0 1017 0 -1
ciMethod org/objectweb/asm/ClassReader readBytecodeInstructionOffset (I)V 1024 0 13472 0 64
ciMethod org/objectweb/asm/ClassReader readLabel (I[Lorg/objectweb/asm/Label;)Lorg/objectweb/asm/Label; 530 0 4912 0 0
ciMethod org/objectweb/asm/ClassReader createLabel (I[Lorg/objectweb/asm/Label;)Lorg/objectweb/asm/Label; 444 0 1677 0 0
ciMethod org/objectweb/asm/ClassReader createDebugLabel (I[Lorg/objectweb/asm/Label;)V 852 0 7001 0 0
ciMethod org/objectweb/asm/ClassReader readTypeAnnotations (Lorg/objectweb/asm/MethodVisitor;Lorg/objectweb/asm/Context;IZ)[I 0 0 1 0 -1
ciMethod org/objectweb/asm/ClassReader getTypeAnnotationBytecodeOffset ([II)I 544 0 2034 0 0
ciMethod org/objectweb/asm/ClassReader readTypeAnnotationTarget (Lorg/objectweb/asm/Context;I)I 0 0 1266 0 -1
ciMethod org/objectweb/asm/ClassReader readElementValues (Lorg/objectweb/asm/AnnotationVisitor;IZ[C)I 84 0 7061 0 -1
ciMethod org/objectweb/asm/ClassReader computeImplicitFrame (Lorg/objectweb/asm/Context;)V 0 0 1 0 -1
ciMethod org/objectweb/asm/ClassReader readStackMapFrame (IZZLorg/objectweb/asm/Context;)I 202 338 693 0 -1
ciMethod org/objectweb/asm/ClassReader readVerificationTypeInfo (I[Ljava/lang/Object;I[C[Lorg/objectweb/asm/Label;)I 1024 0 1262 0 -1
ciMethod org/objectweb/asm/ClassReader readAttribute ([Lorg/objectweb/asm/Attribute;Ljava/lang/String;II[CI[Lorg/objectweb/asm/Label;)Lorg/objectweb/asm/Attribute; 0 0 1 0 -1
ciMethod org/objectweb/asm/ClassReader readByte (I)I 0 0 2198 0 -1
ciMethod org/objectweb/asm/ClassReader readUnsignedShort (I)I 662 0 1446 0 160
ciMethod org/objectweb/asm/ClassReader readShort (I)S 256 0 1752 0 192
ciMethod org/objectweb/asm/ClassReader readInt (I)I 1024 0 16238 0 224
ciMethod org/objectweb/asm/ClassReader readLong (I)J 92 0 277 0 -1
ciMethod org/objectweb/asm/ClassReader readUTF8 (I[C)Ljava/lang/String; 1700 0 243032 0 224
ciMethod org/objectweb/asm/ClassReader readUtf (I[C)Ljava/lang/String; 2094 0 73237 0 2976
ciMethod org/objectweb/asm/ClassReader readUtf (II[C)Ljava/lang/String; 206 4312 24926 0 -1
ciMethodData org/objectweb/asm/ClassReader readUnsignedShort (I)I 2 1446 orig 80 0 0 0 0 0 0 0 0 0 0 0 0 149 2 0 0 0 0 0 0 0 0 0 0 0 0 0 0 0 0 0 0 0 0 0 0 0 0 0 0 0 0 0 0 0 0 0 0 0 0 0 0 0 0 0 0 0 0 0 0 0 0 0 0 0 0 0 0 0 0 0 0 0 0 0 0 0 0 0 0 data 8 0x0 0x0 0x0 0x0 0x9 0x2 0x0 0x0 oops 0 methods 0
ciMethodData org/objectweb/asm/ClassReader readUtf (II[C)Ljava/lang/String; 2 849410 orig 80 1 0 0 0 0 0 0 0 0 0 0 0 149 2 0 0 0 0 0 0 0 0 0 0 0 0 0 0 0 0 0 0 0 0 0 0 0 0 0 2 0 0 0 0 0 0 0 0 0 0 0 0 0 0 0 0 0 0 0 0 0 0 0 0 0 0 0 0 0 0 0 0 0 0 0 0 0 0 0 0 data 33 0x160007 0x60de 0xa8 0xcedce 0x8000000600290007 0x24 0x38 0xceda0 0x390003 0xced92 0x50 0x450007 0x22 0x38 0x2 0x640003 0x2 0x18 0x920003 0xced9c 0xffffffffffffff70 0x9d0002 0x60de 0x0 0x0 0x0 0x0 0x9 0x4 0x0 0x0 0x0 0x0 oops 0 methods 0
ciMethodData org/objectweb/asm/ClassReader readUtf (I[C)Ljava/lang/String; 2 73237 orig 80 1 0 0 0 0 0 0 0 0 0 0 0 149 2 0 0 0 0 0 0 0 0 0 0 0 0 0 0 0 0 0 0 0 0 0 0 0 0 0 0 0 0 0 0 0 0 0 0 0 0 0 0 0 0 0 0 0 0 0 0 0 0 0 0 0 0 0 0 0 0 0 0 0 0 0 0 0 0 0 0 data 36 0x80007 0xafbc 0x20 0x6a6e 0x220005 0x0 0x0 0x295a2d76fa0 0xafbb 0x0 0x0 0x260005 0xafb9 0x0 0x0 0x0 0x0 0x0 0x2a0004 0x0 0x0 0x2955b0e79a0 0xafb7 0x0 0x0 0x0 0x0 0x0 0x0 0x0 0x0 0x9 0x3 0x0 0x0 0x0 oops 2 7 org/objectweb/asm/ClassReader 21 java/lang/String methods 0
ciMethodData org/objectweb/asm/ClassReader readUTF8 (I[C)Ljava/lang/String; 2 243058 orig 80 0 0 0 0 0 0 0 0 0 0 0 0 149 2 0 0 0 0 0 0 0 0 0 0 0 0 0 0 0 0 0 0 0 0 0 0 0 0 0 0 0 0 0 0 0 0 0 0 0 0 0 0 0 0 0 0 0 0 0 0 0 0 0 0 0 0 0 0 0 0 0 0 0 0 0 0 0 0 0 0 data 33 0x20005 0x0 0x0 0x295a2d76fa0 0x3b21f 0x0 0x0 0x70007 0x328 0x40 0x3aef5 0xb0007 0x3ace0 0x20 0x214 0x130005 0x3acde 0x0 0x0 0x0 0x0 0x0 0x0 0x0 0x0 0x0 0x0 0x0 0x9 0x3 0x0 0x0 0x0 oops 1 3 org/objectweb/asm/ClassReader methods 0
ciMethod org/objectweb/asm/tree/MethodNode visitFrame (II[Ljava/lang/Object;I[Ljava/lang/Object;)V 794 0 701 0 0
ciMethod org/objectweb/asm/tree/MethodNode visitInsn (I)V 816 0 3126 0 0
ciMethod org/objectweb/asm/tree/MethodNode visitIntInsn (II)V 512 0 269 0 0
ciMethod org/objectweb/asm/tree/MethodNode visitVarInsn (II)V 540 0 4384 0 0
ciMethod org/objectweb/asm/tree/MethodNode visitTypeInsn (ILjava/lang/String;)V 774 0 543 0 0
ciMethod org/objectweb/asm/tree/MethodNode visitFieldInsn (ILjava/lang/String;Ljava/lang/String;Ljava/lang/String;)V 1024 0 1179 0 0
ciMethod org/objectweb/asm/tree/MethodNode visitMethodInsn (ILjava/lang/String;Ljava/lang/String;Ljava/lang/String;Z)V 562 0 2639 0 0
ciMethod org/objectweb/asm/tree/MethodNode visitInvokeDynamicInsn (Ljava/lang/String;Ljava/lang/String;Lorg/objectweb/asm/Handle;[Ljava/lang/Object;)V 512 0 519 0 -1
ciMethod org/objectweb/asm/tree/MethodNode visitJumpInsn (ILorg/objectweb/asm/Label;)V 778 0 752 0 0
ciMethod org/objectweb/asm/tree/MethodNode visitLabel (Lorg/objectweb/asm/Label;)V 544 0 4060 0 0
ciMethod org/objectweb/asm/tree/MethodNode visitLdcInsn (Ljava/lang/Object;)V 530 0 403 0 0
ciMethod org/objectweb/asm/tree/MethodNode visitIincInsn (II)V 156 0 28 0 0
ciMethod org/objectweb/asm/tree/MethodNode visitTableSwitchInsn (IILorg/objectweb/asm/Label;[Lorg/objectweb/asm/Label;)V 26 0 5 0 0
ciMethod org/objectweb/asm/tree/MethodNode visitTryCatchBlock (Lorg/objectweb/asm/Label;Lorg/objectweb/asm/Label;Lorg/objectweb/asm/Label;Ljava/lang/String;)V 142 0 43 0 0
ciMethod org/objectweb/asm/tree/MethodNode visitLocalVariable (Ljava/lang/String;Ljava/lang/String;Ljava/lang/String;Lorg/objectweb/asm/Label;Lorg/objectweb/asm/Label;I)V 520 0 2190 0 0
ciMethod org/objectweb/asm/tree/MethodNode visitLineNumber (ILorg/objectweb/asm/Label;)V 630 0 2793 0 0
ciMethod org/objectweb/asm/tree/MethodNode visitMaxs (II)V 516 0 1050 0 0
ciMethod org/objectweb/asm/tree/MethodNode getLabelNode (Lorg/objectweb/asm/Label;)Lorg/objectweb/asm/tree/LabelNode; 870 0 11991 0 0
ciMethod org/objectweb/asm/tree/MethodNode getLabelNodes ([Lorg/objectweb/asm/Label;)[Lorg/objectweb/asm/tree/LabelNode; 36 156 5 0 -1
ciMethod org/objectweb/asm/tree/MethodNode getLabelNodes ([Ljava/lang/Object;)[Ljava/lang/Object; 776 5804 1402 0 0
ciMethod org/objectweb/asm/MethodVisitor visitAttribute (Lorg/objectweb/asm/Attribute;)V 0 0 1 0 -1
ciMethod org/objectweb/asm/MethodVisitor visitFrame (II[Ljava/lang/Object;I[Ljava/lang/Object;)V 0 0 1 0 -1
ciMethod org/objectweb/asm/MethodVisitor visitInsn (I)V 0 0 1 0 -1
ciMethod org/objectweb/asm/MethodVisitor visitIntInsn (II)V 0 0 1 0 -1
ciMethod org/objectweb/asm/MethodVisitor visitVarInsn (II)V 0 0 1 0 -1
ciMethod org/objectweb/asm/MethodVisitor visitTypeInsn (ILjava/lang/String;)V 0 0 1 0 -1
ciMethod org/objectweb/asm/MethodVisitor visitFieldInsn (ILjava/lang/String;Ljava/lang/String;Ljava/lang/String;)V 0 0 1 0 -1
ciMethod org/objectweb/asm/MethodVisitor visitMethodInsn (ILjava/lang/String;Ljava/lang/String;Ljava/lang/String;)V 0 0 1 0 -1
ciMethod org/objectweb/asm/MethodVisitor visitMethodInsn (ILjava/lang/String;Ljava/lang/String;Ljava/lang/String;Z)V 0 0 1 0 -1
ciMethod org/objectweb/asm/MethodVisitor visitInvokeDynamicInsn (Ljava/lang/String;Ljava/lang/String;Lorg/objectweb/asm/Handle;[Ljava/lang/Object;)V 0 0 1 0 -1
ciMethod org/objectweb/asm/MethodVisitor visitJumpInsn (ILorg/objectweb/asm/Label;)V 0 0 1 0 -1
ciMethod org/objectweb/asm/MethodVisitor visitLabel (Lorg/objectweb/asm/Label;)V 0 0 1 0 -1
ciMethod org/objectweb/asm/MethodVisitor visitLdcInsn (Ljava/lang/Object;)V 0 0 1 0 -1
ciMethod org/objectweb/asm/MethodVisitor visitIincInsn (II)V 0 0 1 0 -1
ciMethod org/objectweb/asm/MethodVisitor visitTableSwitchInsn (IILorg/objectweb/asm/Label;[Lorg/objectweb/asm/Label;)V 0 0 1 0 -1
ciMethod org/objectweb/asm/MethodVisitor visitLookupSwitchInsn (Lorg/objectweb/asm/Label;[I[Lorg/objectweb/asm/Label;)V 0 0 1 0 -1
ciMethod org/objectweb/asm/MethodVisitor visitMultiANewArrayInsn (Ljava/lang/String;I)V 0 0 1 0 -1
ciMethod org/objectweb/asm/MethodVisitor visitInsnAnnotation (ILorg/objectweb/asm/TypePath;Ljava/lang/String;Z)Lorg/objectweb/asm/AnnotationVisitor; 0 0 1 0 -1
ciMethod org/objectweb/asm/MethodVisitor visitTryCatchBlock (Lorg/objectweb/asm/Label;Lorg/objectweb/asm/Label;Lorg/objectweb/asm/Label;Ljava/lang/String;)V 0 0 1 0 -1
ciMethod org/objectweb/asm/MethodVisitor visitLocalVariable (Ljava/lang/String;Ljava/lang/String;Ljava/lang/String;Lorg/objectweb/asm/Label;Lorg/objectweb/asm/Label;I)V 0 0 1 0 -1
ciMethod org/objectweb/asm/MethodVisitor visitLocalVariableAnnotation (ILorg/objectweb/asm/TypePath;[Lorg/objectweb/asm/Label;[Lorg/objectweb/asm/Label;[ILjava/lang/String;Z)Lorg/objectweb/asm/AnnotationVisitor; 0 0 1 0 -1
ciMethod org/objectweb/asm/MethodVisitor visitLineNumber (ILorg/objectweb/asm/Label;)V 0 0 1 0 -1
ciMethod org/objectweb/asm/MethodVisitor visitMaxs (II)V 0 0 1 0 -1
ciMethod org/objectweb/asm/Type getObjectType (Ljava/lang/String;)Lorg/objectweb/asm/Type; 516 0 11823 0 -1
ciMethod org/objectweb/asm/Type getMethodType (Ljava/lang/String;)Lorg/objectweb/asm/Type; 0 0 806 0 -1
ciMethodData org/objectweb/asm/ClassReader readInt (I)I 2 16238 orig 80 0 0 0 0 0 0 0 0 0 0 0 0 0 0 0 0 0 0 0 0 0 0 0 0 0 0 0 0 0 0 0 0 0 0 0 0 0 0 0 0 0 0 0 0 0 0 0 0 0 0 0 0 0 0 0 0 0 0 0 0 0 0 0 0 0 0 0 0 0 0 0 0 0 0 0 0 0 0 0 0 data 8 0x0 0x0 0x0 0x0 0x9 0x2 0x0 0x0 oops 0 methods 0
ciMethodData org/objectweb/asm/ClassReader readClass (I[C)Ljava/lang/String; 2 43690 orig 80 0 0 0 0 0 0 0 0 0 0 0 0 149 2 0 0 0 0 0 0 0 0 0 0 0 0 0 0 0 0 0 0 0 0 0 0 0 0 0 0 0 0 0 0 0 0 0 0 0 0 0 0 0 0 0 0 0 0 0 0 0 0 0 0 0 0 0 0 0 0 0 0 0 0 0 0 0 0 0 0 data 18 0x30005 0xa927 0x0 0x0 0x0 0x0 0x0 0x0 0x0 0x0 0x0 0x0 0x0 0x9 0x3 0xffffffffffffffff 0x0 0xffffffffffffffff oops 0 methods 0
ciMethodData org/objectweb/asm/ClassReader readShort (I)S 2 1752 orig 80 0 0 0 0 0 0 0 0 0 0 0 0 149 2 0 0 0 0 0 0 0 0 0 0 0 0 0 0 0 0 0 0 0 0 0 0 0 0 0 0 0 0 0 0 0 0 0 0 0 0 0 0 0 0 0 0 0 0 0 0 0 0 0 0 0 0 0 0 0 0 0 0 0 0 0 0 0 0 0 0 data 8 0x0 0x0 0x0 0x0 0x9 0x2 0x0 0x0 oops 0 methods 0
ciMethodData org/objectweb/asm/ClassReader readCode (Lorg/objectweb/asm/MethodVisitor;Lorg/objectweb/asm/Context;I)V 2 44875 orig 80 0 0 0 0 0 0 0 0 0 0 0 0 0 0 0 0 0 0 0 0 0 0 0 0 0 0 0 0 0 0 0 0 0 0 0 0 0 0 0 0 0 0 0 0 0 0 0 0 0 0 0 0 0 0 0 0 0 0 0 0 0 0 0 0 0 0 0 0 0 0 0 0 0 0 0 0 0 0 0 0 data 2691 0x120005 0x0 0x0 0x295a2d76fa0 0x3f9 0x0 0x0 0x1c0005 0x0 0x0 0x295a2d76fa0 0x3f9 0x0 0x0 0x260005 0x0 0x0 0x295a2d76fa0 0x3f9 0x0 0x0 0x380007 0x3f9 0x30 0x0 0x3f0002 0x0 0x600007 0x3f9 0x1440 0x34a0 0x770008 0x1bc 0x0 0x13f8 0x0 0xdf0 0x3a 0xdf0 0xb 0xdf0 0xc9 0xdf0 0xbd 0xdf0 0x27 0xdf0 0x15 0xdf0 0xd 0xdf0 0x7 0xdf0 0x4 0xdf0 0x1 0xdf0 0x2 0xdf0 0x7 0xdf0 0x3 0xdf0 0xa 0xdf0 0x4 0xdf0 0xd9 0x1398 0x14 0x13b0 0x9e 0x1398 0xb1 0x13b0 0x32 0x13b0 0x6c 0x1398 0x2 0x1398 0x16 0x1398 0x4e 0x1398 0xf5 0x1398 0x66 0xdf0 0x98 0xdf0 0x45 0xdf0 0x3e 0xdf0 0x4 0xdf0 0x2 0xdf0 0x6 0xdf0 0x6 0xdf0 0x35 0xdf0 0x32 0xdf0 0x29 0xdf0 0x7 0xdf0 0x40 0xdf0 0x5 0xdf0 0x29 0xdf0 0x5 0xdf0 0x5a8 0xdf0 0x2b8 0xdf0 0x160 0xdf0 0x91 0xdf0 0xa 0xdf0 0x0 0xdf0 0x2 0xdf0 0x2 0xdf0 0x10 0xdf0 0x0 0xdf0 0x1 0xdf0 0x0 0xdf0 0x2c 0x1398 0x2 0x1398 0x17 0x1398 0x1b 0x1398 0x75 0x1398 0x9 0xdf0 0x1a 0xdf0 0x10 0xdf0 0x11 0xdf0 0x0 0xdf0 0x2 0xdf0 0x1 0xdf0 0x4 0xdf0 0x0 0xdf0 0x3 0xdf0 0x4 0xdf0 0x2 0xdf0 0x6 0xdf0 0x1 0xdf0 0x8 0xdf0 0x2 0xdf0 0x9 0xdf0 0x33 0xdf0 0x4b 0xdf0 0x35 0xdf0 0x24 0xdf0 0x0 0xdf0 0x1 0xdf0 0x2 0xdf0 0x65 0xdf0 0x0 0xdf0 0xf 0xdf0 0x0 0xdf0 0x70 0xdf0 0x0 0xdf0 0x1d0 0xdf0 0x0 0xdf0 0x0 0xdf0 0x1 0xdf0 0x0 0xdf0 0x0 0xdf0 0x0 0xdf0 0x19 0xdf0 0x1 0xdf0 0x11 0xdf0 0x13 0xdf0 0x19 0xdf0 0x2 0xdf0 0x18 0xdf0 0x19 0xdf0 0x9 0xdf0 0x6 0xdf0 0x2e 0xdf0 0x38 0xdf0 0x2 0xdf0 0x1 0xdf0 0x4 0xdf0 0x5 0xdf0 0x3 0xdf0 0x0 0xdf0 0x4 0xdf0 0x3 0xdf0 0x2 0xdf0 0x0 0xdf0 0x1 0xdf0 0x5 0xdf0 0x0 0xdf0 0x2 0xdf0 0x7 0xdf0 0x5 0xdf0 0x3 0xdf0 0x0 0xdf0 0x6 0xdf0 0x4 0xdf0 0x5 0xdf0 0x4 0xdf0 0x3 0xdf0 0x2 0xdf0 0x19 0x13b0 0xb 0xdf0 0x5 0xdf0 0x5 0xdf0 0x6 0xdf0 0x0 0xdf0 0x2 0xdf0 0x8 0xdf0 0x0 0xdf0 0x1 0xdf0 0x2 0xdf0 0x1 0xdf0 0x3 0xdf0 0x0 0xdf0 0x2 0xdf0 0x0 0xdf0 0x2 0xdf0 0x4 0xdf0 0x6 0xdf0 0xf 0xdf0 0xb 0xdf0 0xde 0xe08 0x40 0xe08 0x10 0xe08 0x14 0xe08 0x4 0xe08 0x11 0xe08 0x13 0xe08 0x10 0xe08 0x10 0xe08 0x1c 0xe08 0x8 0xe08 0xd 0xe08 0x8 0xe08 0x11 0xe08 0xd0 0xe08 0x0 0xe08 0x0 0x1398 0x5 0x10c0 0x0 0x1248 0xb4 0xdf0 0xd 0xdf0 0x24 0xdf0 0x21 0xdf0 0x2ec 0xdf0 0x96 0xdf0 0x19b 0x13b0 0xdb 0x13b0 0x1bd 0x13b0 0x5d 0x13b0 0x306 0x13b0 0x167 0x13b0 0x3a5 0x13b0 0x206 0x13c8 0x206 0x13c8 0x132 0x13b0 0x7 0x1398 0x32 0x13b0 0x17 0xdf0 0x4a 0xdf0 0xa4 0x13b0 0xb 0x13b0 0x0 0xdf0 0x0 0xdf0 0x2 0xfa0 0x0 0x13e0 0x2a 0xe08 0x19 0xe08 0x0 0xf18 0x0 0xf18 0x0 0xe90 0x0 0xe90 0x0 0xe90 0x0 0xe90 0x0 0xe90 0x0 0xe90 0x0 0xe90 0x0 0xe90 0x0 0xe90 0x0 0xe90 0x0 0xe90 0x0 0xe90 0x0 0xe90 0x0 0xe90 0x0 0xe90 0x0 0xe90 0x0 0xe90 0x0 0xe90 0x0 0xf18 0x3fb0003 0x19c7 0x618 0x4060005 0x0 0x0 0x295a2d76fa0 0x2e7 0x0 0x0 0x40c0005 0x2e7 0x0 0x0 0x0 0x0 0x0 0x4130003 0x2e7 0x590 0x41e0005 0x0 0x0 0x0 0x0 0x0 0x0 0x4240005 0x0 0x0 0x0 0x0 0x0 0x0 0x42b0003 0x0 0x508 0x4360005 0x0 0x0 0x0 0x0 0x0 0x0 0x43c0005 0x0 0x0 0x0 0x0 0x0 0x0 0x4430003 0x0 0x480 0x4510008 0x1a 0x0 0x110 0x0 0xe0 0x0 0xe0 0x0 0xe0 0x0 0xe0 0x0 0xe0 0x0 0xe0 0x0 0xe0 0x0 0xe0 0x0 0xe0 0x0 0xe0 0x2 0xf8 0x0 0xe0 0x4bf0003 0x0 0x388 0x4c50003 0x2 0x370 0x4cc0002 0x0 0x4e10005 0x0 0x0 0x295a2d76fa0 0x5 0x0 0x0 0x4e70005 0x5 0x0 0x0 0x0 0x0 0x0 0x4f10005 0x0 0x0 0x295a2d76fa0 0x5 0x0 0x0 0x4f90005 0x0 0x0 0x295a2d76fa0 0x5 0x0 0x0 0x5090007 0x5 0x268 0x1b 0x5120005 0x0 0x0 0x295a2d76fa0 0x1b 0x0 0x0 0x5180005 0x1b 0x0 0x0 0x0 0x0 0x0 0x51f0003 0x1b 0xffffffffffffff70 0x5330005 0x0 0x0 0x0 0x0 0x0 0x0 0x5390005 0x0 0x0 0x0 0x0 0x0 0x0 0x5420005 0x0 0x0 0x0 0x0 0x0 0x0 0x54f0007 0x0 0x118 0x0 0x55a0005 0x0 0x0 0x0 0x0 0x0 0x0 0x5600005 0x0 0x0 0x0 0x0 0x0 0x0 0x5670003 0x0 0xffffffffffffff70 0x56d0003 0x41a 0x70 0x5730003 0xfc5 0x58 0x5790003 0x40c 0x40 0x57f0003 0x0 0x28 0x5860002 0x0 0x58a0003 0x34a0 0xffffffffffffebd8 0x5900005 0x0 0x0 0x295a2d76fa0 0x3f9 0x0 0x0 0x59d0007 0x3f9 0x230 0x2b 0x5a40005 0x0 0x0 0x295a2d76fa0 0x2b 0x0 0x0 0x5a90005 0x2b 0x0 0x0 0x0 0x0 0x0 0x5b40005 0x0 0x0 0x295a2d76fa0 0x2b 0x0 0x0 0x5b90005 0x2b 0x0 0x0 0x0 0x0 0x0 0x5c40005 0x0 0x0 0x295a2d76fa0 0x2b 0x0 0x0 0x5c90005 0x2b 0x0 0x0 0x0 0x0 0x0 0x5d90005 0x0 0x0 0x295a2d76fa0 0x2b 0x0 0x0 0x5df0005 0x0 0x0 0x295a2d76fa0 0x2b 0x0 0x0 0x5f00005 0x0 0x0 0x295a2d7d030 0x2b 0x0 0x0 0x5f30003 0x2b 0xfffffffffffffde8 0x6110005 0x0 0x0 0x295a2d76fa0 0x3f9 0x0 0x0 0x61e0007 0x3f9 0x780 0x9d6 0x6260005 0x0 0x0 0x295a2d76fa0 0x9d6 0x0 0x0 0x6300005 0x0 0x0 0x295a2d76fa0 0x9d6 0x0 0x0 0x63d0005 0x9d6 0x0 0x0 0x0 0x0 0x0 0x6400007 0x619 0x1a8 0x3bd 0x6490007 0x0 0x680 0x3bd 0x6570005 0x0 0x0 0x295a2d76fa0 0x3bd 0x0 0x0 0x6640007 0x3bd 0x118 0x850 0x66a0005 0x0 0x0 0x295a2d76fa0 0x850 0x0 0x0 0x6740005 0x850 0x0 0x0 0x0 0x0 0x0 0x67c0005 0x0 0x0 0x295a2d76fa0 0x850 0x0 0x0 0x6890005 0x850 0x0 0x0 0x0 0x0 0x0 0x68f0003 0x850 0xffffffffffffff00 0x6920003 0x3bd 0x510 0x69a0005 0x619 0x0 0x0 0x0 0x0 0x0 0x69d0007 0x51c 0x38 0xfd 0x6a40003 0xfd 0x4a0 0x6ac0005 0x51c 0x0 0x0 0x0 0x0 0x0 0x6af0007 0x123 0x1a8 0x3f9 0x6b80007 0x0 0x430 0x3f9 0x6c20005 0x0 0x0 0x295a2d76fa0 0x3f9 0x0 0x0 0x6cf0007 0x3f9 0x118 0xab9 0x6d50005 0x0 0x0 0x295a2d76fa0 0xab9 0x0 0x0 0x6df0005 0x0 0x0 0x295a2d76fa0 0xab9 0x0 0x0 0x6ec0005 0xab9 0x0 0x0 0x0 0x0 0x0 0x6f60005 0xab9 0x0 0x0 0x0 0x0 0x0 0x6f90003 0xab9 0xffffffffffffff00 0x6fc0003 0x3f9 0x2c0 0x7040005 0x123 0x0 0x0 0x0 0x0 0x0 0x7070007 0x123 0x70 0x0 0x7100005 0x0 0x0 0x0 0x0 0x0 0x0 0x7150003 0x0 0x218 0x71d0005 0x123 0x0 0x0 0x0 0x0 0x0 0x7200007 0x123 0x70 0x0 0x7290005 0x0 0x0 0x0 0x0 0x0 0x0 0x72e0003 0x0 0x170 0x7360005 0x123 0x0 0x0 0x0 0x0 0x0 0x7390007 0x0 0x58 0x123 0x7420007 0x0 0x100 0x123 0x7520003 0x123 0xe0 0x75a0005 0x0 0x0 0x0 0x0 0x0 0x0 0x75d0007 0x0 0x58 0x0 0x7660007 0x0 0x70 0x0 0x7790003 0x0 0x50 0x78c0005 0x0 0x0 0x0 0x0 0x0 0x0 0x7a30003 0x9d6 0xfffffffffffff898 0x7ad0007 0x3f9 0x38 0x0 0x7b10003 0x0 0x18 0x7b90007 0x2d6 0x1a0 0x123 0x7e90007 0x123 0x58 0x0 0x7ee0005 0x0 0x0 0x0 0x0 0x0 0x0 0x7fb0007 0x123 0x128 0x112b 0x8050007 0x10d6 0xf0 0x55 0x80d0005 0x0 0x0 0x295a2d76fa0 0x55 0x0 0x0 0x8140007 0x0 0x98 0x55 0x81b0007 0x17 0x78 0x3e 0x82d0007 0x16 0x58 0x28 0x8350005 0x28 0x0 0x0 0x0 0x0 0x0 0x83c0003 0x112b 0xfffffffffffffef0 0x8410007 0x3f9 0x78 0x0 0x84c0007 0x0 0x58 0x0 0x8560005 0x0 0x0 0x0 0x0 0x0 0x0 0x8600005 0x3f9 0x0 0x0 0x0 0x0 0x0 0x86c0005 0x3f9 0x0 0x0 0x0 0x0 0x0 0x87c0007 0x0 0x38 0x3f9 0x8810003 0x3f9 0x18 0x88f0007 0x3f9 0x2710 0x34a0 0x89c0005 0x0 0x0 0x295a2d76fa0 0x34a0 0x0 0x0 0x8a80007 0x28bf 0x90 0xbe1 0x8b40007 0x0 0x38 0xbe1 0x8b80003 0xbe1 0x18 0x8bc0005 0xbe1 0x0 0x0 0x0 0x0 0x0 0x8c10007 0x1ce6 0x1d0 0x1b92 0x8ca0007 0x2b5 0x40 0x18dd 0x8d20007 0x17ba 0x190 0x123 0x8da0007 0x123 0xe8 0x2b5 0x8df0007 0x0 0x40 0x2b5 0x8e40007 0x2b5 0x70 0x0 0x8f90005 0x0 0x0 0x0 0x0 0x0 0x0 0x8fc0003 0x0 0x50 0x9140005 0x0 0x0 0x295a2d7d030 0x2b5 0x0 0x0 0x91e0007 0x123 0x70 0x2b5 0x9290005 0x2b5 0x0 0x0 0x0 0x0 0x0 0x92e0003 0x2b5 0xfffffffffffffe60 0x9340003 0x123 0xfffffffffffffe48 0x9390007 0x34a0 0x78 0x0 0x9430007 0x0 0x58 0x0 0x94e0005 0x0 0x0 0x0 0x0 0x0 0x0 0x9610008 0x1bc 0x0 0x2058 0x0 0xdf0 0x3a 0xdf0 0xb 0xdf0 0xc9 0xdf0 0xbd 0xdf0 0x27 0xdf0 0x15 0xdf0 0xd 0xdf0 0x7 0xdf0 0x4 0xdf0 0x1 0xdf0 0x2 0xdf0 0x7 0xdf0 0x3 0xdf0 0xa 0xdf0 0x4 0xdf0 0xd9 0x1768 0x14 0x17b8 0x9e 0x1840 0xb1 0x18c8 0x32 0x18c8 0x6c 0x1718 0x2 0x1718 0x16 0x1718 0x4e 0x1718 0xf5 0x1718 0x66 0xe40 0x98 0xe40 0x45 0xe40 0x3e 0xe40 0x4 0xe40 0x2 0xe40 0x6 0xe40 0x6 0xe40 0x35 0xe40 0x32 0xe40 0x29 0xe40 0x7 0xe40 0x40 0xe40 0x5 0xe40 0x29 0xe40 0x5 0xe40 0x5a8 0xe40 0x2b8 0xe40 0x160 0xe40 0x91 0xe40 0xa 0xdf0 0x0 0xdf0 0x2 0xdf0 0x2 0xdf0 0x10 0xdf0 0x0 0xdf0 0x1 0xdf0 0x0 0xdf0 0x2c 0x1718 0x2 0x1718 0x17 0x1718 0x1b 0x1718 0x75 0x1718 0x9 0xe90 0x1a 0xe90 0x10 0xe90 0x11 0xe90 0x0 0xe90 0x2 0xe90 0x1 0xe90 0x4 0xe90 0x0 0xe90 0x3 0xe90 0x4 0xe90 0x2 0xe90 0x6 0xe90 0x1 0xe90 0x8 0xe90 0x2 0xe90 0x9 0xe90 0x33 0xe90 0x4b 0xe90 0x35 0xe90 0x24 0xdf0 0x0 0xdf0 0x1 0xdf0 0x2 0xdf0 0x65 0xdf0 0x0 0xdf0 0xf 0xdf0 0x0 0xdf0 0x70 0xdf0 0x0 0xdf0 0x1d0 0xdf0 0x0 0xdf0 0x0 0xdf0 0x1 0xdf0 0x0 0xdf0 0x0 0xdf0 0x0 0xdf0 0x19 0xdf0 0x1 0xdf0 0x11 0xdf0 0x13 0xdf0 0x19 0xdf0 0x2 0xdf0 0x18 0xdf0 0x19 0xdf0 0x9 0xdf0 0x6 0xdf0 0x2e 0xdf0 0x38 0xdf0 0x2 0xdf0 0x1 0xdf0 0x4 0xdf0 0x5 0xdf0 0x3 0xdf0 0x0 0xdf0 0x4 0xdf0 0x3 0xdf0 0x2 0xdf0 0x0 0xdf0 0x1 0xdf0 0x5 0xdf0 0x0 0xdf0 0x2 0xdf0 0x7 0xdf0 0x5 0xdf0 0x3 0xdf0 0x0 0xdf0 0x6 0xdf0 0x4 0xdf0 0x5 0xdf0 0x4 0xdf0 0x3 0xdf0 0x2 0xdf0 0x19 0x1f80 0xb 0xdf0 0x5 0xdf0 0x5 0xdf0 0x6 0xdf0 0x0 0xdf0 0x2 0xdf0 0x8 0xdf0 0x0 0xdf0 0x1 0xdf0 0x2 0xdf0 0x1 0xdf0 0x3 0xdf0 0x0 0xdf0 0x2 0xdf0 0x0 0xdf0 0x2 0xdf0 0x4 0xdf0 0x6 0xdf0 0xf 0xdf0 0xb 0xdf0 0xde 0xee0 0x40 0xee0 0x10 0xee0 0x14 0xee0 0x4 0xee0 0x11 0xee0 0x13 0xee0 0x10 0xee0 0x10 0xee0 0x1c 0xee0 0x8 0xee0 0xd 0xee0 0x8 0xee0 0x11 0xee0 0xd0 0xee0 0x0 0xee0 0x0 0x1718 0x5 0x13d8 0x0 0x1578 0xb4 0xdf0 0xd 0xdf0 0x24 0xdf0 0x21 0xdf0 0x2ec 0xdf0 0x96 0xdf0 0x19b 0x1988 0xdb 0x1988 0x1bd 0x1988 0x5d 0x1988 0x306 0x1988 0x167 0x1988 0x3a5 0x1988 0x206 0x1988 0x206 0x1bd0 0x132 0x1ef8 0x7 0x1768 0x32 0x1ef8 0x17 0xdf0 0x4a 0xdf0 0xa4 0x1ef8 0xb 0x1ef8 0x0 0xdf0 0x0 0xdf0 0x2 0x1270 0x0 0x1fd0 0x2a 0xee0 0x19 0xee0 0x0 0xf68 0x0 0xf68 0x0 0xff0 0x0 0xff0 0x0 0xff0 0x0 0xff0 0x0 0xff0 0x0 0xff0 0x0 0xff0 0x0 0xff0 0x0 0xff0 0x0 0xff0 0x0 0xff0 0x0 0xff0 0x0 0xff0 0x0 0xff0 0x0 0xff0 0x0 0xff0 0x0 0xff0 0x0 0xff0 0x0 0x11e8 0xce70005 0x0 0x0 0x295a2d7d030 0xbb8 0x0 0x0 0xced0003 0xbb8 0x1240 0xcff0005 0x0 0x0 0x295a2d7d030 0xcee 0x0 0x0 0xd050003 0xcee 0x11f0 0xd170005 0x0 0x0 0x295a2d7d030 0x121 0x0 0x0 0xd1d0003 0x121 0x11a0 0xd2c0005 0x0 0x0 0x295a2d76fa0 0x2e7 0x0 0x0 0xd310005 0x0 0x0 0x295a2d7d030 0x2e7 0x0 0x0 0xd370003 0x2e7 0x1118 0xd490005 0x0 0x0 0x0 0x0 0x0 0x0 0xd4e0005 0x0 0x0 0x0 0x0 0x0 0x0 0xd540003 0x0 0x1090 0xd5c0007 0x0 0x38 0x0 0xd640003 0x0 0x18 0xd770005 0x0 0x0 0x0 0x0 0x0 0x0 0xd830007 0x0 0x40 0x0 0xd8b0007 0x0 0x70 0x0 0xd960005 0x0 0x0 0x0 0x0 0x0 0x0 0xd990003 0x0 0xf8 0xda10007 0x0 0x38 0x0 0xdac0003 0x0 0x18 0xdbc0005 0x0 0x0 0x0 0x0 0x0 0x0 0xdc60005 0x0 0x0 0x0 0x0 0x0 0x0 0xdcf0005 0x0 0x0 0x0 0x0 0x0 0x0 0xdd80003 0x0 0xe98 0xde80005 0x0 0x0 0x0 0x0 0x0 0x0 0xded0005 0x0 0x0 0x0 0x0 0x0 0x0 0xdf60003 0x0 0xe10 0xe0b0007 0x0 0xe0 0x2 0xe140005 0x0 0x0 0x295a2d76fa0 0x2 0x0 0x0 0xe1c0005 0x0 0x0 0x295a2d76fa0 0x2 0x0 0x0 0xe1f0005 0x0 0x0 0x295a2d7d030 0x2 0x0 0x0 0xe250003 0x2 0xd30 0xe300005 0x0 0x0 0x0 0x0 0x0 0x0 0xe330005 0x0 0x0 0x0 0x0 0x0 0x0 0xe390003 0x0 0xca8 0xe4e0005 0x0 0x0 0x295a2d76fa0 0x5 0x0 0x0 0xe5a0005 0x0 0x0 0x295a2d76fa0 0x5 0x0 0x0 0xe650005 0x0 0x0 0x295a2d76fa0 0x5 0x0 0x0 0xe810007 0x5 0xa8 0x1b 0xe8f0005 0x0 0x0 0x295a2d76fa0 0x1b 0x0 0x0 0xe940004 0x0 0x0 0x295a2d7d0e0 0x1b 0x0 0x0 0xe9b0003 0x1b 0xffffffffffffff70 0xea70005 0x0 0x0 0x295a2d7d030 0x5 0x0 0x0 0xeaa0003 0x5 0xb08 0xebf0005 0x0 0x0 0x0 0x0 0x0 0x0 0xecb0005 0x0 0x0 0x0 0x0 0x0 0x0 0xee70007 0x0 0xe0 0x0 0xef10005 0x0 0x0 0x0 0x0 0x0 0x0 0xf020005 0x0 0x0 0x0 0x0 0x0 0x0 0xf070004 0x0 0x0 0x0 0x0 0x0 0x0 0xf0e0003 0x0 0xffffffffffffff38 0xf180005 0x0 0x0 0x0 0x0 0x0 0x0 0xf1b0003 0x0 0x968 0xf2c0005 0x0 0x0 0x295a2d7d030 0x29c 0x0 0x0 0xf320003 0x29c 0x918 0xf3f0005 0x0 0x0 0x295a2d7d030 0xe0 0x0 0x0 0xf450003 0xe0 0x8c8 0xf500005 0x0 0x0 0x295a2d76fa0 0x14 0x0 0x0 0xf530005 0x0 0x0 0x295a2d7d030 0x14 0x0 0x0 0xf590003 0x14 0x840 0xf6b0005 0x0 0x0 0x295a2d76fa0 0x9e 0x0 0x0 0xf6e0005 0x0 0x0 0x295a2d7d030 0x9e 0x0 0x0 0xf740003 0x9e 0x7b8 0xf7e0005 0x0 0x0 0x295a2d76fa0 0xe3 0x0 0x0 0xf830005 0x0 0x0 0x295a2d76fa0 0xe3 0x0 0x0 0xf860005 0x0 0x0 0x295a2d7d030 0xe3 0x0 0x0 0xf8c0003 0xe3 0x6f8 0xf980005 0x0 0x0 0x295a2d76fa0 0xea8 0x0 0x0 0xfa70005 0x0 0x0 0x295a2d76fa0 0xea8 0x0 0x0 0xfb20005 0x0 0x0 0x295a2d76fa0 0xea8 0x0 0x0 0xfbc0005 0x0 0x0 0x295a2d76fa0 0xea8 0x0 0x0 0xfc80005 0x0 0x0 0x295a2d76fa0 0xea8 0x0 0x0 0xfd20007 0xa18 0x70 0x490 0xfde0005 0x0 0x0 0x295a2d7d030 0x490 0x0 0x0 0xfe10003 0x490 0x88 0xfed0007 0x7c0 0x38 0x258 0xff10003 0x258 0x18 0x10020005 0x0 0x0 0x295a2d7d030 0xa18 0x0 0x0 0x100a0007 0xca2 0x38 0x206 0x10100003 0x206 0x4c8 0x10160003 0xca2 0x4b0 0x10220005 0x0 0x0 0x295a2d76fa0 0x206 0x0 0x0 0x10310005 0x0 0x0 0x295a2d76fa0 0x206 0x0 0x0 0x103c0005 0x0 0x0 0x295a2d76fa0 0x206 0x0 0x0 0x10480005 0x0 0x0 0x295a2d76fa0 0x206 0x0 0x0 0x10540005 0x0 0x0 0x295a2d76fa0 0x206 0x0 0x0 0x105e0005 0x0 0x0 0x295a2d76fa0 0x206 0x0 0x0 0x10630005 0x0 0x0 0x295a2d76fa0 0x206 0x0 0x0 0x10660004 0x0 0x0 0x295a2d7d190 0x206 0x0 0x0 0x10700005 0x0 0x0 0x295a2d76fa0 0x206 0x0 0x0 0x10830007 0x206 0xe0 0x53b 0x108e0005 0x0 0x0 0x295a2d76fa0 0x53b 0x0 0x0 0x10930005 0x0 0x0 0x295a2d76fa0 0x53b 0x0 0x0 0x10960004 0x0 0x0 0x295a2d7d240 0x32b 0x295a2d7d190 0x19d 0x109d0003 0x53b 0xffffffffffffff38 0x10a90005 0x0 0x0 0x295a2d7d030 0x206 0x0 0x0 0x10af0003 0x206 0x188 0x10bc0005 0x0 0x0 0x295a2d76fa0 0x213 0x0 0x0 0x10bf0005 0x0 0x0 0x295a2d7d030 0x213 0x0 0x0 0x10c50003 0x213 0x100 0x10db0005 0x0 0x0 0x295a2d7d030 0x19 0x0 0x0 0x10e10003 0x19 0xb0 0x10ec0005 0x0 0x0 0x0 0x0 0x0 0x0 0x10fa0005 0x0 0x0 0x0 0x0 0x0 0x0 0x11000003 0x0 0x28 0x11070002 0x0 0x110d0007 0x34a0 0x1b0 0x0 0x11150007 0x0 0x190 0x0 0x111c0007 0x0 0x170 0x0 0x11230007 0x0 0x100 0x0 0x112d0005 0x0 0x0 0x0 0x0 0x0 0x0 0x11370005 0x0 0x0 0x0 0x0 0x0 0x0 0x114c0005 0x0 0x0 0x0 0x0 0x0 0x0 0x11540005 0x0 0x0 0x0 0x0 0x0 0x0 0x11600005 0x0 0x0 0x0 0x0 0x0 0x0 0x11650003 0x0 0xfffffffffffffe68 0x116a0007 0x34a0 0x1b0 0x0 0x11720007 0x0 0x190 0x0 0x11790007 0x0 0x170 0x0 0x11800007 0x0 0x100 0x0 0x118a0005 0x0 0x0 0x0 0x0 0x0 0x0 0x11940005 0x0 0x0 0x0 0x0 0x0 0x0 0x11a90005 0x0 0x0 0x0 0x0 0x0 0x0 0x11b10005 0x0 0x0 0x0 0x0 0x0 0x0 0x11bd0005 0x0 0x0 0x0 0x0 0x0 0x0 0x11c20003 0x0 0xfffffffffffffe68 0x11c50003 0x34a0 0xffffffffffffd908 0x11cd0007 0x40 0x58 0x3b9 0x11d60005 0x0 0x0 0x295a2d7d030 0x3b9 0x0 0x0 0x11db0007 0x3c 0x3e8 0x3bd 0x11e40007 0x0 0x3c8 0x3bd 0x11ec0007 0x2c0 0x100 0xfd 0x11f20005 0x0 0x0 0x295a2d76fa0 0xfd 0x0 0x0 0x12080007 0xfd 0xa8 0x1bc 0x12250005 0x0 0x0 0x295a2d76fa0 0x1bc 0x0 0x0 0x12330005 0x0 0x0 0x295a2d76fa0 0x1bc 0x0 0x0 0x123a0003 0x1bc 0xffffffffffffff70 0x12400005 0x0 0x0 0x295a2d76fa0 0x3bd 0x0 0x0 0x12500007 0x3bd 0x270 0x850 0x12560005 0x0 0x0 0x295a2d76fa0 0x850 0x0 0x0 0x12600005 0x0 0x0 0x295a2d76fa0 0x850 0x0 0x0 0x126c0005 0x0 0x0 0x295a2d76fa0 0x850 0x0 0x0 0x12790005 0x0 0x0 0x295a2d76fa0 0x850 0x0 0x0 0x12840005 0x0 0x0 0x295a2d76fa0 0x850 0x0 0x0 0x12910007 0x582 0xe8 0x2ce 0x129c0007 0x112 0xc8 0x63d 0x12a60007 0x2e3 0x90 0x35a 0x12b20007 0x19e 0x70 0x1bc 0x12bf0005 0x0 0x0 0x295a2d76fa0 0x1bc 0x0 0x0 0x12c40003 0x1bc 0x30 0x12ca0003 0x481 0xffffffffffffff50 0x12e30005 0x0 0x0 0x295a2d7d030 0x850 0x0 0x0 0x12e60003 0x850 0xfffffffffffffda8 0x12eb0007 0x3f9 0x1b0 0x0 0x12fe0007 0x0 0x190 0x0 0x130b0005 0x0 0x0 0x0 0x0 0x0 0x0 0x13140007 0x0 0x40 0x0 0x131b0007 0x0 0x100 0x0 0x13220005 0x0 0x0 0x0 0x0 0x0 0x0 0x132c0005 0x0 0x0 0x0 0x0 0x0 0x0 0x134d0005 0x0 0x0 0x0 0x0 0x0 0x0 0x13550005 0x0 0x0 0x0 0x0 0x0 0x0 0x135c0003 0x0 0xfffffffffffffe88 0x13610007 0x3f9 0x1b0 0x0 0x13740007 0x0 0x190 0x0 0x13810005 0x0 0x0 0x0 0x0 0x0 0x0 0x138a0007 0x0 0x40 0x0 0x13910007 0x0 0x100 0x0 0x13980005 0x0 0x0 0x0 0x0 0x0 0x0 0x13a20005 0x0 0x0 0x0 0x0 0x0 0x0 0x13c30005 0x0 0x0 0x0 0x0 0x0 0x0 0x13cb0005 0x0 0x0 0x0 0x0 0x0 0x0 0x13d20003 0x0 0xfffffffffffffe88 0x13d70007 0x3f9 0x70 0x0 0x13ea0005 0x0 0x0 0x0 0x0 0x0 0x0 0x13f10003 0x0 0xffffffffffffffa8 0x13f90005 0x0 0x0 0x295a2d7d030 0x3f9 0x0 0x0 0x0 0x0 0x0 0x0 0x0 0x0 0x0 0x0 0x0 0x0 0x0 0x0 0x0 0x0 0x0 0x0 0x0 0x0 0x0 0x0 0x0 0x0 0x0 0x0 0x0 0x0 0x0 0x0 0x0 0x0 0x0 0x0 0x0 0x0 0x0 0x0 0x0 0x0 0x0 0x0 0x0 0x0 0x0 0x0 0x0 0x0 0x0 0x0 0x0 0x0 0x0 0x0 0x0 0x0 0x0 0x0 0x0 0x0 0x0 0x0 0x0 0x0 0x0 0x0 0x0 0x0 0x0 0x0 0x0 0x0 0x0 0x0 0x0 0x0 0x0 0x0 0x9 0x4 0x0 0x0 0x0 0x0 oops 87 3 org/objectweb/asm/ClassReader 10 org/objectweb/asm/ClassReader 17 org/objectweb/asm/ClassReader 483 org/objectweb/asm/ClassReader 570 org/objectweb/asm/ClassReader 584 org/objectweb/asm/ClassReader 591 org/objectweb/asm/ClassReader 602 org/objectweb/asm/ClassReader 678 org/objectweb/asm/ClassReader 689 org/objectweb/asm/ClassReader 703 org/objectweb/asm/ClassReader 717 org/objectweb/asm/ClassReader 731 org/objectweb/asm/ClassReader 738 org/objectweb/asm/ClassReader 745 org/objectweb/asm/tree/MethodNode 755 org/objectweb/asm/ClassReader 766 org/objectweb/asm/ClassReader 773 org/objectweb/asm/ClassReader 795 org/objectweb/asm/ClassReader 806 org/objectweb/asm/ClassReader 820 org/objectweb/asm/ClassReader 869 org/objectweb/asm/ClassReader 880 org/objectweb/asm/ClassReader 887 org/objectweb/asm/ClassReader 1032 org/objectweb/asm/ClassReader 1101 org/objectweb/asm/ClassReader 1160 org/objectweb/asm/tree/MethodNode 1645 org/objectweb/asm/tree/MethodNode 1655 org/objectweb/asm/tree/MethodNode 1665 org/objectweb/asm/tree/MethodNode 1675 org/objectweb/asm/ClassReader 1682 org/objectweb/asm/tree/MethodNode 1793 org/objectweb/asm/ClassReader 1800 org/objectweb/asm/ClassReader 1807 org/objectweb/asm/tree/MethodNode 1834 org/objectweb/asm/ClassReader 1841 org/objectweb/asm/ClassReader 1848 org/objectweb/asm/ClassReader 1859 org/objectweb/asm/ClassReader 1866 org/objectweb/asm/Label 1876 org/objectweb/asm/tree/MethodNode 1938 org/objectweb/asm/tree/MethodNode 1948 org/objectweb/asm/tree/MethodNode 1958 org/objectweb/asm/ClassReader 1965 org/objectweb/asm/tree/MethodNode 1975 org/objectweb/asm/ClassReader 1982 org/objectweb/asm/tree/MethodNode 1992 org/objectweb/asm/ClassReader 1999 org/objectweb/asm/ClassReader 2006 org/objectweb/asm/tree/MethodNode 2016 org/objectweb/asm/ClassReader 2023 org/objectweb/asm/ClassReader 2030 org/objectweb/asm/ClassReader 2037 org/objectweb/asm/ClassReader 2044 org/objectweb/asm/ClassReader 2055 org/objectweb/asm/tree/MethodNode 2072 org/objectweb/asm/tree/MethodNode 2089 org/objectweb/asm/ClassReader 2096 org/objectweb/asm/ClassReader 2103 org/objectweb/asm/ClassReader 2110 org/objectweb/asm/ClassReader 2117 org/objectweb/asm/ClassReader 2124 org/objectweb/asm/ClassReader 2131 org/objectweb/asm/ClassReader 2138 org/objectweb/asm/Handle 2145 org/objectweb/asm/ClassReader 2156 org/objectweb/asm/ClassReader 2163 org/objectweb/asm/ClassReader 2170 org/objectweb/asm/Type 2172 org/objectweb/asm/Handle 2180 org/objectweb/asm/tree/MethodNode 2190 org/objectweb/asm/ClassReader 2197 org/objectweb/asm/tree/MethodNode 2207 org/objectweb/asm/tree/MethodNode 2351 org/objectweb/asm/tree/MethodNode 2370 org/objectweb/asm/ClassReader 2381 org/objectweb/asm/ClassReader 2388 org/objectweb/asm/ClassReader 2398 org/objectweb/asm/ClassReader 2409 org/objectweb/asm/ClassReader 2416 org/objectweb/asm/ClassReader 2423 org/objectweb/asm/ClassReader 2430 org/objectweb/asm/ClassReader 2437 org/objectweb/asm/ClassReader 2460 org/objectweb/asm/ClassReader 2473 org/objectweb/asm/tree/MethodNode 2605 org/objectweb/asm/tree/MethodNode methods 0
ciMethodData org/objectweb/asm/ClassReader readConst (I[C)Ljava/lang/Object; 2 5284 orig 80 0 0 0 0 0 0 0 0 0 0 0 0 149 2 0 0 0 0 0 0 0 0 0 0 0 0 0 0 0 0 0 0 0 0 0 0 0 0 0 0 0 0 0 0 0 0 0 0 0 0 0 0 0 0 0 0 0 0 0 0 0 0 0 0 0 0 0 0 0 0 0 0 0 0 0 0 0 0 0 0 data 176 0xf0008 0x20 0x0 0x4e8 0x863 0x110 0x16d 0x158 0x40 0x1b0 0x8a 0x1f8 0xc 0x250 0x31e 0x298 0x0 0x4e8 0x0 0x4e8 0x0 0x4e8 0x0 0x4e8 0x0 0x4e8 0x0 0x4e8 0x3a3 0x318 0x326 0x2d0 0x0 0x4b0 0x5a0005 0x0 0x0 0x295a2d76fa0 0x863 0x0 0x0 0x5d0002 0x863 0x630005 0x0 0x0 0x295a2d76fa0 0x16d 0x0 0x0 0x660002 0x16d 0x690002 0x16d 0x6f0005 0x0 0x0 0x295a2d76fa0 0x40 0x0 0x0 0x720002 0x40 0x780005 0x0 0x0 0x295a2d76fa0 0x8a 0x0 0x0 0x7b0002 0x8a 0x7e0002 0x8a 0x850005 0x0 0x0 0x295a2d76fa0 0xc 0x0 0x0 0x880002 0xc 0x8f0005 0x0 0x0 0x295a2d76fa0 0x31e 0x0 0x0 0x960005 0x0 0x0 0x295a2d76fa0 0x326 0x0 0x0 0x990002 0x326 0x9f0005 0x0 0x0 0x295a2d76fa0 0x3a3 0x0 0x0 0xac0005 0x0 0x0 0x295a2d76fa0 0x3a3 0x0 0x0 0xbb0005 0x0 0x0 0x295a2d76fa0 0x3a3 0x0 0x0 0xc50005 0x0 0x0 0x295a2d76fa0 0x3a3 0x0 0x0 0xce0005 0x0 0x0 0x295a2d76fa0 0x3a3 0x0 0x0 0xd90005 0x0 0x0 0x295a2d76fa0 0x3a3 0x0 0x0 0xe90007 0x370 0x38 0x33 0xed0003 0x33 0x18 0x1010002 0x3a3 0x1080005 0x0 0x0 0x0 0x0 0x0 0x0 0x1100002 0x0 0x0 0x0 0x0 0x0 0x0 0x0 0x0 0x0 0x0 0x0 0x0 0x0 0x9 0x3 0x0 0x0 0x0 oops 13 37 org/objectweb/asm/ClassReader 46 org/objectweb/asm/ClassReader 57 org/objectweb/asm/ClassReader 66 org/objectweb/asm/ClassReader 77 org/objectweb/asm/ClassReader 86 org/objectweb/asm/ClassReader 93 org/objectweb/asm/ClassReader 102 org/objectweb/asm/ClassReader 109 org/objectweb/asm/ClassReader 116 org/objectweb/asm/ClassReader 123 org/objectweb/asm/ClassReader 130 org/objectweb/asm/ClassReader 137 org/objectweb/asm/ClassReader methods 0
ciMethod org/objectweb/asm/Label <init> ()V 514 0 5100 0 0
ciMethod org/objectweb/asm/Label addLineNumber (I)V 532 0 2745 0 0
ciMethod org/objectweb/asm/Label accept (Lorg/objectweb/asm/MethodVisitor;Z)V 528 0 3041 0 0
ciMethod org/objectweb/asm/Handle <init> (ILjava/lang/String;Ljava/lang/String;Ljava/lang/String;Z)V 4 0 934 0 -1
ciMethod org/objectweb/asm/tree/AbstractInsnNode <init> (I)V 684 0 21142 0 64
ciMethod org/objectweb/asm/tree/MethodInsnNode <init> (ILjava/lang/String;Ljava/lang/String;Ljava/lang/String;Z)V 562 0 2639 0 -1
ciMethod org/objectweb/asm/tree/InsnList add (Lorg/objectweb/asm/tree/AbstractInsnNode;)V 1024 0 15863 0 1280
ciMethod org/objectweb/asm/tree/FieldInsnNode <init> (ILjava/lang/String;Ljava/lang/String;Ljava/lang/String;)V 1024 0 1179 0 -1
ciMethod org/objectweb/asm/tree/LdcInsnNode <init> (Ljava/lang/Object;)V 530 0 403 0 -1
ciMethod org/objectweb/asm/tree/LineNumberNode <init> (ILorg/objectweb/asm/tree/LabelNode;)V 630 0 2793 0 0
ciMethod org/objectweb/asm/tree/TableSwitchInsnNode <init> (IILorg/objectweb/asm/tree/LabelNode;[Lorg/objectweb/asm/tree/LabelNode;)V 26 0 5 0 -1
ciMethod org/objectweb/asm/tree/IincInsnNode <init> (II)V 158 0 28 0 -1
ciMethod org/objectweb/asm/tree/LabelNode <init> ()V 270 0 4060 0 0
ciMethod org/objectweb/asm/tree/JumpInsnNode <init> (ILorg/objectweb/asm/tree/LabelNode;)V 802 0 752 0 -1
ciMethod org/objectweb/asm/tree/InvokeDynamicInsnNode <init> (Ljava/lang/String;Ljava/lang/String;Lorg/objectweb/asm/Handle;[Ljava/lang/Object;)V 514 0 519 0 -1
ciMethod org/objectweb/asm/tree/IntInsnNode <init> (II)V 512 0 269 0 -1
ciMethod org/objectweb/asm/tree/TypeInsnNode <init> (ILjava/lang/String;)V 774 0 543 0 -1
ciMethod org/objectweb/asm/tree/VarInsnNode <init> (II)V 552 0 4384 0 -1
ciMethod org/objectweb/asm/tree/InsnNode <init> (I)V 816 0 3126 0 -1
ciMethod org/objectweb/asm/tree/FrameNode <init> (II[Ljava/lang/Object;I[Ljava/lang/Object;)V 798 0 701 0 0
ciMethodData org/objectweb/asm/Label <init> ()V 2 5100 orig 80 0 0 0 0 0 0 0 0 0 0 0 0 149 2 0 0 0 0 0 0 0 0 0 0 0 0 0 0 0 0 0 0 0 0 0 0 0 0 0 0 0 0 0 0 0 0 0 0 0 0 0 0 0 0 0 0 0 0 0 0 0 0 0 0 0 0 0 0 0 0 0 0 0 0 0 0 0 0 0 0 data 7 0x10002 0x12eb 0x0 0x0 0x9 0x1 0x0 oops 0 methods 0
ciMethod org/objectweb/asm/tree/Util add (Ljava/util/List;Ljava/lang/Object;)Ljava/util/List; 530 0 2419 0 -1
ciMethod org/objectweb/asm/tree/Util asArrayList (I)Ljava/util/List; 92 142 76 0 0
ciMethod org/objectweb/asm/tree/Util asArrayList (I[Ljava/lang/Object;)Ljava/util/List; 798 1654 611 0 0
ciMethod org/objectweb/asm/tree/LocalVariableNode <init> (Ljava/lang/String;Ljava/lang/String;Ljava/lang/String;Lorg/objectweb/asm/tree/LabelNode;Lorg/objectweb/asm/tree/LabelNode;I)V 550 0 2190 0 -1
ciMethodData org/objectweb/asm/tree/AbstractInsnNode <init> (I)V 2 21142 orig 80 0 0 0 0 0 0 0 0 0 0 0 0 149 2 0 0 0 0 0 0 0 0 0 0 0 0 0 0 0 0 0 0 0 0 0 0 0 0 0 0 0 0 0 0 0 0 0 0 0 0 0 0 0 0 0 0 0 0 0 0 0 0 0 0 0 0 0 0 0 0 0 0 0 0 0 0 0 0 0 0 data 10 0x10002 0x5140 0x0 0x0 0x0 0x0 0x9 0x2 0x6 0x0 oops 0 methods 0
ciMethodData org/objectweb/asm/tree/InsnList add (Lorg/objectweb/asm/tree/AbstractInsnNode;)V 2 15863 orig 80 0 0 0 0 0 0 0 0 0 0 0 0 0 0 0 0 0 0 0 0 0 0 0 0 0 0 0 0 0 0 0 0 0 0 0 0 0 0 0 0 0 0 0 0 0 0 0 0 0 0 0 0 0 0 0 0 0 0 0 0 0 0 0 0 0 0 0 0 0 0 0 0 0 0 0 0 0 0 0 0 data 17 0xe0007 0x38d6 0x38 0x322 0x1b0003 0x322 0x18 0x0 0x0 0x0 0x0 0x0 0x0 0x9 0x2 0xe 0x1c oops 0 methods 0
ciMethodData org/objectweb/asm/ClassReader readBytecodeInstructionOffset (I)V 2 13705 orig 80 0 0 0 0 0 0 0 0 0 0 0 0 0 0 0 0 0 0 0 0 0 0 0 0 0 0 0 0 0 0 0 0 0 0 0 0 0 0 0 0 0 0 0 0 0 0 0 0 0 0 0 0 0 0 0 0 0 0 0 0 0 0 0 0 0 0 0 0 0 0 0 0 0 0 0 0 0 0 0 0 data 5 0x0 0x9 0x2 0x0 0x0 oops 0 methods 0
ciMethodData org/objectweb/asm/tree/MethodNode getLabelNode (Lorg/objectweb/asm/Label;)Lorg/objectweb/asm/tree/LabelNode; 2 12138 orig 80 0 0 0 0 0 0 0 0 0 0 0 0 149 2 0 0 0 0 0 0 0 0 0 0 0 0 0 0 0 0 0 0 0 0 0 0 0 0 0 0 0 0 0 0 0 0 0 0 0 0 0 0 0 0 0 0 0 0 0 0 0 0 0 0 0 0 0 0 0 0 0 0 0 0 0 0 0 0 0 0 data 30 0x40104 0x0 0x0 0x295a2caa530 0x1e62 0x0 0x0 0x70007 0x1e62 0x30 0xf55 0xf0002 0xf55 0x190004 0x0 0x0 0x295a2caa530 0x2db7 0x0 0x0 0x0 0x0 0x0 0x0 0x0 0x0 0x9 0x2 0x0 0x18 oops 2 3 org/objectweb/asm/tree/LabelNode 16 org/objectweb/asm/tree/LabelNode methods 0
ciMethodData org/objectweb/asm/tree/LabelNode <init> ()V 2 4060 orig 80 0 0 0 0 0 0 0 0 0 0 0 0 0 0 0 0 0 0 0 0 0 0 0 0 0 0 0 0 0 0 0 0 0 0 0 0 0 0 0 0 0 0 0 0 0 0 0 0 0 0 0 0 0 0 0 0 0 0 0 0 0 0 0 0 0 0 0 0 0 0 0 0 0 0 0 0 0 0 0 0 data 7 0x20002 0xf55 0x0 0x0 0x9 0x1 0x0 oops 0 methods 0
ciMethodData org/objectweb/asm/tree/MethodNode visitVarInsn (II)V 2 4568 orig 80 0 0 0 0 0 0 0 0 0 0 0 0 149 2 0 0 0 0 0 0 0 0 0 0 0 0 0 0 0 0 0 0 0 0 0 0 0 0 0 0 0 0 0 0 0 0 0 0 0 0 0 0 0 0 0 0 0 0 0 0 0 0 0 0 0 0 0 0 0 0 0 0 0 0 0 0 0 0 0 0 data 20 0xa0002 0x10ca 0xd0005 0x0 0x0 0x295a1e39c90 0x10ca 0x0 0x0 0x0 0x0 0x0 0x0 0x0 0x0 0x9 0x3 0x0 0x0 0x0 oops 1 5 org/objectweb/asm/tree/InsnList methods 0
ciMethodData org/objectweb/asm/ClassReader createDebugLabel (I[Lorg/objectweb/asm/Label;)V 2 7040 orig 80 0 0 0 0 0 0 0 0 0 0 0 0 149 2 0 0 0 0 0 0 0 0 0 0 0 0 0 0 0 0 0 0 0 0 0 0 0 0 0 0 0 0 0 0 0 0 0 0 0 0 0 0 0 0 0 0 0 0 0 0 0 0 0 0 0 0 0 0 0 0 0 0 0 0 0 0 0 0 0 0 data 22 0x30007 0xdce 0x58 0xc08 0x90005 0x0 0x0 0x295a2d76fa0 0xc08 0x0 0x0 0x0 0x0 0x0 0x0 0x0 0x0 0x9 0x3 0x0 0x0 0x0 oops 1 7 org/objectweb/asm/ClassReader methods 0
ciMethodData org/objectweb/asm/ClassReader readLabel (I[Lorg/objectweb/asm/Label;)Lorg/objectweb/asm/Label; 2 4912 orig 80 0 0 0 0 0 0 0 0 0 0 0 0 149 2 0 0 0 0 0 0 0 0 0 0 0 0 0 0 0 0 0 0 0 0 0 0 0 0 0 0 0 0 0 0 0 0 0 0 0 0 0 0 0 0 0 0 0 0 0 0 0 0 0 0 0 0 0 0 0 0 0 0 0 0 0 0 0 0 0 0 data 24 0x30007 0x366 0x68 0xec1 0xc0002 0xec1 0xf0004 0x0 0x0 0x295a2d7d0e0 0xec1 0x0 0x0 0x0 0x0 0x0 0x0 0x0 0x0 0x9 0x3 0x0 0x0 0x0 oops 1 9 org/objectweb/asm/Label methods 0
ciMethodData org/objectweb/asm/tree/MethodNode visitLabel (Lorg/objectweb/asm/Label;)V 2 4060 orig 80 0 0 0 0 0 0 0 0 0 0 0 0 149 2 0 0 0 0 0 0 0 0 0 0 0 0 0 0 0 0 0 0 0 0 0 0 0 0 0 0 0 0 0 0 0 0 0 0 0 0 0 0 0 0 0 0 0 0 0 0 0 0 0 0 0 0 0 0 0 0 0 0 0 0 0 0 0 0 0 0 data 24 0x60005 0x0 0x0 0x295a2d7d030 0xecc 0x0 0x0 0x90005 0x0 0x0 0x295a1e39c90 0xecc 0x0 0x0 0x0 0x0 0x0 0x0 0x0 0x0 0x9 0x2 0x0 0x0 oops 2 3 org/objectweb/asm/tree/MethodNode 10 org/objectweb/asm/tree/InsnList methods 0
ciMethodData org/objectweb/asm/tree/MethodNode visitMethodInsn (ILjava/lang/String;Ljava/lang/String;Ljava/lang/String;Z)V 2 2881 orig 80 0 0 0 0 0 0 0 0 0 0 0 0 149 2 0 0 0 0 0 0 0 0 0 0 0 0 0 0 0 0 0 0 0 0 0 0 0 0 0 0 0 0 0 0 0 0 0 0 0 0 0 0 0 0 0 0 0 0 0 0 0 0 0 0 0 0 0 0 0 0 0 0 0 0 0 0 0 0 0 0 data 33 0x60007 0xa28 0x50 0x0 0xe0007 0x0 0x30 0x0 0x190002 0x0 0x340002 0xa28 0x370005 0x0 0x0 0x295a1e39c90 0xa28 0x0 0x0 0x0 0x0 0x0 0x0 0x0 0x0 0x9 0x6 0xffffffffffffffff 0x0 0xffffffffffffffff 0xffffffffffffffff 0xffffffffffffffff 0x0 oops 1 15 org/objectweb/asm/tree/InsnList methods 0
ciMethodData org/objectweb/asm/MethodVisitor visitMethodInsn (ILjava/lang/String;Ljava/lang/String;Ljava/lang/String;Z)V 1 0 orig 80 0 0 0 0 0 0 0 0 0 0 0 0 0 0 0 0 0 0 0 0 0 0 0 0 0 0 0 0 0 0 0 0 0 0 0 0 0 0 0 0 0 0 0 0 0 0 0 0 0 0 0 0 0 0 0 0 0 0 0 0 0 0 0 0 0 0 0 0 0 0 0 0 0 0 0 0 0 0 0 0 data 53 0x60007 0x0 0xe0 0x0 0xe0007 0x0 0xc0 0x0 0x170007 0x0 0x38 0x0 0x1b0003 0x0 0x18 0x1f0007 0x0 0x30 0x0 0x280002 0x0 0x320005 0x0 0x0 0x0 0x0 0x0 0x0 0x3a0007 0x0 0x58 0x0 0x4c0005 0x0 0x0 0x0 0x0 0x0 0x0 0x0 0x0 0x0 0x0 0x0 0x0 0x9 0x6 0xffffffffffffffff 0x0 0xffffffffffffffff 0xffffffffffffffff 0xffffffffffffffff 0x0 oops 0 methods 0
ciMethodData org/objectweb/asm/tree/MethodInsnNode <init> (ILjava/lang/String;Ljava/lang/String;Ljava/lang/String;Z)V 2 2881 orig 80 0 0 0 0 0 0 0 0 0 0 0 0 0 0 0 0 0 0 0 0 0 0 0 0 0 0 0 0 0 0 0 0 0 0 0 0 0 0 0 0 0 0 0 0 0 0 0 0 0 0 0 0 0 0 0 0 0 0 0 0 0 0 0 0 0 0 0 0 0 0 0 0 0 0 0 0 0 0 0 0 data 14 0x20002 0xa28 0x0 0x0 0x0 0x0 0x9 0x6 0x76 0x0 0x0 0x0 0x0 0x0 oops 0 methods 0
ciMethodData org/objectweb/asm/Label accept (Lorg/objectweb/asm/MethodVisitor;Z)V 2 3090 orig 80 0 0 0 0 0 0 0 0 0 0 0 0 149 2 0 0 0 0 0 0 0 0 0 0 0 0 0 0 0 0 0 0 0 0 0 0 0 0 0 0 0 0 0 0 0 0 0 0 0 0 0 0 0 0 0 0 0 0 0 0 0 0 0 0 0 0 0 0 0 0 0 0 0 0 0 0 0 0 0 0 data 51 0x20005 0x0 0x0 0x295a2d7d030 0xb0a 0x0 0x0 0x60007 0x0 0x108 0xb0a 0x110007 0x108 0xe8 0xa02 0x1d0005 0x0 0x0 0x295a2d7d030 0xa02 0x0 0x0 0x240007 0xa02 0x90 0x0 0x300007 0x0 0x70 0x0 0x3b0005 0x0 0x0 0x0 0x0 0x0 0x0 0x410003 0x0 0xffffffffffffffa8 0x0 0x0 0x0 0x0 0x0 0x0 0x9 0x3 0x0 0x0 0x0 oops 2 3 org/objectweb/asm/tree/MethodNode 18 org/objectweb/asm/tree/MethodNode methods 0
ciMethodData org/objectweb/asm/Label addLineNumber (I)V 2 2772 orig 80 0 0 0 0 0 0 0 0 0 0 0 0 149 2 0 0 0 0 0 0 0 0 0 0 0 0 0 0 0 0 0 0 0 0 0 0 0 0 0 0 0 0 0 0 0 0 0 0 0 0 0 0 0 0 0 0 0 0 0 0 0 0 0 0 0 0 0 0 0 0 0 0 0 0 0 0 0 0 0 0 data 31 0x80007 0x0 0x38 0x9ca 0x1e0003 0x9ca 0x68 0x250007 0x0 0x20 0x0 0x410007 0x0 0x30 0x0 0x5a0002 0x0 0x0 0x0 0x0 0x0 0x0 0x0 0x0 0x0 0x0 0x0 0x9 0x2 0x0 0x0 oops 0 methods 0
ciMethodData org/objectweb/asm/tree/MethodNode visitLineNumber (ILorg/objectweb/asm/Label;)V 2 2793 orig 80 0 0 0 0 0 0 0 0 0 0 0 0 149 2 0 0 0 0 0 0 0 0 0 0 0 0 0 0 0 0 0 0 0 0 0 0 0 0 0 0 0 0 0 0 0 0 0 0 0 0 0 0 0 0 0 0 0 0 0 0 0 0 0 0 0 0 0 0 0 0 0 0 0 0 0 0 0 0 0 0 data 27 0xb0005 0x0 0x0 0x295a2d7d030 0x9ae 0x0 0x0 0xe0002 0x9ae 0x110005 0x0 0x0 0x295a1e39c90 0x9ae 0x0 0x0 0x0 0x0 0x0 0x0 0x0 0x0 0x9 0x3 0x0 0x0 0x0 oops 2 3 org/objectweb/asm/tree/MethodNode 12 org/objectweb/asm/tree/InsnList methods 0
ciMethodData org/objectweb/asm/tree/LineNumberNode <init> (ILorg/objectweb/asm/tree/LabelNode;)V 2 2806 orig 80 0 0 0 0 0 0 0 0 0 0 0 0 0 0 0 0 0 0 0 0 0 0 0 0 0 0 0 0 0 0 0 0 0 0 0 0 0 0 0 0 0 0 0 0 0 0 0 0 0 0 0 0 0 0 0 0 0 0 0 0 0 0 0 0 0 0 0 0 0 0 0 0 0 0 0 0 0 0 0 0 data 11 0x20002 0x9bb 0x0 0x0 0x0 0x0 0x9 0x3 0x0 0x0 0x0 oops 0 methods 0
ciMethodData org/objectweb/asm/tree/MethodNode visitInsn (I)V 2 3272 orig 80 0 0 0 0 0 0 0 0 0 0 0 0 149 2 0 0 0 0 0 0 0 0 0 0 0 0 0 0 0 0 0 0 0 0 0 0 0 0 0 0 0 0 0 0 0 0 0 0 0 0 0 0 0 0 0 0 0 0 0 0 0 0 0 0 0 0 0 0 0 0 0 0 0 0 0 0 0 0 0 0 data 19 0x90002 0xb30 0xc0005 0x0 0x0 0x295a1e39c90 0xb30 0x0 0x0 0x0 0x0 0x0 0x0 0x0 0x0 0x9 0x2 0x0 0x0 oops 1 5 org/objectweb/asm/tree/InsnList methods 0
ciMethod org/objectweb/asm/tree/TryCatchBlockNode <init> (Lorg/objectweb/asm/tree/LabelNode;Lorg/objectweb/asm/tree/LabelNode;Lorg/objectweb/asm/tree/LabelNode;Ljava/lang/String;)V 142 0 43 0 -1
ciMethodData org/objectweb/asm/tree/MethodNode visitLocalVariable (Ljava/lang/String;Ljava/lang/String;Ljava/lang/String;Lorg/objectweb/asm/Label;Lorg/objectweb/asm/Label;I)V 2 2313 orig 80 0 0 0 0 0 0 0 0 0 0 0 0 149 2 0 0 0 0 0 0 0 0 0 0 0 0 0 0 0 0 0 0 0 0 0 0 0 0 0 0 0 0 0 0 0 0 0 0 0 0 0 0 0 0 0 0 0 0 0 0 0 0 0 0 0 0 0 0 0 0 0 0 0 0 0 0 0 0 0 0 data 33 0xa0005 0x0 0x0 0x295a2d7d030 0x805 0x0 0x0 0x100005 0x0 0x0 0x295a2d7d030 0x805 0x0 0x0 0x150002 0x805 0x210002 0x805 0x0 0x0 0x0 0x0 0x0 0x0 0x9 0x7 0x0 0x0 0x0 0x0 0x0 0x0 0x0 oops 2 3 org/objectweb/asm/tree/MethodNode 10 org/objectweb/asm/tree/MethodNode methods 0
ciMethodData org/objectweb/asm/tree/LocalVariableNode <init> (Ljava/lang/String;Ljava/lang/String;Ljava/lang/String;Lorg/objectweb/asm/tree/LabelNode;Lorg/objectweb/asm/tree/LabelNode;I)V 2 2316 orig 80 0 0 0 0 0 0 0 0 0 0 0 0 0 0 0 0 0 0 0 0 0 0 0 0 0 0 0 0 0 0 0 0 0 0 0 0 0 0 0 0 0 0 0 0 0 0 0 0 0 0 0 0 0 0 0 0 0 0 0 0 0 0 0 0 0 0 0 0 0 0 0 0 0 0 0 0 0 0 0 0 data 15 0x10002 0x7f9 0x0 0x0 0x0 0x0 0x9 0x7 0x1e 0x0 0x0 0x0 0x0 0x0 0x0 oops 0 methods 0
ciMethodData org/objectweb/asm/ClassReader createLabel (I[Lorg/objectweb/asm/Label;)Lorg/objectweb/asm/Label; 2 1677 orig 80 0 0 0 0 0 0 0 0 0 0 0 0 0 0 0 0 0 0 0 0 0 0 0 0 0 0 0 0 0 0 0 0 0 0 0 0 0 0 0 0 0 0 0 0 0 0 0 0 0 0 0 0 0 0 0 0 0 0 0 0 0 0 0 0 0 0 0 0 0 0 0 0 0 0 0 0 0 0 0 0 data 18 0x30005 0x0 0x0 0x295a2d76fa0 0x5af 0x0 0x0 0x0 0x0 0x0 0x0 0x0 0x0 0x9 0x3 0x0 0x0 0x0 oops 1 3 org/objectweb/asm/ClassReader methods 0
ciMethodData org/objectweb/asm/ClassReader getTypeAnnotationBytecodeOffset ([II)I 2 2072 orig 80 0 0 0 0 0 0 0 0 0 0 0 0 0 0 0 0 0 0 0 0 0 0 0 0 0 0 0 0 0 0 0 0 0 0 0 0 0 0 0 0 0 0 0 0 0 0 0 0 0 0 0 0 0 0 0 0 0 0 0 0 0 0 0 0 0 0 0 0 0 0 0 0 0 0 0 0 0 0 0 0 data 37 0x10007 0x708 0x98 0x0 0x70007 0x0 0x78 0x0 0xe0005 0x0 0x0 0x0 0x0 0x0 0x0 0x130007 0x0 0x20 0x0 0x1e0005 0x0 0x0 0x0 0x0 0x0 0x0 0x0 0x0 0x0 0x0 0x0 0x0 0x9 0x3 0x0 0x0 0x0 oops 0 methods 0
ciMethodData org/objectweb/asm/ClassReader readStackMapFrame (IZZLorg/objectweb/asm/Context;)I 1 1190 orig 80 0 0 0 0 0 0 0 0 0 0 0 0 0 0 0 0 0 0 0 0 0 0 0 0 0 0 0 0 0 0 0 0 0 0 0 0 0 0 0 0 0 0 0 0 0 0 0 0 0 0 0 0 0 0 0 0 0 0 0 0 0 0 0 0 0 0 0 0 0 0 0 0 0 0 0 0 0 0 0 0 data 175 0x120007 0x0 0x38 0x271 0x250003 0x271 0x18 0x3d0007 0x1ad 0x38 0xc4 0x500003 0xc4 0x438 0x580007 0x159 0x70 0x54 0x6f0005 0x54 0x0 0x0 0x0 0x0 0x0 0x800003 0x54 0x3c8 0x880007 0x0 0x3a0 0x159 0x8e0005 0x0 0x0 0x295a2d76fa0 0x159 0x0 0x0 0x9b0007 0x159 0x70 0x0 0xab0005 0x0 0x0 0x0 0x0 0x0 0x0 0xbc0003 0x0 0x300 0xc40007 0x0 0x58 0x159 0xcc0007 0x118 0x38 0x41 0xf50003 0x41 0x2a8 0xfd0007 0x116 0x38 0x2 0x10c0003 0x2 0x270 0x1140007 0xc9 0xe0 0x4d 0x1180007 0x4d 0x38 0x0 0x1200003 0x0 0x18 0x1300007 0x4d 0x70 0x6d 0x1440005 0x6d 0x0 0x0 0x0 0x0 0x0 0x14c0003 0x6d 0xffffffffffffffa8 0x1750003 0x4d 0x190 0x17b0005 0x0 0x0 0x295a2d76fa0 0xc9 0x0 0x0 0x19e0007 0xc9 0x70 0x2d3 0x1af0005 0x2d3 0x0 0x0 0x0 0x0 0x0 0x1b70003 0x2d3 0xffffffffffffffa8 0x1bd0005 0x0 0x0 0x295a2d76fa0 0xc9 0x0 0x0 0x1d30007 0xc9 0x70 0xbd 0x1e40005 0xbd 0x0 0x0 0x0 0x0 0x0 0x1ec0003 0xbd 0xffffffffffffffa8 0x1ef0003 0xc9 0x28 0x1f60002 0x0 0x2100005 0x271 0x0 0x0 0x0 0x0 0x0 0x0 0x0 0x0 0x0 0x0 0x0 0x0 0x0 0x0 0x0 0x0 0x0 0x0 0x0 0x0 0x9 0x5 0x0 0x0 0x0 0x0 0x0 oops 3 35 org/objectweb/asm/ClassReader 102 org/objectweb/asm/ClassReader 123 org/objectweb/asm/ClassReader methods 0
ciMethodData org/objectweb/asm/tree/MethodNode getLabelNodes ([Ljava/lang/Object;)[Ljava/lang/Object; 2 6784 orig 80 0 0 0 0 0 0 0 0 0 0 0 0 149 2 0 0 0 0 0 0 0 0 0 0 0 0 0 0 0 0 0 0 0 0 0 0 0 0 0 0 0 0 0 0 0 0 0 0 0 0 0 0 0 0 0 0 0 0 0 0 0 0 0 0 0 0 0 0 0 0 0 0 0 0 0 0 0 0 0 0 data 49 0xf0007 0x41e 0x138 0xf2a 0x190104 0xfffffffffffffbc9 0x0 0x2955b0e79a0 0x1 0x0 0x0 0x1c0007 0xf2a 0x90 0x0 0x220004 0x0 0x0 0x0 0x0 0x0 0x0 0x250005 0x0 0x0 0x0 0x0 0x0 0x0 0x2e0104 0x0 0x0 0x2955b0e79a0 0x193 0x2955b0eb680 0x2a4 0x320003 0xf2a 0xfffffffffffffee0 0x0 0x0 0x0 0x0 0x0 0x0 0x9 0x2 0x0 0x0 oops 3 7 java/lang/String 32 java/lang/String 34 java/lang/Integer methods 0
ciMethodData org/objectweb/asm/tree/MethodNode visitFieldInsn (ILjava/lang/String;Ljava/lang/String;Ljava/lang/String;)V 1 1411 orig 80 0 0 0 0 0 0 0 0 0 0 0 0 0 0 0 0 0 0 0 0 0 0 0 0 0 0 0 0 0 0 0 0 0 0 0 0 0 0 0 0 0 0 0 0 0 0 0 0 0 0 0 0 0 0 0 0 0 0 0 0 0 0 0 0 0 0 0 0 0 0 0 0 0 0 0 0 0 0 0 0 data 22 0xd0002 0x384 0x100005 0x0 0x0 0x295a1e39c90 0x384 0x0 0x0 0x0 0x0 0x0 0x0 0x0 0x0 0x9 0x5 0x0 0x0 0x0 0x0 0x0 oops 1 5 org/objectweb/asm/tree/InsnList methods 0
ciMethodData org/objectweb/asm/tree/FieldInsnNode <init> (ILjava/lang/String;Ljava/lang/String;Ljava/lang/String;)V 1 1411 orig 80 0 0 0 0 0 0 0 0 0 0 0 0 0 0 0 0 0 0 0 0 0 0 0 0 0 0 0 0 0 0 0 0 0 0 0 0 0 0 0 0 0 0 0 0 0 0 0 0 0 0 0 0 0 0 0 0 0 0 0 0 0 0 0 0 0 0 0 0 0 0 0 0 0 0 0 0 0 0 0 0 data 13 0x20002 0x384 0x0 0x0 0x0 0x0 0x9 0x5 0x76 0x0 0x0 0x0 0x0 oops 0 methods 0
ciMethodData org/objectweb/asm/tree/MethodNode visitMaxs (II)V 1 1132 orig 80 0 0 0 0 0 0 0 0 0 0 0 0 149 2 0 0 0 0 0 0 0 0 0 0 0 0 0 0 0 0 0 0 0 0 0 0 0 0 0 0 0 0 0 0 0 0 0 0 0 0 0 0 0 0 0 0 0 0 0 0 0 0 0 0 0 0 0 0 0 0 0 0 0 0 0 0 0 0 0 0 data 9 0x0 0x0 0x0 0x0 0x9 0x3 0x30 0x0 0x0 oops 0 methods 0
ciMethodData org/objectweb/asm/tree/MethodNode visitInvokeDynamicInsn (Ljava/lang/String;Ljava/lang/String;Lorg/objectweb/asm/Handle;[Ljava/lang/Object;)V 1 529 orig 80 0 0 0 0 0 0 0 0 0 0 0 0 149 2 0 0 0 0 0 0 0 0 0 0 0 0 0 0 0 0 0 0 0 0 0 0 0 0 0 0 0 0 0 0 0 0 0 0 0 0 0 0 0 0 0 0 0 0 0 0 0 0 0 0 0 0 0 0 0 0 0 0 0 0 0 0 0 0 0 0 data 22 0xd0002 0x111 0x100005 0x0 0x0 0x295a1e39c90 0x111 0x0 0x0 0x0 0x0 0x0 0x0 0x0 0x0 0x9 0x5 0x0 0x0 0x0 0x0 0x0 oops 1 5 org/objectweb/asm/tree/InsnList methods 0
ciMethodData org/objectweb/asm/tree/InvokeDynamicInsnNode <init> (Ljava/lang/String;Ljava/lang/String;Lorg/objectweb/asm/Handle;[Ljava/lang/Object;)V 1 529 orig 80 0 0 0 0 0 0 0 0 0 0 0 0 0 0 0 0 0 0 0 0 0 0 0 0 0 0 0 0 0 0 0 0 0 0 0 0 0 0 0 0 0 0 0 0 0 0 0 0 0 0 0 0 0 0 0 0 0 0 0 0 0 0 0 0 0 0 0 0 0 0 0 0 0 0 0 0 0 0 0 0 data 13 0x40002 0x110 0x0 0x0 0x0 0x0 0x9 0x5 0x76 0x0 0x0 0x0 0x0 oops 0 methods 0
ciMethodData org/objectweb/asm/tree/MethodNode visitJumpInsn (ILorg/objectweb/asm/Label;)V 1 782 orig 80 0 0 0 0 0 0 0 0 0 0 0 0 149 2 0 0 0 0 0 0 0 0 0 0 0 0 0 0 0 0 0 0 0 0 0 0 0 0 0 0 0 0 0 0 0 0 0 0 0 0 0 0 0 0 0 0 0 0 0 0 0 0 0 0 0 0 0 0 0 0 0 0 0 0 0 0 0 0 0 0 data 27 0xb0005 0x0 0x0 0x295a2d7d030 0x189 0x0 0x0 0xe0002 0x189 0x110005 0x0 0x0 0x295a1e39c90 0x189 0x0 0x0 0x0 0x0 0x0 0x0 0x0 0x0 0x9 0x3 0x0 0x0 0x0 oops 2 3 org/objectweb/asm/tree/MethodNode 12 org/objectweb/asm/tree/InsnList methods 0
ciMethodData org/objectweb/asm/tree/MethodNode visitFrame (II[Ljava/lang/Object;I[Ljava/lang/Object;)V 1 701 orig 80 0 0 0 0 0 0 0 0 0 0 0 0 149 2 0 0 0 0 0 0 0 0 0 0 0 0 0 0 0 0 0 0 0 0 0 0 0 0 0 0 0 0 0 0 0 0 0 0 0 0 0 0 0 0 0 0 0 0 0 0 0 0 0 0 0 0 0 0 0 0 0 0 0 0 0 0 0 0 0 0 data 51 0xb0007 0x130 0x38 0x0 0xf0003 0x0 0x50 0x140005 0x130 0x0 0x0 0x0 0x0 0x0 0x1b0007 0x130 0x38 0x0 0x1f0003 0x0 0x50 0x250005 0x130 0x0 0x0 0x0 0x0 0x0 0x280002 0x130 0x2b0005 0x0 0x0 0x295a1e39c90 0x130 0x0 0x0 0x0 0x0 0x0 0x0 0x0 0x0 0x9 0x6 0x0 0x0 0x0 0x0 0x0 0x0 oops 1 33 org/objectweb/asm/tree/InsnList methods 0
ciMethodData org/objectweb/asm/tree/FrameNode <init> (II[Ljava/lang/Object;I[Ljava/lang/Object;)V 1 701 orig 80 0 0 0 0 0 0 0 0 0 0 0 0 0 0 0 0 0 0 0 0 0 0 0 0 0 0 0 0 0 0 0 0 0 0 0 0 0 0 0 0 0 0 0 0 0 0 0 0 0 0 0 0 0 0 0 0 0 0 0 0 0 0 0 0 0 0 0 0 0 0 0 0 0 0 0 0 0 0 0 0 data 59 0x20002 0x12e 0xb0008 0xe 0x0 0x148 0x0 0x80 0x3f 0x80 0x35 0xb8 0x23 0xe0 0x6b 0x108 0x2c 0x120 0x330002 0x3f 0x3e0002 0x3f 0x440003 0x3f 0xb8 0x4a0002 0x35 0x500003 0x35 0x90 0x550002 0x23 0x5b0003 0x23 0x68 0x5e0003 0x6b 0x50 0x650002 0x2c 0x6b0003 0x2c 0x28 0x720002 0x0 0x0 0x0 0x0 0x0 0x0 0x0 0x9 0x6 0x0 0x0 0x0 0x0 0x0 0x0 oops 0 methods 0
ciMethodData org/objectweb/asm/tree/Util asArrayList (I[Ljava/lang/Object;)Ljava/util/List; 1 1262 orig 80 0 0 0 0 0 0 0 0 0 0 0 0 149 2 0 0 0 0 0 0 0 0 0 0 0 0 0 0 0 0 0 0 0 0 0 0 0 0 0 0 0 0 0 0 0 0 0 0 0 0 0 0 0 0 0 0 0 0 0 0 0 0 0 0 0 0 0 0 0 0 0 0 0 0 0 0 0 0 0 0 data 26 0x50002 0xd4 0xd0007 0xd4 0x70 0x1b3 0x140005 0x0 0x0 0x2955b0eacb0 0x1b3 0x0 0x0 0x1d0003 0x1b3 0xffffffffffffffa8 0x0 0x0 0x0 0x0 0x0 0x0 0x9 0x2 0x0 0x0 oops 1 9 java/util/ArrayList methods 0
ciMethodData org/objectweb/asm/tree/Util asArrayList (I)Ljava/util/List; 1 114 orig 80 0 0 0 0 0 0 0 0 0 0 0 0 0 0 0 0 0 0 0 0 0 0 0 0 0 0 0 0 0 0 0 0 0 0 0 0 0 0 0 0 0 0 0 0 0 0 0 0 0 0 0 0 0 0 0 0 0 0 0 0 0 0 0 0 0 0 0 0 0 0 0 0 0 0 0 0 0 0 0 0 data 25 0x50002 0x1e 0xd0007 0x1e 0x70 0x2b 0x120005 0x0 0x0 0x2955b0eacb0 0x2b 0x0 0x0 0x1b0003 0x2b 0xffffffffffffffa8 0x0 0x0 0x0 0x0 0x0 0x0 0x9 0x1 0x0 oops 1 9 java/util/ArrayList methods 0
ciMethodData org/objectweb/asm/tree/MethodNode visitTypeInsn (ILjava/lang/String;)V 1 566 orig 80 0 0 0 0 0 0 0 0 0 0 0 0 149 2 0 0 0 0 0 0 0 0 0 0 0 0 0 0 0 0 0 0 0 0 0 0 0 0 0 0 0 0 0 0 0 0 0 0 0 0 0 0 0 0 0 0 0 0 0 0 0 0 0 0 0 0 0 0 0 0 0 0 0 0 0 0 0 0 0 0 data 20 0xa0002 0xb3 0xd0005 0x0 0x0 0x295a1e39c90 0xb3 0x0 0x0 0x0 0x0 0x0 0x0 0x0 0x0 0x9 0x3 0x0 0x0 0x0 oops 1 5 org/objectweb/asm/tree/InsnList methods 0
ciMethodData org/objectweb/asm/tree/TypeInsnNode <init> (ILjava/lang/String;)V 1 566 orig 80 0 0 0 0 0 0 0 0 0 0 0 0 0 0 0 0 0 0 0 0 0 0 0 0 0 0 0 0 0 0 0 0 0 0 0 0 0 0 0 0 0 0 0 0 0 0 0 0 0 0 0 0 0 0 0 0 0 0 0 0 0 0 0 0 0 0 0 0 0 0 0 0 0 0 0 0 0 0 0 0 data 11 0x20002 0xb3 0x0 0x0 0x0 0x0 0x9 0x3 0x36 0x0 0x0 oops 0 methods 0
ciMethodData org/objectweb/asm/tree/MethodNode visitLdcInsn (Ljava/lang/Object;)V 1 555 orig 80 0 0 0 0 0 0 0 0 0 0 0 0 149 2 0 0 0 0 0 0 0 0 0 0 0 0 0 0 0 0 0 0 0 0 0 0 0 0 0 0 0 0 0 0 0 0 0 0 0 0 0 0 0 0 0 0 0 0 0 0 0 0 0 0 0 0 0 0 0 0 0 0 0 0 0 0 0 0 0 0 data 19 0x90002 0x122 0xc0005 0x0 0x0 0x295a1e39c90 0x122 0x0 0x0 0x0 0x0 0x0 0x0 0x0 0x0 0x9 0x2 0x0 0x0 oops 1 5 org/objectweb/asm/tree/InsnList methods 0
ciMethodData org/objectweb/asm/tree/LdcInsnNode <init> (Ljava/lang/Object;)V 1 555 orig 80 0 0 0 0 0 0 0 0 0 0 0 0 0 0 0 0 0 0 0 0 0 0 0 0 0 0 0 0 0 0 0 0 0 0 0 0 0 0 0 0 0 0 0 0 0 0 0 0 0 0 0 0 0 0 0 0 0 0 0 0 0 0 0 0 0 0 0 0 0 0 0 0 0 0 0 0 0 0 0 0 data 10 0x30002 0x122 0x0 0x0 0x0 0x0 0x9 0x2 0x36 0x0 oops 0 methods 0
ciMethodData org/objectweb/asm/tree/MethodNode visitIntInsn (II)V 1 273 orig 80 0 0 0 0 0 0 0 0 0 0 0 0 149 2 0 0 0 0 0 0 0 0 0 0 0 0 0 0 0 0 0 0 0 0 0 0 0 0 0 0 0 0 0 0 0 0 0 0 0 0 0 0 0 0 0 0 0 0 0 0 0 0 0 0 0 0 0 0 0 0 0 0 0 0 0 0 0 0 0 0 data 20 0xa0002 0x11 0xd0005 0x0 0x0 0x295a1e39c90 0x11 0x0 0x0 0x0 0x0 0x0 0x0 0x0 0x0 0x9 0x3 0x0 0x0 0x0 oops 1 5 org/objectweb/asm/tree/InsnList methods 0
compile org/objectweb/asm/ClassReader readCode (Lorg/objectweb/asm/MethodVisitor;Lorg/objectweb/asm/Context;I)V -1 4 inline 103 0 -1 org/objectweb/asm/ClassReader readCode (Lorg/objectweb/asm/MethodVisitor;Lorg/objectweb/asm/Context;I)V 1 18 org/objectweb/asm/ClassReader readUnsignedShort (I)I 1 28 org/objectweb/asm/ClassReader readUnsignedShort (I)I 1 38 org/objectweb/asm/ClassReader readInt (I)I 1 1030 org/objectweb/asm/ClassReader readShort (I)S 1 1036 org/objectweb/asm/ClassReader createLabel (I[Lorg/objectweb/asm/Label;)Lorg/objectweb/asm/Label; 2 3 org/objectweb/asm/ClassReader readLabel (I[Lorg/objectweb/asm/Label;)Lorg/objectweb/asm/Label; 3 12 org/objectweb/asm/Label <init> ()V 4 1 java/lang/Object <init> ()V 1 1255 org/objectweb/asm/ClassReader createLabel (I[Lorg/objectweb/asm/Label;)Lorg/objectweb/asm/Label; 2 3 org/objectweb/asm/ClassReader readLabel (I[Lorg/objectweb/asm/Label;)Lorg/objectweb/asm/Label; 3 12 org/objectweb/asm/Label <init> ()V 4 1 java/lang/Object <init> ()V 1 1304 org/objectweb/asm/ClassReader createLabel (I[Lorg/objectweb/asm/Label;)Lorg/objectweb/asm/Label; 2 3 org/objectweb/asm/ClassReader readLabel (I[Lorg/objectweb/asm/Label;)Lorg/objectweb/asm/Label; 3 12 org/objectweb/asm/Label <init> ()V 4 1 java/lang/Object <init> ()V 1 1424 org/objectweb/asm/ClassReader readUnsignedShort (I)I 1 1444 org/objectweb/asm/ClassReader readUnsignedShort (I)I 1 1449 org/objectweb/asm/ClassReader createLabel (I[Lorg/objectweb/asm/Label;)Lorg/objectweb/asm/Label; 2 3 org/objectweb/asm/ClassReader readLabel (I[Lorg/objectweb/asm/Label;)Lorg/objectweb/asm/Label; 3 12 org/objectweb/asm/Label <init> ()V 4 1 java/lang/Object <init> ()V 1 1460 org/objectweb/asm/ClassReader readUnsignedShort (I)I 1 1465 org/objectweb/asm/ClassReader createLabel (I[Lorg/objectweb/asm/Label;)Lorg/objectweb/asm/Label; 2 3 org/objectweb/asm/ClassReader readLabel (I[Lorg/objectweb/asm/Label;)Lorg/objectweb/asm/Label; 3 12 org/objectweb/asm/Label <init> ()V 4 1 java/lang/Object <init> ()V 1 1476 org/objectweb/asm/ClassReader readUnsignedShort (I)I 1 1481 org/objectweb/asm/ClassReader createLabel (I[Lorg/objectweb/asm/Label;)Lorg/objectweb/asm/Label; 2 3 org/objectweb/asm/ClassReader readLabel (I[Lorg/objectweb/asm/Label;)Lorg/objectweb/asm/Label; 3 12 org/objectweb/asm/Label <init> ()V 4 1 java/lang/Object <init> ()V 1 1497 org/objectweb/asm/ClassReader readUnsignedShort (I)I 1 1503 org/objectweb/asm/ClassReader readUTF8 (I[C)Ljava/lang/String; 2 2 org/objectweb/asm/ClassReader readUnsignedShort (I)I 1 1553 org/objectweb/asm/ClassReader readUnsignedShort (I)I 1 1574 org/objectweb/asm/ClassReader readUTF8 (I[C)Ljava/lang/String; 2 2 org/objectweb/asm/ClassReader readUnsignedShort (I)I 1 1584 org/objectweb/asm/ClassReader readInt (I)I 1 1597 java/lang/String equals (Ljava/lang/Object;)Z 1 1623 org/objectweb/asm/ClassReader readUnsignedShort (I)I 1 1642 org/objectweb/asm/ClassReader readUnsignedShort (I)I 1 1652 org/objectweb/asm/ClassReader createDebugLabel (I[Lorg/objectweb/asm/Label;)V 2 9 org/objectweb/asm/ClassReader readLabel (I[Lorg/objectweb/asm/Label;)Lorg/objectweb/asm/Label; 3 12 org/objectweb/asm/Label <init> ()V 4 1 java/lang/Object <init> ()V 1 1660 org/objectweb/asm/ClassReader readUnsignedShort (I)I 1 1673 org/objectweb/asm/ClassReader createDebugLabel (I[Lorg/objectweb/asm/Label;)V 2 9 org/objectweb/asm/ClassReader readLabel (I[Lorg/objectweb/asm/Label;)Lorg/objectweb/asm/Label; 3 12 org/objectweb/asm/Label <init> ()V 4 1 java/lang/Object <init> ()V 1 1690 java/lang/String equals (Ljava/lang/Object;)Z 1 1708 java/lang/String equals (Ljava/lang/Object;)Z 1 1730 org/objectweb/asm/ClassReader readUnsignedShort (I)I 1 1749 org/objectweb/asm/ClassReader readUnsignedShort (I)I 1 1759 org/objectweb/asm/ClassReader readUnsignedShort (I)I 1 1772 org/objectweb/asm/ClassReader createDebugLabel (I[Lorg/objectweb/asm/Label;)V 2 9 org/objectweb/asm/ClassReader readLabel (I[Lorg/objectweb/asm/Label;)Lorg/objectweb/asm/Label; 3 12 org/objectweb/asm/Label <init> ()V 4 1 java/lang/Object <init> ()V 1 1782 org/objectweb/asm/Label addLineNumber (I)V 1 1796 java/lang/String equals (Ljava/lang/Object;)Z 1 1821 java/lang/String equals (Ljava/lang/Object;)Z 1 1846 java/lang/String equals (Ljava/lang/Object;)Z 1 2061 org/objectweb/asm/ClassReader readUnsignedShort (I)I 1 2101 org/objectweb/asm/ClassReader createLabel (I[Lorg/objectweb/asm/Label;)Lorg/objectweb/asm/Label; 2 3 org/objectweb/asm/ClassReader readLabel (I[Lorg/objectweb/asm/Label;)Lorg/objectweb/asm/Label; 3 12 org/objectweb/asm/Label <init> ()V 4 1 java/lang/Object <init> ()V 1 2144 org/objectweb/asm/ClassReader getTypeAnnotationBytecodeOffset ([II)I 1 2156 org/objectweb/asm/ClassReader getTypeAnnotationBytecodeOffset ([II)I 1 2204 org/objectweb/asm/ClassReader readBytecodeInstructionOffset (I)V 1 2236 org/objectweb/asm/Label accept (Lorg/objectweb/asm/MethodVisitor;Z)V 2 2 org/objectweb/asm/tree/MethodNode visitLabel (Lorg/objectweb/asm/Label;)V 3 6 org/objectweb/asm/tree/MethodNode getLabelNode (Lorg/objectweb/asm/Label;)Lorg/objectweb/asm/tree/LabelNode; 4 15 org/objectweb/asm/tree/LabelNode <init> ()V 5 2 org/objectweb/asm/tree/AbstractInsnNode <init> (I)V 6 1 java/lang/Object <init> ()V 3 9 org/objectweb/asm/tree/InsnList add (Lorg/objectweb/asm/tree/AbstractInsnNode;)V 2 29 org/objectweb/asm/tree/MethodNode visitLineNumber (ILorg/objectweb/asm/Label;)V 3 11 org/objectweb/asm/tree/MethodNode getLabelNode (Lorg/objectweb/asm/Label;)Lorg/objectweb/asm/tree/LabelNode; 4 15 org/objectweb/asm/tree/LabelNode <init> ()V 5 2 org/objectweb/asm/tree/AbstractInsnNode <init> (I)V 6 1 java/lang/Object <init> ()V 3 14 org/objectweb/asm/tree/LineNumberNode <init> (ILorg/objectweb/asm/tree/LabelNode;)V 4 2 org/objectweb/asm/tree/AbstractInsnNode <init> (I)V 5 1 java/lang/Object <init> ()V 3 17 org/objectweb/asm/tree/InsnList add (Lorg/objectweb/asm/tree/AbstractInsnNode;)V 1 2324 org/objectweb/asm/tree/MethodNode visitFrame (II[Ljava/lang/Object;I[Ljava/lang/Object;)V 2 40 org/objectweb/asm/tree/FrameNode <init> (II[Ljava/lang/Object;I[Ljava/lang/Object;)V 3 2 org/objectweb/asm/tree/AbstractInsnNode <init> (I)V 4 1 java/lang/Object <init> ()V 3 101 org/objectweb/asm/tree/Util asArrayList (I[Ljava/lang/Object;)Ljava/util/List; 4 5 java/util/ArrayList <init> (I)V 5 1 java/util/AbstractList <init> ()V 6 1 java/util/AbstractCollection <init> ()V 7 1 java/lang/Object <init> ()V 3 74 org/objectweb/asm/tree/Util asArrayList (I[Ljava/lang/Object;)Ljava/util/List; 4 5 java/util/ArrayList <init> (I)V 5 1 java/util/AbstractList <init> ()V 6 1 java/util/AbstractCollection <init> ()V 7 1 java/lang/Object <init> ()V
